DEPARTMENT NAME,CATEGORY NAME,SUBCATEGORY NAME,ITEM NAME,SKU,UNIT NAME,ALERT QTY,BRAND NAME,PRICE BEFORE TAX,PRICE AFTER TAX,TAX NAME,TAX VALUE,TAX TYPE,SALES PRICE,OPENING STOCK,CUSTOM BARCODE,ITEM DESCIPTION,DISCOUNT TYPE,DISCOUNT
Computers,Used,Laptop,Chromebook HP 180° 32GB/2GB 11 Inch,,PIECES,,HP,65,65,No,0,Inclusive,150,2,,,,
Computers,Used,Laptop,Chromebook HP 180° 32GB/4GB Touch,,PIECES,,HP,130,130,No,0,Inclusive,300,1,,,,
Computers,Used,Laptop,HP i5 Gen 4 512GB SSD / 8GB RAM 15.6,,PIECES,,HP,300,300,No,0,Inclusive,500,2,,,,
Computers,Used,Laptop,"HP EliteBook i5 Gen4 13"" FPR Touch",,PIECES,,HP,300,300,No,0,Inclusive,500,1,,,,
Computers,Used,Laptop,Lenovo Chromebook 180° 32GB/2GB,,PIECES,,Lenovo,65,65,No,0,Inclusive,150,3,,,,
Computers,Used,Laptop,Lenovo 360° Touch 32GB/2GB USB Type-C,,PIECES,,Lenovo,110,110,No,0,Inclusive,220,3,,,,
Computers,Used,Laptop,Lenovo G50 i3 Gen 4 512GB SSD / 6GB RAM,,PIECES,,Lenovo,80,80,No,0,Inclusive,500,1,,,,
Computers,Used,Laptop,Lenovo G40 i5 Gen 5 256GB SSD / 12GB RAM,,PIECES,,Lenovo,300,300,No,0,Inclusive,500,1,,,,
Computers,Used,Laptop,Dell Chromebook 360° Touch,,PIECES,,Dell,110,110,No,0,Inclusive,220,1,,,,
Computers,Used,Laptop,Acer Chromebook 360° Touch,,PIECES,,Acer,110,110,No,0,Inclusive,220,1,,,,
Computers,Used,Laptop,Acer i3 Gen 10 1TB HDD / 4GB RAM 15.6,,PIECES,,Acer,150,150,No,0,Inclusive,700,1,,,,
Computers,New,Laptop,Apple Air Core i5 256GB SSD / 8GB RAM,,PIECES,,Apple,600,600,No,0,Inclusive,1100,1,,,,
Computers,New,Battery,HP BK03XL Laptop Battery (MFD: 05/2024),,PIECES,,HP,40,40, VAT,5,Inclusive,150,1,,,,
Computers,New,Battery,Samsung R540 Battery 11.1V 4400mAh,,PIECES,,Samsung,40,40, VAT,5,Inclusive,150,1,,,,
Computers,New,Battery,Dell E6400 Battery 10.8V 4400mAh Gray,,PIECES,,Laptop Battery,40,40, VAT,5,Inclusive,150,1,,,,
Computers,New,Battery,Dell 4310 Battery 11.1V 4400mAh Black,,PIECES,,Laptop Battery,40,40, VAT,5,Inclusive,150,1,,,,
Computers,New,Charger AC,Sony Laptop Charger 2A Small Pin,,PIECES,,Sony,10,10, VAT,5,Inclusive,60,1,,,,
Computers,New,Charger AC,Chicony A18-045N1A Laptop Charger,,PIECES,,Chicony,10,10, VAT,5,Inclusive,60,1,,,,
Computers,New,Charger AC,AC Adapter 19V 3.42A 65W (100-240V),,PIECES,,Unknown,10,10, VAT,5,Inclusive,60,1,,,,
Computers,New,Charger AC,AC Adapter ADP-0933 40W 19V,,PIECES,,Unknown,10,10, VAT,5,Inclusive,60,1,,,,
Computers,New,Charger AC,Eclone Savers AC Adapter 5300563303,,PIECES,,Eclone Saver,10,10, VAT,5,Inclusive,60,1,,,,
Computers,New,Charger AC,Delta ADP-45FE F Laptop Charger,,PIECES,,Delta,10,10, VAT,5,Inclusive,60,1,,,,
Computers,New,Charger AC,GGC Laptop Chg 19.5V 3.33A,,PIECES,,GGC,10,10, VAT,5,Inclusive,60,1,,,,
Computers,New,Charger AC,Samsung / ASUS Laptop Charger 12V 3.3A,,PIECES,,ASUS,10,10, VAT,5,Inclusive,60,1,,,,
Computers,New,Charger AC,LG & HP Laptop Charger 19V 1.6A (1.7mm),,PIECES,,HP,10,10, VAT,5,Inclusive,60,1,,,,
Computers,New,Charger AC,GGC Laptop Charger 19V 3.42A (3.0×1.1mm),,PIECES,,GGC,10,10, VAT,5,Inclusive,60,1,,,,
Computers,New,Charger AC,AC Adapter 65W Laptop Charger,,PIECES,,Unknown,10,10, VAT,5,Inclusive,60,1,,,,
Computers,New,Charger AC,AC Adapter 19.5V 3.9A (6.6×4.4mm),,PIECES,,Unknown,10,10, VAT,5,Inclusive,60,1,,,,
Computers,New,Charger AC,GGC Laptop Chg 19V 4.74A,,PIECES,,GGC,10,10, VAT,5,Inclusive,60,1,,,,
Computers,New,Charger AC,PowerGo Laptop Chg 19.5V 3.9A,,PIECES,,PowerGo,10,10, VAT,5,Inclusive,60,1,,,,
Computers,New,Charger AC,GGC Lenovo Laptop Chg 20V 3.25A,,PIECES,,GGC,10,10, VAT,5,Inclusive,60,1,,,,
Computers,New,Charger AC,Acer / ASUS / Laptop Chg 12V 1.5A,,PIECES,,Unknown,10,10, VAT,5,Inclusive,60,1,,,,
Computers,New,Charger AC,AC Adapter Charger,,PIECES,,Unknown,10,10, VAT,5,Inclusive,60,2,,,,
Computers,New,Charger AC,GGC AC Charger 19V 2.37A (3.0×1.1mm),,PIECES,,GGC,10,10, VAT,5,Inclusive,60,1,,,,
Computers,New,Charger AC,LG Laptop Charger 20V 3.25A (7.9×5.5mm),,PIECES,,LG,10,10, VAT,5,Inclusive,60,1,,,,
Computers,New,Charger AC,LV Laptop Chg 20V 3.25A,,PIECES,,LV,10,10, VAT,5,Inclusive,60,1,,,,
Computers,New,Charger AC,Samsung Laptop Chg 19.7V 4.74A,,PIECES,,Samsung,10,10, VAT,5,Inclusive,60,1,,,,
Computers,New,Charger AC,GGC AC Charger 12V 1.5A (3.0×1.1mm),,PIECES,,GGC,10,10, VAT,5,Inclusive,60,1,,,,
Computers,New,Charger AC,Samsung / ASUS Laptop Chg,,PIECES,,Samsung / ASUS,10,10, VAT,5,Inclusive,60,1,,,,
Computers,New,Charger AC,GGC AC Charger 19V 2.37A (3.0×1.1mm),,PIECES,,GGC,10,10, VAT,5,Inclusive,60,1,,,,
Computers,New,Charger AC,HP Laptop Charger 19V 4.74A,,PIECES,,HP,10,10, VAT,5,Inclusive,60,1,,,,
Computers,New,Charger AC,Apple Laptop Charger,,PIECES,,Apple,10,10, VAT,5,Inclusive,100,1,,,,
Computers,New,Charger AC,Lenovo Laptop Charger (ADLX65NCC3A),,PIECES,,Lenovo,10,10, VAT,5,Inclusive,60,1,,,,
Computers,New,Charger AC,Lenovo Laptop Charger (ADX45DLC2A),,PIECES,,Lenovo,10,10, VAT,5,Inclusive,60,1,,,,
Computers,New,Charger AC,Lenovo Laptop Charger (ADLX65YLC3A),,PIECES,,Lenovo,10,10, VAT,5,Inclusive,60,1,,,,
Computers,New,Charger AC,Lenovo Laptop Charger (ADLX65YLC3A),,PIECES,,Lenovo,10,10, VAT,5,Inclusive,60,1,,,,
Computers,New,Charger AC,ASUS Laptop Charger (AD2088M20),,PIECES,,ASUS,10,10, VAT,5,Inclusive,60,1,,,,
Computers,New,Charger AC,Dell Laptop Charger (LA65NS2-01),,PIECES,,Dell,10,10, VAT,5,Inclusive,60,2,,,,
Computers,New,Charger AC,Dell Laptop Charger (LA45NM140),,PIECES,,Dell,10,10, VAT,5,Inclusive,60,1,,,,
Computers,New,Charger AC,Dell Laptop Charger (LA90PM111),,PIECES,,Dell,10,10, VAT,5,Inclusive,60,1,,,,
Computers,New,Charger AC,Dell Laptop Charger (FA90PE0-00),,PIECES,,Dell,10,10, VAT,5,Inclusive,60,1,,,,
Computers,New,Charger AC,Dell Laptop Charger (ADP-300NHB),,PIECES,,Dell,10,10, VAT,5,Inclusive,60,1,,,,
Computers,New,Charger AC,HP Laptop Charger (PPP014L-SA),,PIECES,,HP,10,10, VAT,5,Inclusive,60,1,,,,
Computers,New,Charger AC,HP Laptop Charger (PPP009L-E),,PIECES,,HP,10,10, VAT,5,Inclusive,60,1,,,,
Computers,New,Charger AC,HP Laptop Charger (TPC-DA54),,PIECES,,HP,10,10, VAT,5,Inclusive,60,1,,,,
Computers,New,Charger AC,HP Laptop Charger (PPP009C),,PIECES,,HP,10,10, VAT,5,Inclusive,60,2,,,,
Computers,New,Charger AC,HP Laptop Charger (TPC-LA58),,PIECES,,HP,10,10, VAT,5,Inclusive,60,1,,,,
Computers,New,Charger AC,HP Laptop Charger (PPP009H),,PIECES,,HP,10,10, VAT,5,Inclusive,60,1,,,,
Computers,New,Charger AC,Laptop Safety Charger,,PIECES,,Unknown,10,10, VAT,5,Inclusive,25,24,,,,
Computers,New,Charger AC,PC Safety Charger,,PIECES,,Unknown,10,10, VAT,5,Inclusive,25,9,,,,
Mobiles,New,Charger AC,Original iOS Charger,,PIECES,,Apple,10,10, VAT,5,Inclusive,35,1,,,,
Computers,New,Cable,CAT6 Ethernet Cable (1m),,PIECES,,Haing,3,3, VAT,5,Inclusive,10,3,,,,
Computers,New,Cable,CAT6 Ethernet Cable (2m),,PIECES,,Haing,3,3, VAT,5,Inclusive,10,2,,,,
Computers,New,Cable,CAT6 Ethernet Cable (3m),,PIECES,,Haing,3,3, VAT,5,Inclusive,10,2,,,,
Computers,New,Cable,CAT6 Ethernet Cable (3m),,PIECES,,High Quality,5,5, VAT,5,Inclusive,10,1,,,,
Computers,New,Cable,CAT6 Ethernet Cable (5m),,PIECES,,High Quality,3,3, VAT,5,Inclusive,15,1,,,,
Computers,New,Cable,CAT6 Ethernet Cable (5m),,PIECES,,Haing,5,5, VAT,5,Inclusive,15,2,,,,
Computers,New,Cable,CAT6 Ethernet Cable (5m),,PIECES,,Deluxe,5,5, VAT,5,Inclusive,15,1,,,,
Computers,New,Cable,CAT6 Ethernet Cable (10m),,PIECES,,Haing,8,8, VAT,5,Inclusive,20,1,,,,
Computers,New,Cable,CAT6 Ethernet Cable (15m),,PIECES,,High Quality,8,8, VAT,5,Inclusive,25,1,,,,
Computers,New,Cable,CAT6 Ethernet Cable (15m),,PIECES,,Haing,8,8, VAT,5,Inclusive,25,1,,,,
Computers,New,Cable,CAT6 Ethernet Cable (15m),,PIECES,,ETW,10,10, VAT,5,Inclusive,25,1,,,,
Computers,New,Cable,CAT6 Ethernet Cable (10m),,PIECES,,Haing,7,7, VAT,5,Inclusive,20,1,,,,
Computers,New,Cable,CAT6 Ethernet Cable (20m),,PIECES,,Haing,10,10, VAT,5,Inclusive,40,1,,,,
Computers,New,Cable,CAT6 Ethernet Cable (25m),,PIECES,,ORCRX-Link,13,13, VAT,5,Inclusive,50,1,,,,
Computers,New,Cable,CAT6 Ethernet Cable (30m),,PIECES,,Haing,17,17, VAT,5,Inclusive,50,1,,,,
Computers,New,Cable,CAT6 Ethernet Cable (40m),,PIECES,,ORCRX-Link,18,18, VAT,5,Inclusive,60,1,,,,
Computers,New,Cable,CAT6 Ethernet Cable (50m),,PIECES,,High Quality,19,19, VAT,5,Inclusive,65,1,,,,
Computers,New,Cable,HDMI Cable 4K (3m),,PIECES,,High Quality,15,15, VAT,5,Inclusive,40,2,,,,
Computers,New,Cable Connector,HDMI Extension Cable,,PIECES,,Fujishka,5,5, VAT,5,Inclusive,20,2,,,,
Computers,New,Cable Connector,USB 2.0 to SATA Adapter,,PIECES,,Fujishka,15,15, VAT,5,Inclusive,35,1,,,,
Computers,New,Cable Connector,USB 3.0 to SATA Adapter,,PIECES,,Fujishka,11,11, VAT,5,Inclusive,30,1,,,,
Computers,New,Cable Connector,Mini DisplayPort to HDMI Adapter,,PIECES,,Fujishka,11,11, VAT,5,Inclusive,30,3,,,,
Computers,New,Cable Connector,HDMI to VGA Adapter,,PIECES,,Fujishka,7,7, VAT,5,Inclusive,25,1,,,,
Computers,New,Cable Connector,HDMI Extension Cable,,PIECES,,Fujishka,6,6, VAT,5,Inclusive,25,2,,,,
Computers,New,Cable Connector,Mini DisplayPort to HDMI Cable,,PIECES,,HDMI,10,10, VAT,5,Inclusive,25,2,,,,
Computers,New,Cable Connector,DisplayPort to HDMI Adapter,,PIECES,,HDMI,7,7, VAT,5,Inclusive,25,2,,,,
Computers,New,Cable Connector,Mini DisplayPort Adapter,,PIECES,,Unknown,5,5, VAT,5,Inclusive,20,2,,,,
Computers,New,Cable Connector,HDMI Cable (1.5m),,PIECES,,Haing,3,3, VAT,5,Inclusive,20,1,,,,
Computers,New,Cable Connector,VGA to HDMI Adapter,,PIECES,,Fujishka,13,13, VAT,5,Inclusive,35,1,,,,
Computers,New,Cable Connector,CCTV Video Converter,,PIECES,,Combinable,6,6, VAT,5,Inclusive,20,2,,,,
Computers,New,Cable Connector,HDMI Cable 4K (3m),,PIECES,,Godes,14,14, VAT,5,Inclusive,50,1,,,,
Computers,New,Cable Connector,HDMI Cable 4K (3m),,PIECES,,Alkin,9,9, VAT,5,Inclusive,50,1,,,,
Computers,New,HUB,USB Type-C 4-Port Hub,,PIECES,,Energizer,25,25, VAT,5,Inclusive,40,6,,,,
Computers,New,HUB,USB Hub,,PIECES,,Energizer,25,25, VAT,5,Inclusive,40,6,,,,
Computers,New,Adapter,Wi-Fi USB Adapter,,PIECES,,Haing,17,17, VAT,5,Inclusive,40,2,,,,
Computers,New,Adapter,Wi-Fi 6 + Bluetooth 5.3 USB Adapter,,PIECES,,Haysenser,23,23, VAT,5,Inclusive,50,1,,,,
Computers,New,Adapter,N300 Nano Wi-Fi USB Adapter,,PIECES,,N300 Nano,8,8, VAT,5,Inclusive,30,1,,,,
Computers,New,Tools,Network Crimping Tool,,PIECES,,R'Deeir,15,15, VAT,5,Inclusive,40,1,,,,
Computers,New,Tools,EZ RJ45 Crimping Tool,,PIECES,,EZ Crimping Tool,20,20, VAT,5,Inclusive,50,1,,,,
Computers,New,Adapter,Power Adapter ltd.unit 3047,,PIECES,,Xiamen,10,10, VAT,5,Inclusive,30,2,,,,
Computers,New,Adapter,Power Adapter v080025a22,,PIECES,,BBK,10,10, VAT,5,Inclusive,30,1,,,,
Computers,New,Adapter,Universal Switching Power Adapter,,PIECES,,Switching Power Adapter,11,11, VAT,5,Inclusive,50,1,,,,
Computers,New,Extension,USB Power Extension OS-U02/4USB/2.4A,,PIECES,,OneSam,13,13, VAT,5,Inclusive,40,1,,,,
Computers,New,Extension,Power Extension Board,,PIECES,,Marvers,30,30, VAT,5,Inclusive,70,1,,,,
Computers,New,Storage,1TB Hard Disk Drive MS-TC219,,PIECES,,Seagate,165,165, VAT,5,Inclusive,230,1,,,,
Computers,New,Ethernet,USB Type-C to LAN Ethernet Adapter,,PIECES,,Haing,35,35, VAT,5,Inclusive,70,3,,,,
Computers,New,Ethernet,M.2 SSD Enclosure,,PIECES,,Haing,36,36, VAT,5,Inclusive,100,1,,,,
Computers,New,Ethernet,"2.5"" SATA HDD/SSD Enclosure",,PIECES,,Honeybee,11,11, VAT,5,Inclusive,40,1,,,,
Computers,New,Accessories,M4 LED Mouse,,PIECES,,Tavole,13,13, VAT,5,Inclusive,40,1,,,,
Computers,New,Accessories,M-045 Optical Mouse,,PIECES,,Unknown,3,3, VAT,5,Inclusive,15,2,,,,
Computers,New,Accessories,HI-M13 USB Mouse,,PIECES,,Haing,9,9, VAT,5,Inclusive,40,3,,,,
Computers,New,Accessories,Wireless Mouse,,PIECES,,Unknown,8,8, VAT,5,Inclusive,40,4,,,,
Computers,New,Accessories,BTKOO1 Bluetooth Speaker,,PIECES,,Meetion,40,40, VAT,5,Inclusive,100,1,,,,
Computers,New,Accessories,Wireless Keyboard,,PIECES,,Unknown,23,23, VAT,5,Inclusive,80,1,,,,
Computers,New,Accessories,BK3001 Bluetooth Speaker,,PIECES,,Seeken,40,40, VAT,5,Inclusive,80,1,,,,
Computers,New,Accessories,MK270 Wireless Keyboard & Mouse Combo,,PIECES,,Logitech,65,65, VAT,5,Inclusive,165,1,,,,
Computers,New,Accessories,MK235 Wireless Keyboard & Mouse Combo,,PIECES,,Logitech,60,60, VAT,5,Inclusive,160,1,,,,
Computers,New,Accessories,MK220 Wireless Keyboard & Mouse Combo,,PIECES,,Logitech,55,55, VAT,5,Inclusive,155,1,,,,
Computers,New,Accessories,Bluetooth Speaker CO1417MT082500885,,PIECES,,Meetion,35,35, VAT,5,Inclusive,120,1,,,,
Computers,New,Accessories,Bluetooth Speaker HI-K12,,PIECES,,Haing,10,10, VAT,5,Inclusive,40,2,,,,
Computers,New,Accessories,Bluetooth Speaker JK-1905,,PIECES,,Jeqang,17,17, VAT,5,Inclusive,60,1,,,,
Computers,New,Accessories,Mouse Pad G-01,,PIECES,,Unknown,5,5, VAT,5,Inclusive,20,2,,,,
Computers,New,Accessories,Mouse Pad X-2,,PIECES,,WINMobiles,2,2, VAT,5,Inclusive,20,2,,,,
Computers,New,Accessories,Mouse Pad Q-9,,PIECES,,Unknown,11,11, VAT,5,Inclusive,40,2,,,,
Computers,New,Accessories,Laptop Cooling Pad N18,,PIECES,,Haing,22,22, VAT,5,Inclusive,70,1,,,,
Computers,New,Accessories,Web Camera,,PIECES,,Haysenser,30,30, VAT,5,Inclusive,90,1,,,,
Computers,New,Accessories,HDMI Splitter,,PIECES,,HDTV,28,28, VAT,5,Inclusive,90,1,,,,
Computers,New,Accessories,HDMI 4K Splitter,,PIECES,,HDTV,45,45, VAT,5,Inclusive,150,1,,,,
Computers,New,Accessories,Digital Weighing Scale CORE1S,,PIECES,,Renpho,60,60, VAT,5,Inclusive,150,1,,,,
Computers,New,Accessories,Laptop Bag,,PIECES,,Haing,12,12, VAT,5,Inclusive,40,4,,,,
Computers,New,Accessories,Wi-Fi Security Camera,,PIECES,,Oale,45,45, VAT,5,Inclusive,140,1,,,,
Computers,New,Accessories,Wi-Fi Security Camera E27MAX,,PIECES,,Calus,40,40, VAT,5,Inclusive,120,1,,,,
Computers,New,Accessories,Security Camera VIGI C340,,PIECES,,VIGI,220,220, VAT,5,Inclusive,350,11,,,,
Computers,New,Accessories,Security Camera VIGI C440-W,,PIECES,,VIGI,180,180, VAT,5,Inclusive,330,8,,,,
Computers,New,Accessories,Network Video Recorder (NVR),,PIECES,,VIGI,250,250, VAT,5,Inclusive,400,3,,,,
Computers,New,Accessories,Wi-Fi Router ARCHER20,,PIECES,,TP-Link,60,60, VAT,5,Inclusive,130,2,,,,
Computers,New,Accessories,Wi-Fi Router ARCHER C50,,PIECES,,TP-Link,95,95, VAT,5,Inclusive,220,1,,,,
Computers,New,Accessories,Wi-Fi Range Extender RE200,,PIECES,,TP-Link,78,78, VAT,5,Inclusive,180,1,,,,
Computers,New,Accessories,Wi-Fi Range Extender RE 450,,PIECES,,TP-Link,150,150, VAT,5,Inclusive,300,1,,,,
Computers,New,Accessories,4G LTE Wi-Fi Router,,PIECES,,TP-Link,130,130, VAT,5,Inclusive,250,1,,,,
Computers,New,Accessories,Wi-Fi Router ARCHER C54,,PIECES,,TP-Link,90,90, VAT,5,Inclusive,200,2,,,,
Computers,New,Accessories,Wi-Fi 6 Router,,PIECES,,TP-Link,20,20, VAT,5,Inclusive,70,1,,,,
Computers,New,Accessories,Bluetooth Speaker JQS9405,,PIECES,,Singe,105,105, VAT,5,Inclusive,250,1,,,,
Computers,New,Accessories,Wireless Charging Speaker BT-3401,,PIECES,,Unknown,25,25, VAT,5,Inclusive,75,2,,,,
Computers,New,Accessories,Bluetooth Speaker DG-1221,,PIECES,,Digivolt,165,165, VAT,5,Inclusive,300,1,,,,
Computers,New,Accessories,TWS Bluetooth Speaker DG\_1233,,PIECES,,TWS,130,130, VAT,5,Inclusive,270,1,,,,
Computers,New,Accessories,Bluetooth Speaker SF0335,,PIECES,,SAAFO,32,32, VAT,5,Inclusive,75,2,,,,
Computers,New,Accessories,Wireless Karaoke Speaker U19,,PIECES,,Wireless Karaoke Speaker,20,20, VAT,5,Inclusive,60,1,,,,
Computers,New,Accessories,Bluetooth Speaker GTS-2307,,PIECES,,Greatnice,20,20, VAT,5,Inclusive,60,1,,,,
Computers,New,Accessories,Portable Bluetooth Speaker GO2,,PIECES,,JBL,15,15, VAT,5,Inclusive,50,1,,,,
Computers,New,Accessories,Bluetooth Speaker SBR-XX1,,PIECES,,Sound Breeze,150,150, VAT,5,Inclusive,300,1,,,,
Computers,New,Accessories,Bluetooth Speaker SBR-TU1,,PIECES,,Sound Breeze,125,125, VAT,5,Inclusive,250,1,,,,
Computers,New,Accessories,Bluetooth Speaker CQS-S668,,PIECES,,Singe,85,85, VAT,5,Inclusive,210,1,,,,
Watches,New,Casual Watch,Patrol Casual Watch - Silver,,PIECES,,Patrol,100,100, VAT,5,Inclusive,250,12,,,,
Watches,New,Casual Watch,Patrol Casual Watch - Black,,PIECES,,Patrol,100,100, VAT,5,Inclusive,250,4,,,,
Watches,New,Casual Watch,Patrol Casual Watch - Blue,,PIECES,,Patrol,100,100, VAT,5,Inclusive,250,1,,,,
Watches,New,Casual Watch,Patrol Automatic Watch - Gold,,PIECES,,Patrol,120,120, VAT,5,Inclusive,350,3,,,,
Watches,New,Casual Watch,Patrol Automatic Watch - Gold & Silver,,PIECES,,Patrol,120,120, VAT,5,Inclusive,350,1,,,,
Watches,New,Casual Watch,Smaker Women's Watch - Blue Metal,,PIECES,,Smaker,45,45, VAT,5,Inclusive,120,2,,,,
Watches,New,Casual Watch,Smaker Women's Watch - Black Metal,,PIECES,,Smaker,45,45, VAT,5,Inclusive,120,2,,,,
Watches,New,Casual Watch,Smaker Women's Watch - Gold Metal,,PIECES,,Smaker,45,45, VAT,5,Inclusive,120,6,,,,
Watches,New,Casual Watch,Smaker Women's Watch - Silver Metal,,PIECES,,Smaker,45,45, VAT,5,Inclusive,120,2,,,,
Watches,New,Casual Watch,Smaker Women's Watch - Gray Metal,,PIECES,,Smaker,45,45, VAT,5,Inclusive,120,1,,,,
Watches,New,Casual Watch,Smaker Men's Watch - Silver Metal,,PIECES,,Smaker,45,45, VAT,5,Inclusive,120,5,,,,
Watches,New,Casual Watch,Smaker Men's Watch - Mixed Metal,,PIECES,,Smaker,45,45, VAT,5,Inclusive,120,5,,,,
Watches,New,Casual Watch,Smaker Men's Watch - Gold Metal,,PIECES,,Smaker,45,45, VAT,5,Inclusive,120,3,,,,
Watches,New,Casual Watch,Smaker Men's Watch - Chocolate Metal,,PIECES,,Smaker,45,45, VAT,5,Inclusive,120,1,,,,
Watches,New,Casual Watch,Smaker Men's Watch - Blue Metal,,PIECES,,Smaker,45,45, VAT,5,Inclusive,120,3,,,,
Watches,New,Casual Watch,Smaker Men's Watch - Blue Leather,,PIECES,,Smaker,45,45, VAT,5,Inclusive,120,1,,,,
Watches,New,Casual Watch,Smaker Men's Watch - Gray Leather,,PIECES,,Smaker,45,45, VAT,5,Inclusive,120,2,,,,
Watches,New,Casual Watch,Patrol Men's Watch - Silver Metal,,PIECES,,Patrol,45,45, VAT,5,Inclusive,120,2,,,,
Watches,New,Casual Watch,Patrol Men's Watch - Black Metal,,PIECES,,Patrol,45,45, VAT,5,Inclusive,120,1,,,,
Watches,New,Casual Watch,Patrol Men's LCD Watch - Mixed Metal,,PIECES,,Patrol,65,65, VAT,5,Inclusive,150,4,,,,
Watches,New,Casual Watch,Patrol Men's LCD Watch - Silver Metal,,PIECES,,Patrol,65,65, VAT,5,Inclusive,150,9,,,,
Watches,New,Casual Watch,Patrol Men's LCD Watch - Leather,,PIECES,,Patrol,65,65, VAT,5,Inclusive,150,1,,,,
Watches,New,Casual Watch,Patrol Men's LCD Watch - Black Leather,,PIECES,,Patrol,65,65, VAT,5,Inclusive,150,2,,,,
Watches,New,Casual Watch,Patrol Men's LCD Watch - Blue Leather,,PIECES,,Patrol,65,65, VAT,5,Inclusive,150,1,,,,
Watches,New,Casual Watch,Signetune Women's Watch - Gold Metal,,PIECES,,Signetune,45,45, VAT,5,Inclusive,120,1,,,,
Watches,New,Casual Watch,Signetune Women's Watch - Mixed Metal,,PIECES,,Signetune,45,45, VAT,5,Inclusive,120,1,,,,
Watches,New,Casual Watch,Signetune Men's Watch - Gold Metal,,PIECES,,Signetune,45,45, VAT,5,Inclusive,120,1,,,,
Watches,New,Casual Watch,Banbony Men's Watch - Mixed Metal,,PIECES,,Banbony,60,60, VAT,5,Inclusive,150,2,,,,
Watches,New,Casual Watch,Naviforce Men's Watch - Mixed Metal,,PIECES,,Naviforce,45,45, VAT,5,Inclusive,120,2,,,,
Watches,New,Casual Watch,Naviforce Men's Watch - Black Metal,,PIECES,,Naviforce,45,45, VAT,5,Inclusive,120,1,,,,
Watches,New,Casual Watch,Va Va Voom Men's Watch - Mixed Metal,,PIECES,,Va Va Voom,45,45, VAT,5,Inclusive,120,1,,,,
Watches,New,Casual Watch,Poedagar Men's Watch - Mixed Metal,,PIECES,,Poedagar,45,45, VAT,5,Inclusive,120,1,,,,
Watches,New,Casual Watch,Dianpai Men's Watch - Mixed Metal,,PIECES,,Dianpai,45,45, VAT,5,Inclusive,120,1,,,,
Watches,New,Casual Watch,Smaker Men's Watch - Black Metal,,PIECES,,Smaker,45,45, VAT,5,Inclusive,120,2,,,,
Watches,New,Casual Watch,Smaker Men's Watch - Silver Metal,,PIECES,,Smaker,45,45, VAT,5,Inclusive,120,1,,,,
Watches,New,Casual Watch,Smaker Men's Watch - Mixed Metal,,PIECES,,Smaker,45,45, VAT,5,Inclusive,120,1,,,,
Watches,New,Casual Watch,Smaker Men's Watch - Blue Metal,,PIECES,,Smaker,45,45, VAT,5,Inclusive,120,1,,,,
Watches,New,Casual Watch,Jinju Women's Watch - Sky Blue Silicone,,PIECES,,Jinju,20,20, VAT,5,Inclusive,120,2,,,,
Watches,New,Casual Watch,Jinju Women's Watch - Gray Silicone,,PIECES,,Jinju,20,20, VAT,5,Inclusive,120,1,,,,
Watches,New,Casual Watch,Jinju Women's Watch - Red Leather,,PIECES,,Jinju,20,20, VAT,5,Inclusive,120,2,,,,
Watches,New,Casual Watch,Jinju Women's Watch - White Silicone,,PIECES,,Jinju,20,20, VAT,5,Inclusive,120,1,,,,
Watches,New,Casual Watch,Sakuia Women's Watch - Red Leather,,PIECES,,Sakuia,20,20, VAT,5,Inclusive,120,2,,,,
Watches,New,Casual Watch,Sakuia Women's Watch - Sky Blue Leather,,PIECES,,Sakuia,20,20, VAT,5,Inclusive,120,1,,,,
Watches,New,Casual Watch,Sakuia Women's Watch - Sky Blue Silicone,,PIECES,,Sakuia,20,20, VAT,5,Inclusive,120,1,,,,
Watches,New,Casual Watch,Gucci Women's Watch - Gold Metal,,PIECES,,Gucci,40,40, VAT,5,Inclusive,120,1,,,,
Watches,New,Casual Watch,Gucci Women's Watch - Mixed Metal,,PIECES,,Gucci,40,40, VAT,5,Inclusive,120,3,,,,
Watches,New,Casual Watch,Michael Kors Women's Watch - Gold Metal,,PIECES,,MK,40,40, VAT,5,Inclusive,120,2,,,,
Watches,New,Casual Watch,Eliyina Women's Watch - Gold Metal,,PIECES,,Eliyina,40,40, VAT,5,Inclusive,120,3,,,,
Watches,New,Casual Watch,Eliyina Women's Watch - Silver Metal,,PIECES,,Eliyina,40,40, VAT,5,Inclusive,120,1,,,,
Watches,New,Casual Watch,Cartier Women's Watch - Silver Metal,,PIECES,,Cartier,40,40, VAT,5,Inclusive,120,2,,,,
Watches,New,Casual Watch,Cartier Women's Watch - Gold Metal,,PIECES,,Cartier,40,40, VAT,5,Inclusive,120,1,,,,
Watches,New,Casual Watch,Swiss Made Women's Watch - Mixed Metal,,PIECES,,Swiss Made,40,40, VAT,5,Inclusive,120,3,,,,
Watches,New,Casual Watch,Feiwo Watch - Mixed Metal,,PIECES,,Feiwo,40,40, VAT,5,Inclusive,120,3,,,,
Watches,New,Casual Watch,Feiwo Watch - Black Metal,,PIECES,,Feiwo,40,40, VAT,5,Inclusive,120,3,,,,
Watches,New,Casual Watch,Feiwo Women's Watch - Gold Metal,,PIECES,,Feiwo,40,40, VAT,5,Inclusive,120,2,,,,
Watches,New,Casual Watch,Feiwo Women's Watch - Red Gold Metal,,PIECES,,Feiwo,40,40, VAT,5,Inclusive,120,1,,,,
Watches,New,Casual Watch,Goldlis Men's Watch - Black Metal,,PIECES,,Goldlis,40,40, VAT,5,Inclusive,120,14,,,,
Watches,New,Casual Watch,Goldlis Men's Watch - Mixed Metal,,PIECES,,Goldlis,40,40, VAT,5,Inclusive,120,7,,,,
Watches,New,Casual Watch,Goldlis Men's Watch - Gold Metal,,PIECES,,Goldlis,40,40, VAT,5,Inclusive,120,4,,,,
Watches,New,Casual Watch,Goldlis Men's Watch - Silver Metal,,PIECES,,Goldlis,40,40, VAT,5,Inclusive,120,9,,,,
Watches,New,Casual Watch,Goldlis Men's Watch - Green Metal,,PIECES,,Goldlis,40,40, VAT,5,Inclusive,120,1,,,,
Watches,New,Casual Watch,Goldlis Men's Watch - Chocolate Metal,,PIECES,,Goldlis,40,40, VAT,5,Inclusive,120,1,,,,
Watches,New,Casual Watch,Goldlis Men's Watch - Blue Metal,,PIECES,,Goldlis,40,40, VAT,5,Inclusive,120,1,,,,
Watches,New,Casual Watch,Ileway Men's Watch - Silver Metal,,PIECES,,Ileway,40,40, VAT,5,Inclusive,120,4,,,,
Watches,New,Casual Watch,Ileway Watch - Mixed Metal,,PIECES,,Ileway,40,40, VAT,5,Inclusive,120,3,,,,
Watches,New,Casual Watch,Ileway Watch - Black Metal,,PIECES,,Ileway,40,40, VAT,5,Inclusive,120,1,,,,
Watches,New,Casual Watch,Rado Watch - Silver Metal,,PIECES,,Rado,40,40, VAT,5,Inclusive,120,1,,,,
Watches,New,Casual Watch,Rado Watch - Black Metal,,PIECES,,Rado,40,40, VAT,5,Inclusive,120,1,,,,
Watches,New,Casual Watch,Rado Watch - Red Gold Metal,,PIECES,,Rado,40,40, VAT,5,Inclusive,120,1,,,,
Watches,New,Casual Watch,Audemars Piguet Watch - Gold Metal,,PIECES,,Audemars Piguet,40,40, VAT,5,Inclusive,120,3,,,,
Watches,New,Casual Watch,Audemars Piguet Watch - Mixed Metal,,PIECES,,Audemars Piguet,40,40, VAT,5,Inclusive,120,2,,,,
Watches,New,Casual Watch,Chanel Women's Watch - Gold Metal,,PIECES,,Chanel,40,40, VAT,5,Inclusive,120,1,,,,
Watches,New,Casual Watch,Michael Kors Women's Watch - Black Metal,,PIECES,,Michael Kors,40,40, VAT,5,Inclusive,120,1,,,,
Watches,New,Casual Watch,Lumex Women's Watch - Gold Metal,,PIECES,,Lumex,40,40, VAT,5,Inclusive,120,1,,,,
Watches,New,Casual Watch,Dior Women's Watch - Mixed Metal,,PIECES,,Dior,40,40, VAT,5,Inclusive,120,4,,,,
Watches,New,Casual Watch,Dior Women's Watch - Silver Metal,,PIECES,,Dior,40,40, VAT,5,Inclusive,120,3,,,,
Watches,New,Casual Watch,Awin Sport Men's Watch - Green Silicone,,PIECES,,Awin Sport,40,40, VAT,5,Inclusive,120,2,,,,
Watches,New,Casual Watch,Awin Sport Men's Watch - Gray Silicone,,PIECES,,Awin Sport,40,40, VAT,5,Inclusive,120,1,,,,
Watches,New,Casual Watch,Awin Sport Men's Watch - Black Silicone,,PIECES,,Awin Sport,40,40, VAT,5,Inclusive,120,5,,,,
Watches,New,Casual Watch,Kebino Men's Watch - Blue Leather,,PIECES,,Kebino,40,40, VAT,5,Inclusive,120,1,,,,
Watches,New,Casual Watch,Kebino Men's Watch - Gray Leather,,PIECES,,Kebino,40,40, VAT,5,Inclusive,120,1,,,,
Watches,New,Casual Watch,Kebino Men's Watch - Black Leather,,PIECES,,Kebino,40,40, VAT,5,Inclusive,120,1,,,,
Watches,New,Casual Watch,Zido Men's Watch - Mixed Metal,,PIECES,,Zido,40,40, VAT,5,Inclusive,120,1,,,,
Watches,New,Casual Watch,Zido Men's Watch - Mixed Metal,,PIECES,,Zido,40,40, VAT,5,Inclusive,120,1,,,,
Watches,New,Casual Watch,Ileway Watch - Mixed Silver,,PIECES,,Ileway,40,40, VAT,5,Inclusive,120,7,,,,
Watches,New,Casual Watch,Ileway Watch - Mixed Metal,,PIECES,,Ileway,40,40, VAT,5,Inclusive,120,2,,,,
Watches,New,Casual Watch,Ileway Watch - Black Metal,,PIECES,,Ileway,40,40, VAT,5,Inclusive,120,1,,,,
Watches,New,Casual Watch,Poedagar Watch - Mixed Metal,,PIECES,,Poedagar,40,40, VAT,5,Inclusive,120,1,,,,
Watches,New,Casual Watch,Rinbond Watch - Mixed Metal,,PIECES,,Rinbond,40,40, VAT,5,Inclusive,120,1,,,,
Watches,New,Casual Watch,Casio Watch - Gold Metal,,PIECES,,Casio,40,40, VAT,5,Inclusive,120,1,,,,
Watches,New,Casual Watch,Feiwo Watch - Black Metal,,PIECES,,Feiwo,40,40, VAT,5,Inclusive,120,1,,,,
Watches,New,Casual Watch,Versace Watch - Silver Metal,,PIECES,,Versace,40,40, VAT,5,Inclusive,120,1,,,,
Watches,New,Casual Watch,Smaker Women's Watch - Blue Metal,,PIECES,,Smaker,40,40, VAT,5,Inclusive,120,1,,,,
Watches,New,Casual Watch,Smaker Men's Watch - Black Metal,,PIECES,,Smaker,40,40, VAT,5,Inclusive,120,1,,,,
Watches,New,Casual Watch,Omega Men's Watch - Blue,,PIECES,,Omega,40,40, VAT,5,Inclusive,120,1,,,,
Watches,New,Casual Watch,Omega Men's Watch - Red Leather,,PIECES,,Omega,40,40, VAT,5,Inclusive,120,1,,,,
Watches,New,Casual Watch,Rolex Watch - Silver Metal,,PIECES,,Rolex,40,40, VAT,5,Inclusive,120,1,,,,
Watches,New,Casual Watch,Rolex Watch - Mixed Metal,,PIECES,,Rolex,40,40, VAT,5,Inclusive,120,1,,,,
Watches,New,Casual Watch,Rolex Watch - Gold Metal,,PIECES,,Rolex,40,40, VAT,5,Inclusive,120,1,,,,
Watches,New,Casual Watch,Emporio Men's Watch - Black Leather,,PIECES,,Emporio Armani,40,40, VAT,5,Inclusive,120,2,,,,
Watches,New,Casual Watch,Emporio Armani Men's Watch - Black Metal,,PIECES,,Emporio Armani,40,40, VAT,5,Inclusive,120,1,,,,
Watches,New,Casual Watch,Emporio Armani Men's Watch - Mixed Metal,,PIECES,,Emporio Armani,40,40, VAT,5,Inclusive,120,1,,,,
Watches,New,Casual Watch,Emporio Armani Men's Watch - Metal,,PIECES,,Emporio Armani,40,40, VAT,5,Inclusive,120,3,,,,
Watches,New,Casual Watch,Montblanc Men's Watch - Black Leather,,PIECES,,Montblanc,40,40, VAT,5,Inclusive,120,3,,,,
Watches,New,Casual Watch,Montblanc Men's Watch - Silver Metal,,PIECES,,Montblanc,40,40, VAT,5,Inclusive,120,1,,,,
Watches,New,Casual Watch,Montblanc Men's Watch - Black Metal,,PIECES,,Montblanc,40,40, VAT,5,Inclusive,120,1,,,,
Watches,New,Casual Watch,Montblanc Men's Watch - Gray Silicone,,PIECES,,Montblanc,40,40, VAT,5,Inclusive,120,1,,,,
Watches,New,Casual Watch,Montblanc Men's Watch - Black Silicone,,PIECES,,Montblanc,40,40, VAT,5,Inclusive,120,1,,,,
Watches,New,Casual Watch,Tissot Men's Watch - Mixed Metal,,PIECES,,Tissot,40,40, VAT,5,Inclusive,120,1,,,,
Watches,New,Casual Watch,Tissot Men's Watch - Silver Metal,,PIECES,,Tissot,40,40, VAT,5,Inclusive,120,1,,,,
Watches,New,Casual Watch,Signature Cable - Black,,PIECES,,Signature,50,50, VAT,5,Inclusive,150,4,,,,
Watches,New,Casual Watch,Signature Cable - Green,,PIECES,,Signature,50,50, VAT,5,Inclusive,150,4,,,,
Watches,New,Casual Watch,Smaker Cable - Gold,,PIECES,,Smaker,50,50, VAT,5,Inclusive,150,20,,,,
Watches,New,Casual Watch,Smaker Cable - Mixed,,PIECES,,Smaker,50,50, VAT,5,Inclusive,150,16,,,,
Watches,New,Casual Watch,Smaker Cable - Black,,PIECES,,Smaker,50,50, VAT,5,Inclusive,150,6,,,,
Watches,New,Casual Watch,Smaker Cable - Silver,,PIECES,,Smaker,50,50, VAT,5,Inclusive,150,3,,,,
Watches,New,Wallet,Bibosi Wallet Card,,PIECES,,Bibosi,10,10, VAT,5,Inclusive,30,2,,,,
Watches,New,Wallet,Bovi's Co. Wallet Chocolate,,PIECES,,Bovi's Co.,10,10, VAT,5,Inclusive,30,1,,,,
Watches,New,Wallet,Al-Fakhamah Wallet Black Card,,PIECES,,Al-Fakhamah,10,10, VAT,5,Inclusive,30,1,,,,
Watches,New,Wallet,Delibi Wallet Card,,PIECES,,Delibi,10,10, VAT,5,Inclusive,30,1,,,,
Watches,New,Wallet,Dunbollu Wallet Black,,PIECES,,Dunbollu,10,10, VAT,5,Inclusive,30,2,,,,
Watches,New,Wallet,L&S Wallet Blue,,PIECES,,L&S,10,10, VAT,5,Inclusive,30,1,,,,
Watches,New,Wallet,L&S Wallet Chocolate,,PIECES,,L&S,10,10, VAT,5,Inclusive,30,1,,,,
Watches,New,Wallet,E.O. Fashion Wallet Red Gold,,PIECES,,E.O. Fashion,10,10, VAT,5,Inclusive,30,1,,,,
Watches,New,Wallet,Black Wallet Black,,PIECES,,Black,10,10, VAT,5,Inclusive,30,2,,,,
Watches,New,Wallet,CP Wallet Chocolate,,PIECES,,CP,10,10, VAT,5,Inclusive,30,5,,,,
Watches,New,Wallet,CP Wallet Black,,PIECES,,CP,10,10, VAT,5,Inclusive,30,1,,,,
Watches,New,Wallet,E.O.F Wallet Black,,PIECES,,E.O.F,10,10, VAT,5,Inclusive,30,1,,,,
Watches,New,Wallet,E.O.F Wallet Chocolate,,PIECES,,E.O.F,10,10, VAT,5,Inclusive,30,2,,,,
Watches,New,Wallet,Kaihua Wallet Chocolate,,PIECES,,Kaihua,10,10, VAT,5,Inclusive,30,1,,,,
Watches,New,Wallet,Horse Wallet Chocolate Dark,,PIECES,,Horse,10,10, VAT,5,Inclusive,30,3,,,,
Watches,New,Wallet,Horse Wallet Chocolate,,PIECES,,Horse,10,10, VAT,5,Inclusive,30,4,,,,
Watches,New,Wallet,Horse Wallet Black,,PIECES,,Horse,10,10, VAT,5,Inclusive,30,1,,,,
Watches,New,Wallet,Horse Wallet Blue,,PIECES,,Horse,10,10, VAT,5,Inclusive,30,2,,,,
Mobiles,New,Back Cover,Honor 10 Lite Silicone Back Cover,,PIECES,,Honor,6,6, VAT,5,Inclusive,25,2,,,,
Mobiles,New,Back Cover,Honor 20 Lite Matte Back Cover,,PIECES,,Honor,6,6, VAT,5,Inclusive,20,2,,,,
Mobiles,New,Back Cover,Honor P20 Pro Leather Back Cover,,PIECES,,Honor,6,6, VAT,5,Inclusive,25,2,,,,
Mobiles,New,Back Cover,Honor P30 Ring Back Cover,,PIECES,,Honor,6,6, VAT,5,Inclusive,25,2,,,,
Mobiles,New,Back Cover,Honor P30 Lite Silicone Back Cover,,PIECES,,Honor,6,6, VAT,5,Inclusive,20,2,,,,
Mobiles,New,Back Cover,Honor P30 Lite Leather Back Cover,,PIECES,,Honor,6,6, VAT,5,Inclusive,25,1,,,,
Mobiles,New,Back Cover,Honor P30 Lite Stand Back Cover,,PIECES,,Honor,6,6, VAT,5,Inclusive,25,1,,,,
Mobiles,New,Back Cover,Honor P30 Pro Leather Back Cover,,PIECES,,Honor,6,6, VAT,5,Inclusive,25,1,,,,
Mobiles,New,Back Cover,Honor P40 Ring Back Cover,,PIECES,,Honor,6,6, VAT,5,Inclusive,25,2,,,,
Mobiles,New,Back Cover,Honor P40 Pro Ring Back Cover,,PIECES,,Honor,6,6, VAT,5,Inclusive,25,5,,,,
Mobiles,New,Back Cover,Honor P40 Pro Leather Back Cover,,PIECES,,Honor,6,6, VAT,5,Inclusive,25,3,,,,
Mobiles,New,Back Cover,Honor P70 Lens Clear Back Cover,,PIECES,,Honor,6,6, VAT,5,Inclusive,25,2,,,,
Mobiles,New,Back Cover,Honor Mate 40 Pro Leather Back Cover,,PIECES,,Honor,6,6, VAT,5,Inclusive,25,1,,,,
Mobiles,New,Back Cover,Honor 8 Lite Leather Back Cover,,PIECES,,Honor,6,6, VAT,5,Inclusive,25,1,,,,
Mobiles,New,Back Cover,Honor 90 Ring Back Cover,,PIECES,,Honor,6,6, VAT,5,Inclusive,25,1,,,,
Mobiles,New,Back Cover,Honor 90 Leather Back Cover,,PIECES,,Honor,6,6, VAT,5,Inclusive,25,2,,,,
Mobiles,New,Back Cover,Honor 90 Silicone Back Cover,,PIECES,,Honor,6,6, VAT,5,Inclusive,25,2,,,,
Mobiles,New,Back Cover,Honor 90 Stand Back Cover,,PIECES,,Honor,6,6, VAT,5,Inclusive,25,1,,,,
Mobiles,New,Back Cover,Honor 50 Lite Silicone Back Cover,,PIECES,,Honor,6,6, VAT,5,Inclusive,25,1,,,,
Mobiles,New,Back Cover,Honor 200 Lite Fun Case,,PIECES,,Honor,6,6, VAT,5,Inclusive,25,1,,,,
Mobiles,New,Back Cover,Honor 200 Lite Lens Case,,PIECES,,Honor,6,6, VAT,5,Inclusive,25,1,,,,
Mobiles,New,Back Cover,Honor 200 Pro Lens Case,,PIECES,,Honor,6,6, VAT,5,Inclusive,25,1,,,,
Mobiles,New,Back Cover,Honor 200 Stand Back Cover,,PIECES,,Honor,6,6, VAT,5,Inclusive,25,1,,,,
Mobiles,New,Back Cover,Honor 200 Lite Lens Case,,PIECES,,Honor,6,6, VAT,5,Inclusive,25,1,,,,
Mobiles,New,Back Cover,Honor 200 Ring Back Cover,,PIECES,,Honor,6,6, VAT,5,Inclusive,25,3,,,,
Mobiles,New,Back Cover,Honor 200 Lite Ring Back Cover,,PIECES,,Honor,6,6, VAT,5,Inclusive,25,1,,,,
Mobiles,New,Back Cover,Honor 200 Smart 5G Ring Back Cover,,PIECES,,Honor,6,6, VAT,5,Inclusive,25,2,,,,
Mobiles,New,Back Cover,Honor 90 Lite Leather Back Cover,,PIECES,,Honor,6,6, VAT,5,Inclusive,25,1,,,,
Mobiles,New,Back Cover,Honor 90 Ring Back Cover,,PIECES,,Honor,6,6, VAT,5,Inclusive,25,1,,,,
Mobiles,New,Back Cover,Honor 90 5G Leather Back Cover,,PIECES,,Honor,6,6, VAT,5,Inclusive,25,2,,,,
Mobiles,New,Back Cover,Honor 70 5G (2022) Ring Back Cover,,PIECES,,Honor,6,6, VAT,5,Inclusive,25,2,,,,
Mobiles,New,Back Cover,Honor 70 Ring Back Cover,,PIECES,,Honor,6,6, VAT,5,Inclusive,25,1,,,,
Mobiles,New,Back Cover,Honor 60 Plus Ring Back Cover,,PIECES,,Honor,6,6, VAT,5,Inclusive,25,1,,,,
Mobiles,New,Back Cover,Honor 400 Stand Back Cover,,PIECES,,Honor,6,6, VAT,5,Inclusive,30,1,,,,
Mobiles,New,Back Cover,Honor 400 5G Fun Case,,PIECES,,Honor,6,6, VAT,5,Inclusive,30,3,,,,
Mobiles,New,Back Cover,Honor 400 5G Lens Case,,PIECES,,Honor,6,6, VAT,5,Inclusive,25,3,,,,
Mobiles,New,Back Cover,Honor 400 5G Silicone Back Cover,,PIECES,,Honor,6,6, VAT,5,Inclusive,25,2,,,,
Mobiles,New,Back Cover,Honor 400 5G Clear Back Cover,,PIECES,,Honor,6,6, VAT,5,Inclusive,25,3,,,,
Mobiles,New,Back Cover,Honor 400 5G Leather Back Cover,,PIECES,,Honor,6,6, VAT,5,Inclusive,25,1,,,,
Mobiles,New,Back Cover,Honor 400 Lite Stand Back Cover,,PIECES,,Honor,6,6, VAT,5,Inclusive,25,2,,,,
Mobiles,New,Back Cover,Honor 400 Lite Ring Back Cover,,PIECES,,Honor,6,6, VAT,5,Inclusive,25,3,,,,
Mobiles,New,Back Cover,Honor 400 Lite Clear Back Cover,,PIECES,,Honor,6,6, VAT,5,Inclusive,20,1,,,,
Mobiles,New,Back Cover,Honor 400 Lite Magnetic Back Cover,,PIECES,,Honor,6,6, VAT,5,Inclusive,25,1,,,,
Mobiles,New,Back Cover,Honor 400 Lite Leather Back Cover,,PIECES,,Honor,6,6, VAT,5,Inclusive,25,1,,,,
Mobiles,New,Back Cover,Honor 400 Lite Leather Back Cover,,PIECES,,Honor,6,6, VAT,5,Inclusive,25,1,,,,
Mobiles,New,Back Cover,Honor 400 Pro Ring Back Cover,,PIECES,,Honor,6,6, VAT,5,Inclusive,25,1,,,,
Mobiles,New,Back Cover,Honor 400 Pro Leather Back Cover,,PIECES,,Honor,6,6, VAT,5,Inclusive,35,3,,,,
Mobiles,New,Back Cover,Honor 400 Pro Leather Back Cover,,PIECES,,Honor,6,6, VAT,5,Inclusive,25,1,,,,
Mobiles,New,Back Cover,Honor X5B Magnetic Back Cover,,PIECES,,Honor,6,6, VAT,5,Inclusive,25,2,,,,
Mobiles,New,Back Cover,Honor X5B+ Leather Back Cover,,PIECES,,Honor,6,6, VAT,5,Inclusive,25,1,,,,
Mobiles,New,Back Cover,Honor X5C Stand Back Cover,,PIECES,,Honor,6,6, VAT,5,Inclusive,25,2,,,,
Mobiles,New,Back Cover,Honor X6C Stand Back Cover,,PIECES,,Honor,6,6, VAT,5,Inclusive,25,1,,,,
Mobiles,New,Back Cover,Honor X6C Ring Back Cover,,PIECES,,Honor,6,6, VAT,5,Inclusive,25,2,,,,
Mobiles,New,Back Cover,Honor X6C Leather Back Cover,,PIECES,,Honor,6,6, VAT,5,Inclusive,25,1,,,,
Mobiles,New,Back Cover,Honor X6C Magnetic Back Cover,,PIECES,,Honor,6,6, VAT,5,Inclusive,25,1,,,,
Mobiles,New,Back Cover,Honor X6C Leather Back Cover,,PIECES,,Honor,6,6, VAT,5,Inclusive,25,1,,,,
Mobiles,New,Back Cover,Honor X6B Leather Back Cover,,PIECES,,Honor,6,6, VAT,5,Inclusive,25,1,,,,
Mobiles,New,Back Cover,Honor X6B Stand Back Cover,,PIECES,,Honor,6,6, VAT,5,Inclusive,25,1,,,,
Mobiles,New,Back Cover,Honor X6B Silicone Back Cover,,PIECES,,Honor,6,6, VAT,5,Inclusive,25,1,,,,
Mobiles,New,Back Cover,Honor X7 Smart Case,,PIECES,,Honor,6,6, VAT,5,Inclusive,25,1,,,,
Mobiles,New,Back Cover,Honor X7 Clear Back Cover,,PIECES,,Honor,6,6, VAT,5,Inclusive,20,1,,,,
Mobiles,New,Back Cover,Honor X7C Silicone Back Cover,,PIECES,,Honor,6,6, VAT,5,Inclusive,25,3,,,,
Mobiles,New,Back Cover,Honor X7C Lens Back Cover,,PIECES,,Honor,6,6, VAT,5,Inclusive,30,2,,,,
Mobiles,New,Back Cover,Honor X7C Leather Back Cover,,PIECES,,Honor,6,6, VAT,5,Inclusive,25,2,,,,
Mobiles,New,Back Cover,Honor X7D Leather Back Cover,,PIECES,,Honor,6,6, VAT,5,Inclusive,25,2,,,,
Mobiles,New,Back Cover,Honor X7D Stand Back Cover,,PIECES,,Honor,6,6, VAT,5,Inclusive,25,1,,,,
Mobiles,New,Back Cover,Honor X7D Magnetic Back Cover,,PIECES,,Honor,6,6, VAT,5,Inclusive,25,1,,,,
Mobiles,New,Back Cover,Honor X7B Leather Back Cover,,PIECES,,Honor,6,6, VAT,5,Inclusive,25,2,,,,
Mobiles,New,Back Cover,Honor X7B Stand Back Cover,,PIECES,,Honor,6,6, VAT,5,Inclusive,25,1,,,,
Mobiles,New,Back Cover,Honor X7A Fun Case,,PIECES,,Honor,6,6, VAT,5,Inclusive,25,1,,,,
Mobiles,New,Back Cover,Honor X7A Silicone Back Cover,,PIECES,,Honor,6,6, VAT,5,Inclusive,25,1,,,,
Mobiles,New,Back Cover,Honor X7A Stand Back Cover,,PIECES,,Honor,6,6, VAT,5,Inclusive,25,1,,,,
Mobiles,New,Back Cover,Honor X7A Leather Back Cover,,PIECES,,Honor,6,6, VAT,5,Inclusive,25,1,,,,
Mobiles,New,Back Cover,Honor X8C Lens Case,,PIECES,,Honor,6,6, VAT,5,Inclusive,25,1,,,,
Mobiles,New,Back Cover,Honor X8 Leather Back Cover,,PIECES,,Honor,6,6, VAT,5,Inclusive,25,2,,,,
Mobiles,New,Back Cover,Honor X8 Ring Back Cover,,PIECES,,Honor,6,6, VAT,5,Inclusive,25,3,,,,
Mobiles,New,Back Cover,Honor X8 Fun Case,,PIECES,,Honor,6,6, VAT,5,Inclusive,25,2,,,,
Mobiles,New,Back Cover,Honor X8 Clear Back Cover,,PIECES,,Honor,6,6, VAT,5,Inclusive,25,1,,,,
Mobiles,New,Back Cover,Honor X8 Silicone Back Cover,,PIECES,,Honor,6,6, VAT,5,Inclusive,25,1,,,,
Mobiles,New,Back Cover,Honor X8A Silicone Back Cover,,PIECES,,Honor,6,6, VAT,5,Inclusive,25,1,,,,
Mobiles,New,Back Cover,Honor X8A Fun Case,,PIECES,,Honor,6,6, VAT,5,Inclusive,25,2,,,,
Mobiles,New,Back Cover,Honor X8B Fun Case,,PIECES,,Honor,6,6, VAT,5,Inclusive,25,1,,,,
Mobiles,New,Back Cover,Honor X8B Stand Back Cover,,PIECES,,Honor,6,6, VAT,5,Inclusive,25,1,,,,
Mobiles,New,Back Cover,Honor X9 4G Stand Back Cover,,PIECES,,Honor,6,6, VAT,5,Inclusive,25,2,,,,
Mobiles,New,Back Cover,Honor X9 4G Clear Back Cover,,PIECES,,Honor,6,6, VAT,5,Inclusive,20,1,,,,
Mobiles,New,Back Cover,Honor X9 Silicone Back Cover,,PIECES,,Honor,6,6, VAT,5,Inclusive,25,1,,,,
Mobiles,New,Back Cover,Honor X9 Fun Case,,PIECES,,Honor,6,6, VAT,5,Inclusive,25,1,,,,
Mobiles,New,Back Cover,Honor X9 4G Ring Back Cover,,PIECES,,Honor,6,6, VAT,5,Inclusive,25,1,,,,
Mobiles,New,Back Cover,Honor X9B Fun Case with Stand,,PIECES,,Honor,6,6, VAT,5,Inclusive,30,2,,,,
Mobiles,New,Back Cover,Honor X9B Ring Back Cover,,PIECES,,Honor,6,6, VAT,5,Inclusive,25,1,,,,
Mobiles,New,Back Cover,Honor X9B Magnetic Back Cover,,PIECES,,Honor,6,6, VAT,5,Inclusive,30,2,,,,
Mobiles,New,Back Cover,Honor X9B Lens Clear Back Cover,,PIECES,,Honor,6,6, VAT,5,Inclusive,30,2,,,,
Mobiles,New,Back Cover,Honor X9B Silicone Back Cover,,PIECES,,Honor,6,6, VAT,5,Inclusive,25,1,,,,
Mobiles,New,Back Cover,Honor X9B Stand Back Cover,,PIECES,,Honor,6,6, VAT,5,Inclusive,25,1,,,,
Mobiles,New,Back Cover,Honor X9B Clear Back Cover,,PIECES,,Honor,6,6, VAT,5,Inclusive,25,1,,,,
Mobiles,New,Back Cover,Honor X9B Lens Clear Back Cover,,PIECES,,Honor,6,6, VAT,5,Inclusive,30,1,,,,
Mobiles,New,Back Cover,Honor X9B Leather Back Cover,,PIECES,,Honor,6,6, VAT,5,Inclusive,30,2,,,,
Mobiles,New,Back Cover,Honor X9B Leather Back Cover,,PIECES,,Honor,6,6, VAT,5,Inclusive,40,2,,,,
Mobiles,New,Back Cover,Honor X9A Fun Case,,PIECES,,Honor,6,6, VAT,5,Inclusive,25,2,,,,
Mobiles,New,Back Cover,Honor X9A Stand Back Cover,,PIECES,,Honor,6,6, VAT,5,Inclusive,25,4,,,,
Mobiles,New,Back Cover,Honor X9A Ring Back Cover,,PIECES,,Honor,6,6, VAT,5,Inclusive,30,2,,,,
Mobiles,New,Back Cover,Honor X9A Leather Back Cover,,PIECES,,Honor,6,6, VAT,5,Inclusive,30,1,,,,
Mobiles,New,Back Cover,Honor X9C Lens Back Cover,,PIECES,,Honor,6,6, VAT,5,Inclusive,30,3,,,,
Mobiles,New,Back Cover,Honor X9C Silicone Back Cover,,PIECES,,Honor,6,6, VAT,5,Inclusive,25,1,,,,
Mobiles,New,Back Cover,Honor X9C Magnetic Back Cover,,PIECES,,Honor,6,6, VAT,5,Inclusive,25,2,,,,
Mobiles,New,Back Cover,Honor X9C Ring Back Cover,,PIECES,,Honor,6,6, VAT,5,Inclusive,40,1,,,,
Mobiles,New,Back Cover,Honor X9D Leather Back Cover,,PIECES,,Honor,6,6, VAT,5,Inclusive,40,2,,,,
Mobiles,New,Back Cover,Honor X9D Ring Back Cover,,PIECES,,Honor,6,6, VAT,5,Inclusive,25,2,,,,
Mobiles,New,Back Cover,Honor X9D Leather Magnetic Back Cover,,PIECES,,Honor,6,6, VAT,5,Inclusive,30,2,,,,
Mobiles,New,Back Cover,Honor 8C Lens Back Cover,,PIECES,,Honor,6,6, VAT,5,Inclusive,25,1,,,,
Mobiles,New,Back Cover,Honor Magic4 Lite Ring Back Cover,,PIECES,,Honor,6,6, VAT,5,Inclusive,25,1,,,,
Mobiles,New,Back Cover,Honor Magic4 Lite Clear Back Cover,,PIECES,,Honor,6,6, VAT,5,Inclusive,20,2,,,,
Mobiles,New,Back Cover,Honor Magic 5 Pro Leather Back Cover,,PIECES,,Honor,6,6, VAT,5,Inclusive,30,2,,,,
Mobiles,New,Back Cover,Honor Magic7 Lite Ring Back Cover,,PIECES,,Honor,6,6, VAT,5,Inclusive,30,3,,,,
Mobiles,New,Back Cover,Honor Magic 7 Pro Stand Back Cover,,PIECES,,Honor,6,6, VAT,5,Inclusive,25,2,,,,
Mobiles,New,Back Cover,Samsung Galaxy Tab T800 Back Cover,,PIECES,,Samsung,15,15, VAT,5,Inclusive,40,1,,,,
Mobiles,New,Back Cover,Samsung Galaxy Tab T715 Back Cover,,PIECES,,Samsung,15,15, VAT,5,Inclusive,40,2,,,,
Mobiles,New,Back Cover,Samsung Tab T550 / T551 / T555 Cover,,PIECES,,Samsung,15,15, VAT,5,Inclusive,40,1,,,,
Mobiles,New,Back Cover,Samsung Galaxy Tab T230 / T231 Cover,,PIECES,,Samsung,15,15, VAT,5,Inclusive,40,1,,,,
Mobiles,New,Back Cover,Samsung Galaxy Tab T295 Back Cover,,PIECES,,Samsung,15,15, VAT,5,Inclusive,40,2,,,,
Mobiles,New,Back Cover,Samsung Tab A10 / A30 / A70 / A70F Cover,,PIECES,,Samsung,15,15, VAT,5,Inclusive,40,5,,,,
Mobiles,New,Back Cover,Samsung Galaxy Tab A7 Lite Cover,,PIECES,,Samsung,15,15, VAT,5,Inclusive,40,1,,,,
Mobiles,New,Back Cover,Samsung Galaxy Tab A9 / A11 Back Cover,,PIECES,,Samsung,15,15, VAT,5,Inclusive,40,2,,,,
Mobiles,New,Back Cover,Samsung T11 / S7 / S8 / S9 S10 S10 Cover,,PIECES,,Samsung,15,15, VAT,5,Inclusive,40,3,,,,
Mobiles,New,Back Cover,Samsung Galaxy Tab S2 Back Cover,,PIECES,,Samsung,15,15, VAT,5,Inclusive,40,1,,,,
Mobiles,New,Back Cover,Samsung Galaxy Tab S5e Cover,,PIECES,,Samsung,15,15, VAT,5,Inclusive,40,1,,,,
Mobiles,New,Back Cover,Samsung Galaxy Tab S6 Lite Back Cover,,PIECES,,Samsung,15,15, VAT,5,Inclusive,40,8,,,,
Mobiles,New,Back Cover,Samsung Galaxy Tab S7 Lite Back Cover,,PIECES,,Samsung,15,15, VAT,5,Inclusive,40,1,,,,
Mobiles,New,Back Cover,Samsung Galaxy Tab S7 Back Cover,,PIECES,,Samsung,15,15, VAT,5,Inclusive,40,1,,,,
Mobiles,New,Back Cover,Samsung Galaxy Tab S7 FE Back Cover,,PIECES,,Samsung,15,15, VAT,5,Inclusive,40,4,,,,
Mobiles,New,Back Cover,Samsung Galaxy Tab S8 Back Cover,,PIECES,,Samsung,15,15, VAT,5,Inclusive,40,2,,,,
Mobiles,New,Back Cover,Samsung Galaxy Tab S9 Back Cover,,PIECES,,Samsung,15,15, VAT,5,Inclusive,40,2,,,,
Mobiles,New,Back Cover,Samsung Galaxy Tab S9+ Back Cover,,PIECES,,Samsung,15,15, VAT,5,Inclusive,40,5,,,,
Mobiles,New,Back Cover,Samsung Galaxy Tab S9 FE Back Cover,,PIECES,,Samsung,15,15, VAT,5,Inclusive,40,4,,,,
Mobiles,New,Back Cover,Samsung Galaxy Tab S9 FE+ Back Cover,,PIECES,,Samsung,15,15, VAT,5,Inclusive,40,3,,,,
Mobiles,New,Back Cover,Samsung Galaxy Tab T515 Back Cover,,PIECES,,Samsung,15,15, VAT,5,Inclusive,40,2,,,,
Mobiles,New,Back Cover,Samsung Galaxy Tab A2 Back Cover,,PIECES,,Samsung,15,15, VAT,5,Inclusive,40,2,,,,
Mobiles,New,Back Cover,Samsung Galaxy Tab A7 Back Cover,,PIECES,,Samsung,15,15, VAT,5,Inclusive,40,5,,,,
Mobiles,New,Back Cover,Samsung Galaxy Tab A8.0 Back Cover,,PIECES,,Samsung,15,15, VAT,5,Inclusive,40,1,,,,
Mobiles,New,Back Cover,Samsung Galaxy Tab A8 Back Cover,,PIECES,,Samsung,15,15, VAT,5,Inclusive,40,5,,,,
Mobiles,New,Back Cover,Samsung Galaxy Tab A9 Back Cover,,PIECES,,Samsung,15,15, VAT,5,Inclusive,40,4,,,,
Mobiles,New,Back Cover,Samsung Galaxy Tab A9+ Back Cover,,PIECES,,Samsung,15,15, VAT,5,Inclusive,40,7,,,,
Mobiles,New,Back Cover,Apple iPad Mini 1 / 2 / 3 Back Cover,,PIECES,,ipad,15,15, VAT,5,Inclusive,40,1,,,,
Mobiles,New,Back Cover,Apple iPad Mini 2 / 3 Back Cover,,PIECES,,ipad,15,15, VAT,5,Inclusive,40,3,,,,
Mobiles,New,Back Cover,Apple iPad Mini 4 / 5 Back Cover,,PIECES,,ipad,15,15, VAT,5,Inclusive,40,8,,,,
Mobiles,New,Back Cover,Apple iPad Mini 6 Back Cover,,PIECES,,ipad,15,15, VAT,5,Inclusive,40,6,,,,
Mobiles,New,Back Cover,Apple iPad 2 / 3 / 4 Back Cover,,PIECES,,ipad,15,15, VAT,5,Inclusive,40,7,,,,
Mobiles,New,Back Cover,Apple iPad 5 / 6 / 7 / 8 / 9 Back Cover,,PIECES,,ipad,15,15, VAT,5,Inclusive,40,10,,,,
Mobiles,New,Back Cover,"Apple iPad Air 1 / 2 (9.7"") Back Cover",,PIECES,,ipad,15,15, VAT,5,Inclusive,40,7,,,,
Mobiles,New,Back Cover,Apple iPad 10.2 / 10.5 Back Cover,,PIECES,,ipad,15,15, VAT,5,Inclusive,40,10,,,,
Mobiles,New,Back Cover,Apple iPad Air 10.5 (2019) Back Cover,,PIECES,,ipad,15,15, VAT,5,Inclusive,40,1,,,,
Mobiles,New,Back Cover,Apple iPad 10.9 / Pro 11 Back Cover,,PIECES,,ipad,15,15, VAT,5,Inclusive,40,31,,,,
Mobiles,New,Back Cover,Apple iPad Pro 10.9 Back Cover,,PIECES,,ipad,15,15, VAT,5,Inclusive,40,2,,,,
Mobiles,New,Back Cover,Apple iPad Pro 11 (2024) Back Cover,,PIECES,,ipad,15,15, VAT,5,Inclusive,40,17,,,,
Mobiles,New,Back Cover,Apple iPad Air 11 (2024) Back Cover,,PIECES,,ipad,15,15, VAT,5,Inclusive,40,1,,,,
Mobiles,New,Back Cover,Apple iPad 10 / A16 Cover,,PIECES,,ipad,15,15, VAT,5,Inclusive,40,10,,,,
Mobiles,New,Back Cover,Apple iPad Pro 12.9 Cover,,PIECES,,ipad,15,15, VAT,5,Inclusive,40,1,,,,
Mobiles,New,Back Cover,Apple iPad Pro M4 13 (2024) Back Cover,,PIECES,,ipad,15,15, VAT,5,Inclusive,40,1,,,,
Mobiles,New,Back Cover,Apple iPad Air 11 (2024) Back Cover,,PIECES,,ipad,15,15, VAT,5,Inclusive,40,8,,,,
Mobiles,New,Back Cover,Lenovo PB1-770N Back Cover,,PIECES,,Lenovo,15,15, VAT,5,Inclusive,40,2,,,,
Mobiles,New,Back Cover,Lenovo Tab P11 Back Cover,,PIECES,,Lenovo,15,15, VAT,5,Inclusive,40,2,,,,
Mobiles,New,Back Cover,Lenovo Tab P11 Pro Back Cover,,PIECES,,Lenovo,15,15, VAT,5,Inclusive,40,2,,,,
Mobiles,New,Back Cover,Lenovo Tab M10 X306 Back Cover,,PIECES,,Lenovo,15,15, VAT,5,Inclusive,40,5,,,,
Mobiles,New,Back Cover,Lenovo Tab M10 Plus X606 Back Cover,,PIECES,,Lenovo,15,15, VAT,5,Inclusive,40,3,,,,
Mobiles,New,Back Cover,Universal 10-inch Tablet Back Cover,,PIECES,,Universal,15,15, VAT,5,Inclusive,40,5,,,,
Mobiles,New,Back Cover,Universal 8-inch Tablet Back Cover,,PIECES,,Universal,15,15, VAT,5,Inclusive,40,2,,,,
Mobiles,New,Back Cover,Redmi Pad T11 Back Cover,,PIECES,,Redmi,15,15, VAT,5,Inclusive,40,1,,,,
Mobiles,New,Back Cover,Redmi Pad 11.5 / 11.5 SE Back Cover,,PIECES,,Redmi,15,15, VAT,5,Inclusive,40,2,,,,
Mobiles,New,Back Cover,Mi Pad T11 / Pad 10.4 Back Cover,,PIECES,,Mi,15,15, VAT,5,Inclusive,40,1,,,,
Mobiles,New,Back Cover,Mi Pad T11 / Pad 10.6 Back Cover,,PIECES,,Mi,15,15, VAT,5,Inclusive,40,1,,,,
Mobiles,New,Back Cover,Mi Pad 5 Back Cover,,PIECES,,Mi,15,15, VAT,5,Inclusive,40,1,,,,
Mobiles,New,Back Cover,Honor Pad 8X Back Cover,,PIECES,,Honor,15,15, VAT,5,Inclusive,40,2,,,,
Mobiles,New,Back Cover,Universal Kids Tablet Back Cover,,PIECES,,Universal,15,15, VAT,5,Inclusive,40,22,,,,
Mobiles,New,Back Cover,Huawei MatePad 11 / SE 11 Back Cover,,PIECES,,Huawei,15,15, VAT,5,Inclusive,40,1,,,,
Mobiles,New,Back Cover,Huawei MatePad T3 Back Cover,,PIECES,,Huawei,15,15, VAT,5,Inclusive,40,1,,,,
Mobiles,New,Back Cover,Huawei T3 9.6 Back Cover,,PIECES,,Huawei,15,15, VAT,5,Inclusive,40,2,,,,
Mobiles,New,Back Cover,Huawei T3 8 Back Cover,,PIECES,,Huawei,15,15, VAT,5,Inclusive,40,1,,,,
Mobiles,New,Back Cover,Huawei MatePad T10 / T10S Back Cover,,PIECES,,Huawei,15,15, VAT,5,Inclusive,40,3,,,,
Mobiles,New,Back Cover,Huawei T11 Back Cover,,PIECES,,Huawei,15,15, VAT,5,Inclusive,40,1,,,,
Mobiles,New,Back Cover,Huawei T3 / Honor Pad X8 Lite Back Cover,,PIECES,,Huawei,15,15, VAT,5,Inclusive,40,1,,,,
Mobiles,New,Back Cover,Huawei MatePad 10.5 Back Cover,,PIECES,,Huawei,15,15, VAT,5,Inclusive,40,1,,,,
Mobiles,New,Charger,SeekOne Adapter SND-705,,PIECES,,SeekOne,15,15, VAT,5,Inclusive,40,3,,,,
Mobiles,New,Charger,SeekOne Adapter SND-706,,PIECES,,SeekOne,17,17, VAT,5,Inclusive,50,1,,,,
Mobiles,New,Charger,SeekOne Full Charger SHAQ-702,,PIECES,,SeekOne,30,30, VAT,5,Inclusive,75,1,,,,
Mobiles,New,Charger,INKAX Full Charger YB24,,PIECES,,INKAX,9,9, VAT,5,Inclusive,40,1,,,,
Mobiles,New,Charger,INKAX Full Charger YB21,,PIECES,,INKAX,16,16, VAT,5,Inclusive,60,1,,,,
Mobiles,New,Charger,OneSam Adapter OS-Y05,,PIECES,,OneSam,8,8, VAT,5,Inclusive,25,2,,,,
Mobiles,New,Charger,New Brand Home Adapter NB908,,PIECES,,New Brand,30,30, VAT,5,Inclusive,75,1,,,,
Mobiles,New,Charger,New Brand Full Charger NB855,,PIECES,,New Brand,19,19, VAT,5,Inclusive,50,1,,,,
Mobiles,New,Charger,New Brand Adapter NB808,,PIECES,,New Brand,18,18, VAT,5,Inclusive,50,2,,,,
Mobiles,New,Charger,Marvers Home Adapter MS-TC102,,PIECES,,Marvers,11,11, VAT,5,Inclusive,40,1,,,,
Mobiles,New,Charger,Joceey Adapter JP-U07,,PIECES,,Joceey,7,7, VAT,5,Inclusive,25,1,,,,
Mobiles,New,Charger,FoneTech Full Charger PCA-QC303,,PIECES,,FoneTech,28,28, VAT,5,Inclusive,75,1,,,,
Mobiles,New,Charger,FoneTech Full Charger ACTIV,,PIECES,,FoneTech,23,23, VAT,5,Inclusive,75,1,,,,
Mobiles,New,Charger,FoneTech Full Charger GALLOPER,,PIECES,,FoneTech,28,28, VAT,5,Inclusive,75,1,,,,
Mobiles,New,Charger,SAAFO Home Adapter SF-0030,,PIECES,,SAAFO,18,18, VAT,5,Inclusive,50,1,,,,
Mobiles,New,Charger,SAAFO Adapter SF-0205,,PIECES,,SAAFO,48,48, VAT,5,Inclusive,100,1,,,,
Mobiles,New,Charger,SAAFO Adapter SF-0074,,PIECES,,SAAFO,21,21, VAT,5,Inclusive,50,10,,,,
Mobiles,New,Charger,Borofone Full Charger BA60B,,PIECES,,Borofone,10,10, VAT,5,Inclusive,30,7,,,,
Mobiles,New,Charger,Anker Adapter A2149,,PIECES,,Anker,30,30, VAT,5,Inclusive,80,2,,,,
Mobiles,New,Charger,Anker Adapter A2347,,PIECES,,Anker,25,25, VAT,5,Inclusive,75,4,,,,
Mobiles,New,Charger,Oraimo Full Charger OCW-5184U+L53,,PIECES,,Oraimo,11,11, VAT,5,Inclusive,50,3,,,,
Mobiles,New,Charger,Oraimo Full Charger OCW-U955,,PIECES,,Oraimo,26,26, VAT,5,Inclusive,70,1,,,,
Mobiles,New,Charger,Lycka Full Charger BOOST65GAN,,PIECES,,Lycka,65,65, VAT,5,Inclusive,150,3,,,,
Mobiles,New,Charger,Lycka Full Charger BOOST25PD,,PIECES,,Lycka,25,25, VAT,5,Inclusive,80,2,,,,
Mobiles,New,Charger,Lycka Adapter BOOST A50,,PIECES,,Lycka,38,38, VAT,5,Inclusive,100,2,,,,
Mobiles,New,Charger,Starfire Adapter SF-U296+C11,,PIECES,,Starfire,11,11, VAT,5,Inclusive,40,,,,,
Mobiles,New,Charger,Samsung Adapter 25W Original,,PIECES,,Samsung,31,31, VAT,5,Inclusive,100,3,,,,
Mobiles,New,Charger,Samsung Adapter 25W,,PIECES,,Samsung,12,12, VAT,5,Inclusive,50,4,,,,
Mobiles,New,Charger,Samsung Adapter 45W,,PIECES,,Samsung,15,15, VAT,5,Inclusive,50,4,,,,
Mobiles,New,Charger,Samsung Adapter 65W,,PIECES,,Samsung,20,20, VAT,5,Inclusive,70,4,,,,
Mobiles,New,Charger,Samsung Full Charger 45W,,PIECES,,Samsung,17,17, VAT,5,Inclusive,60,6,,,,
Mobiles,New,Charger,Samsung Full Charger 25W,,PIECES,,Samsung,15,15, VAT,5,Inclusive,50,4,,,,
Mobiles,New,Charger,Apple Adapter 40W,,PIECES,,Apple,15,15, VAT,5,Inclusive,75,4,,,,
Mobiles,New,Charger,Apple Adapter 35W,,PIECES,,Apple,15,15, VAT,5,Inclusive,75,5,,,,
Mobiles,New,Charger,Apple Full Charger 35W,,PIECES,,Apple,17,17, VAT,5,Inclusive,60,2,,,,
Mobiles,New,Charger,Apple Full Charger 20W,,PIECES,,Apple,15,15, VAT,5,Inclusive,50,1,,,,
Mobiles,New,Charger,Power HD Adapter PHD-CH016,,PIECES,,Power HD,10,10, VAT,5,Inclusive,60,57,,,,
Mobiles,New,Charger,Power HD Adapter PHD-CH0113,,PIECES,,Power HD,10,10, VAT,5,Inclusive,40,3,,,,
Mobiles,New,Car Charger,Riversong Full Car Charger CC13,,PIECES,,Riversong,10,10, VAT,5,Inclusive,50,1,,,,
Mobiles,New,Car Charger,Riversong Full Car Charger CC38-L,,PIECES,,Riversong,23,23, VAT,5,Inclusive,70,2,,,,
Mobiles,New,Car Charger,VIDVIE Car Adapter CC532,,PIECES,,VIDVIE,13,13, VAT,5,Inclusive,50,4,,,,
Mobiles,New,Car Charger,VIDVIE Car Adapter CC517C,,PIECES,,VIDVIE,17,17, VAT,5,Inclusive,50,1,,,,
Mobiles,New,Car Charger,VIDVIE Car Adapter CC543,,PIECES,,VIDVIE,17,17, VAT,5,Inclusive,50,3,,,,
Mobiles,New,Car Charger,Vnner Full Car Charger 24W,,PIECES,,Vnner,10,10, VAT,5,Inclusive,50,5,,,,
Mobiles,New,Car Charger,Lycka Car Adapter Rocket PD45,,PIECES,,Lycka,27,27, VAT,5,Inclusive,70,1,,,,
Mobiles,New,Car Charger,Lycka Car Adapter Rocket PD65,,PIECES,,Lycka,28,28, VAT,5,Inclusive,80,1,,,,
Mobiles,New,Car Charger,Phone Planet Full Car Charger 120MAX,,PIECES,,Phone Planet,22,22, VAT,5,Inclusive,80,4,,,,
Mobiles,New,Car Charger,Phone Planet Full Car Charger 80W,,PIECES,,Phone Planet,40,40, VAT,5,Inclusive,100,2,,,,
Mobiles,New,Car Charger,Phone Planet Car Adapter 51W,,PIECES,,Phone Planet,15,15, VAT,5,Inclusive,50,3,,,,
Mobiles,New,Car Charger,Borofone MB3 Car Charger BC50,,PIECES,,Borofone,20,20, VAT,5,Inclusive,75,3,,,,
Mobiles,New,Car Charger,Borofone Full Car Charger DXB12,,PIECES,,Borofone,14,14, VAT,5,Inclusive,60,2,,,,
Mobiles,New,Car Charger,Marvers Car Adapter MS-CC109,,PIECES,,Marvers,4,4, VAT,5,Inclusive,30,5,,,,
Mobiles,New,Car Charger,Seeken Full Car Charger SMCC-32,,PIECES,,Seeken,40,40, VAT,5,Inclusive,100,5,,,,
Mobiles,New,Car Charger,Seeken Full Car Charger SPQ-56C,,PIECES,,Seeken,25,25, VAT,5,Inclusive,80,2,,,,
Mobiles,New,Car Charger,Seeken Car Adapter SCUU-605,,PIECES,,Seeken,9,9, VAT,5,Inclusive,30,2,,,,
Mobiles,New,Car Charger,Seeken Car Adapter SCQA-60AB,,PIECES,,Seeken,10,10, VAT,5,Inclusive,50,2,,,,
Mobiles,New,Car Charger,OneSam Car Adapter OS-G09,,PIECES,,OneSam,10,10, VAT,5,Inclusive,40,2,,,,
Mobiles,New,Car Charger,FoneTech Car Adapter I-CHAMPION,,PIECES,,FoneTech,21,21, VAT,5,Inclusive,60,2,,,,
Mobiles,New,Car Charger,Solo In Car Adapter SL-132,,PIECES,,Solo In,16,16, VAT,5,Inclusive,50,3,,,,
Mobiles,New,Car Charger,Regersi Full Car Charger PD20W,,PIECES,,Regersi,10,10, VAT,5,Inclusive,50,1,,,,
Mobiles,New,Car Charger,EARLDOM MB3 Car Charger M42,,PIECES,,EARLDOM,20,20, VAT,5,Inclusive,60,1,,,,
Mobiles,New,Car Charger,SAAFO MB3 Car Charger SF-0165,,PIECES,,SAAFO,26,26, VAT,5,Inclusive,75,3,,,,
Mobiles,New,Car Charger,Energizer Car Adapter Worldwide,,PIECES,,Energizer,50,50, VAT,5,Inclusive,75,1,,,,
Mobiles,New,Car Charger,Energizer Car Adapter Universal,,PIECES,,Energizer,50,50, VAT,5,Inclusive,75,1,,,,
Mobiles,New,Car Charger,Energizer Car Adapter 25W,,PIECES,,Energizer,50,50, VAT,5,Inclusive,75,2,,,,
Mobiles,New,Car Charger,Energizer Car Adapter 25W Ultimate,,PIECES,,Energizer,50,50, VAT,5,Inclusive,75,1,,,,
Mobiles,New,Car Charger,Energizer Car Adapter 20W Ultimate,,PIECES,,Energizer,50,50, VAT,5,Inclusive,75,9,,,,
Mobiles,New,Car Charger,Energizer Wireless Car Charger WCP303,,PIECES,,Energizer,50,50, VAT,5,Inclusive,75,8,,,,
Mobiles,New,Car Charger,Samsung Wireless Car Charger 9W,,PIECES,,Samsung,25,25, VAT,5,Inclusive,70,1,,,,
Mobiles,New,Car Charger,Fitness Tracker WiFi Chg Series 1,,PIECES,,Fitness Tracker,5,5, VAT,5,Inclusive,25,1,,,,
Mobiles,New,Car Charger,IQ Wireless Charger MN55344,,PIECES,,IQ,20,20, VAT,5,Inclusive,70,2,,,,
Mobiles,New,Car Charger,VIDVIE Wireless Car Charger WLC1405,,PIECES,,VIDVIE,35,35, VAT,5,Inclusive,100,1,,,,
Watches,New,Watch Charger,Marvers Watch Charger MS-UC522,,PIECES,,Marvers,25,25, VAT,5,Inclusive,40,1,,,,
Watches,New,Watch Charger,Smart Watch Charger GT / GT2,,PIECES,,Smart Watch,13,13, VAT,5,Inclusive,30,1,,,,
Watches,New,Watch Charger,Smart Watch Charger GT2 / 3 Pro,,PIECES,,Smart Watch,13,13, VAT,5,Inclusive,30,1,,,,
Watches,New,Watch Charger,Wireless Watch Charger JW14,,PIECES,,Wireless,16,16, VAT,5,Inclusive,35,1,,,,
Mobiles,New,Holder,INKAX Holder CH-65,,PIECES,,INKAX,12,12, VAT,5,Inclusive,50,5,,,,
Mobiles,New,Holder,INKAX Holder CH-65,,PIECES,,INKAX,8,8, VAT,5,Inclusive,40,1,,,,
Mobiles,New,Holder,Godes Holder GD-HD726P,,PIECES,,Godes,22,22, VAT,5,Inclusive,80,1,,,,
Mobiles,New,Holder,Godes Holder GD-HD635,,PIECES,,Godes,12,12, VAT,5,Inclusive,40,1,,,,
Mobiles,New,Holder,Godes Holder GD-HD935,,PIECES,,Godes,12,12, VAT,5,Inclusive,40,1,,,,
Mobiles,New,Holder,Godes Holder GD-HD322,,PIECES,,Godes,12,12, VAT,5,Inclusive,40,1,,,,
Mobiles,New,Holder,Godes Holder GD-HD795,,PIECES,,Godes,15,15, VAT,5,Inclusive,50,1,,,,
Mobiles,New,Stand,Godes Stand GD-HD378,,PIECES,,Godes,20,20, VAT,5,Inclusive,70,1,,,,
Mobiles,New,Holder,Godes Holder GD-HD643,,PIECES,,Godes,13,13, VAT,5,Inclusive,75,2,,,,
Mobiles,New,Holder,Godes Holder GD-HD693,,PIECES,,Godes,17,17, VAT,5,Inclusive,75,1,,,,
Mobiles,New,Stand,Godes Stand GD-HD772,,PIECES,,Godes,18,18, VAT,5,Inclusive,70,2,,,,
Mobiles,New,Holder,Godes Holder GD-HD6515,,PIECES,,Godes,17,17, VAT,5,Inclusive,75,2,,,,
Mobiles,New,Holder,Godes Holder GD-HD697,,PIECES,,Godes,10,10, VAT,5,Inclusive,75,2,,,,
Mobiles,New,Holder,Godes Holder GD-HD317,,PIECES,,Godes,20,20, VAT,5,Inclusive,60,1,,,,
Mobiles,New,Holder,Godes Holder GD-HD694,,PIECES,,Godes,22,22, VAT,5,Inclusive,80,1,,,,
Mobiles,New,Holder,Godes Holder GD-HD633,,PIECES,,Godes,8,8, VAT,5,Inclusive,40,1,,,,
Mobiles,New,Holder,Godes Holder GD-HD6911,,PIECES,,Godes,15,15, VAT,5,Inclusive,50,1,,,,
Mobiles,New,Holder,Godes Holder GD-HD686,,PIECES,,Godes,10,10, VAT,5,Inclusive,50,1,,,,
Mobiles,New,Holder,Godes Holder GD-HD761,,PIECES,,Godes,17,17, VAT,5,Inclusive,75,1,,,,
Mobiles,New,Holder,New Brand Holder NB320,,PIECES,,New Brand,22,22, VAT,5,Inclusive,80,1,,,,
Mobiles,New,Holder,New Brand Holder NB330,,PIECES,,New Brand,13,13, VAT,5,Inclusive,40,1,,,,
Mobiles,New,Holder,Bracket Holder K588,,PIECES,,Bracket,10,10, VAT,5,Inclusive,40,1,,,,
Mobiles,New,Holder,Bracket Holder Mirror,,PIECES,,Bracket,15,15, VAT,5,Inclusive,50,1,,,,
Mobiles,New,Holder,SAAFO Holder SF-0093,,PIECES,,SAAFO,11,11, VAT,5,Inclusive,40,1,,,,
Mobiles,New,Holder,Seeken Holder SMF-C1,,PIECES,,Seeken,30,30, VAT,5,Inclusive,100,1,,,,
Mobiles,New,Holder,Seeken Holder SMCH-15,,PIECES,,Seeken,12,12, VAT,5,Inclusive,80,1,,,,
Mobiles,New,Holder,Seeken Holder SMH-10,,PIECES,,Seeken,9,9, VAT,5,Inclusive,40,1,,,,
Mobiles,New,Holder,Seeken Holder SMF-H2,,PIECES,,Seeken,25,25, VAT,5,Inclusive,100,1,,,,
Mobiles,New,Holder,VIDVIE Holder HC1528,,PIECES,,VIDVIE,18,18, VAT,5,Inclusive,75,2,,,,
Mobiles,New,Holder,VIDVIE Holder HC1505,,PIECES,,VIDVIE,8,8, VAT,5,Inclusive,40,1,,,,
Mobiles,New,Holder,VIDVIE Holder HC1520,,PIECES,,VIDVIE,5,5, VAT,5,Inclusive,25,1,,,,
Mobiles,New,Holder,Lycka Holder Clutch M360,,PIECES,,Lycka,12,12, VAT,5,Inclusive,40,1,,,,
Mobiles,New,Holder,Magnetic Holder TE-DOS,,PIECES,,Magnetic,11,11, VAT,5,Inclusive,40,1,,,,
Mobiles,New,Holder,SAAFO Holder SF-0096,,PIECES,,SAAFO,15,15, VAT,5,Inclusive,50,1,,,,
Mobiles,New,Power Bank,Zime Power Bank B12,,PIECES,,Zime,20,20, VAT,5,Inclusive,80,9,,,,
Mobiles,New,Power Bank,SAAFO Power Bank SF0190,,PIECES,,SAAFO,60,60, VAT,5,Inclusive,150,1,,,,
Mobiles,New,Power Bank,Seeken Power Bank SPB-81,,PIECES,,Seeken,42,42, VAT,5,Inclusive,100,3,,,,
Mobiles,New,Power Bank,Seeken Power Bank SBO-101,,PIECES,,Seeken,35,35, VAT,5,Inclusive,100,10,,,,
Mobiles,New,Power Bank,VIDVIE Power Bank PB768,,PIECES,,VIDVIE,70,70, VAT,5,Inclusive,150,2,,,,
Mobiles,New,Power Bank,IQ Touch Power Bank PD+QC3.0,,PIECES,,IQ Touch,40,40, VAT,5,Inclusive,150,3,,,,
Mobiles,New,Power Bank,IQ Touch Power Bank IBOOST1PD,,PIECES,,IQ Touch,35,35, VAT,5,Inclusive,100,1,,,,
Mobiles,New,Power Bank,Grabit Power Bank GPOWER-200,,PIECES,,Grabit,45,45, VAT,5,Inclusive,150,1,,,,
Mobiles,New,Power Bank,Lycka Power Bank SCOOP20LITE,,PIECES,,Lycka,60,60, VAT,5,Inclusive,150,1,,,,
Mobiles,New,Power Bank,Borofone Power Bank BJ64,,PIECES,,Borofone,56,56, VAT,5,Inclusive,150,2,,,,
Mobiles,New,Power Bank,Borofone Power Bank BJ66,,PIECES,,Borofone,100,100, VAT,5,Inclusive,250,1,,,,
Mobiles,New,Power Bank,Borofone Power Bank BJ33C,,PIECES,,Borofone,75,75, VAT,5,Inclusive,200,1,,,,
Mobiles,New,Power Bank,INKAX Power Bank PB-28,,PIECES,,INKAX,23,23, VAT,5,Inclusive,100,5,,,,
Mobiles,New,Power Bank,Energizer Power Bank QE20008PQ,,PIECES,,Energizer,75,75, VAT,5,Inclusive,250,10,,,,
Mobiles,New,Power Bank,Energizer Power Bank QP10000PQ,,PIECES,,Energizer,75,75, VAT,5,Inclusive,200,3,,,,
Mobiles,New,Power Bank,Energizer Power Bank QE10013PQ,,PIECES,,Energizer,75,75, VAT,5,Inclusive,200,8,,,,
Mobiles,New,Power Bank,Energizer Ultimate Power Bank PAC6003,,PIECES,,Energizer,100,100, VAT,5,Inclusive,300,4,,,,
Mobiles,New,Power Bank,New Brand Power Bank NB-410,,PIECES,,New Brand,45,45, VAT,5,Inclusive,100,2,,,,
Mobiles,New,Glass,SG0015,,PIECES,,SAAFO,200,200, VAT,5,Inclusive,250,1,,,,
Mobiles,New,iphone,iPhone 17 Pro Max,,PIECES,,iphone,4500,4500, VAT,5,Inclusive,5100,1,,3.54E+14,,
Mobiles,New,Android,Samsung Galaxy A17 4G (8GB/256GB),,PIECES,,Samsung,714,714, VAT,5,Inclusive,850,1,,3.53E+14,,
Mobiles,New,Android,Samsung Galaxy A17 5G (8GB/256GB),,PIECES,,Samsung,820,820, VAT,5,Inclusive,950,1,,3.52E+14,,
Mobiles,New,Android,Samsung Galaxy A17 5G (4GB/128GB),,PIECES,,Samsung,594,594, VAT,5,Inclusive,700,1,,3.51E+14,,
Mobiles,New,Android,Samsung Galaxy A07 4G (4GB/128GB),,PIECES,,Samsung,373,373, VAT,5,Inclusive,450,1,,3.51E+14,,
Mobiles,New,Android,Samsung Galaxy A07 4G (4GB/128GB),,PIECES,,Samsung,373,373, VAT,5,Inclusive,450,1,,3.54E+14,,
Mobiles,New,Android,Samsung Galaxy A07 4G (4GB/64GB),,PIECES,,Samsung,321,321, VAT,5,Inclusive,420,1,,3.51E+14,,
Mobiles,New,Android,Samsung Galaxy A07 4G (4GB/64GB),,PIECES,,Samsung,321,321, VAT,5,Inclusive,420,1,,3.52E+14,,
Mobiles,New,Android,Samsung Galaxy A56 5G (8GB/128GB),,PIECES,,Samsung,1092,1092, VAT,5,Inclusive,1200,1,,3.52E+14,,
Mobiles,New,Android,Samsung Galaxy A56 5G (8GB/256GB),,PIECES,,Samsung,1224,1224, VAT,5,Inclusive,1300,1,,3.53E+14,,
Mobiles,New,Android,Samsung Galaxy A26 5G (6GB/128GB),,PIECES,,Samsung,667,667, VAT,5,Inclusive,750,1,,3.55E+14,,
Mobiles,New,Android,Samsung Galaxy A16 4G (4GB/128GB),,PIECES,,Samsung,436,436, VAT,5,Inclusive,550,1,,3.53E+14,,
Mobiles,New,Android,Samsung Galaxy A16 4G (4GB/128GB),,PIECES,,Samsung,436,436, VAT,5,Inclusive,550,1,,3.53E+14,,
Mobiles,New,Android,Samsung Galaxy A16 4G (4GB/128GB),,PIECES,,Samsung,436,436, VAT,5,Inclusive,550,1,,3.53E+14,,
Mobiles,New,Android,Samsung Galaxy A06 5G (4GB/128GB),,PIECES,,Samsung,443,443, VAT,5,Inclusive,550,1,,3.53E+14,,
Mobiles,New,Android,Samsung Galaxy S25 FE 5G (8GB/256GB),,PIECES,,Samsung,1500,1500, VAT,5,Inclusive,2400,1,,3.54E+14,,
Mobiles,New,Android,Redmi Note 14 Pro+ 5G (12GB/512GB),,PIECES,,Redmi,1197,1197, VAT,5,Inclusive,1300,1,,8.65E+14,,
Mobiles,New,Android,Infinix Note 15 Pro 4G (8GB/256GB),,PIECES,,Redmi,830,830, VAT,5,Inclusive,930,1,,8.62E+14,,
Mobiles,New,Android,Infinix Note 15 5G (8GB/256GB),,PIECES,,Redmi,819,819, VAT,5,Inclusive,920,1,,8.68E+14,,
Mobiles,New,Android,Infinix Note 70 (12GB/128GB),,PIECES,,Realme,430,430, VAT,5,Inclusive,520,1,,8.64E+14,,
Mobiles,New,Android,Infinix Note 70 (12GB/128GB),,PIECES,,Realme,430,430, VAT,5,Inclusive,52,1,,8.64E+14,,
Mobiles,New,Android,Redmi Note 14 Pro+ 5G (16GB/512GB),,PIECES,,Realme,1420,1420, VAT,5,Inclusive,1550,1,,8.68E+14,,
Mobiles,New,Android,Redmi Note 14 5G (16GB/256GB),,PIECES,,Realme,919,919, VAT,5,Inclusive,1000,1,,8.66E+14,,
Mobiles,New,Android,Samsung Galaxy Tab A11,,PIECES,,Samsung,389,389, VAT,5,Inclusive,490,1,,SM-X133NZSAMEA,,
Mobiles,Used,iphone,iPhone 13 Pro Max (256GB),,PIECES,,iphone,1500,1500, VAT,5,Inclusive,2000,1,,3.57E+14,,
Mobiles,Used,iphone,iPhone 13 Pro Max (256GB),,PIECES,,iphone,1500,1500, VAT,5,Inclusive,2000,1,,3.57E+14,,
Mobiles,Used,iphone,iPhone 13 Pro Max (256GB),,PIECES,,iphone,1500,1500, VAT,5,Inclusive,2000,1,,3.60E+14,,
Mobiles,Used,iphone,iPhone 12 Pro Max (512GB),,PIECES,,iphone,1200,1200, VAT,5,Inclusive,2000,1,,3.57E+14,,
Mobiles,Used,iphone,iPhone 15 Pro Max (512GB),,PIECES,,iphone,2300,2300, VAT,5,Inclusive,3000,1,,3.59E+14,,
Mobiles,Used,iphone,iPhone 15 Pro Max (256GB),,PIECES,,iphone,700,700, VAT,5,Inclusive,1800,1,,3.59E+14,,
Mobiles,Used,iphone,iPhone X (256GB),,PIECES,,iphone,150,150, VAT,5,Inclusive,500,1,,3.59E+14,,
Mobiles,Used,Android,Huawei Y50,,PIECES,,Huawei,300,300, VAT,5,Inclusive,700,1,,8.69E+14,,
Mobiles,Used,ipad,Apple iPad (5th Generation),,PIECES,,ipad,200,200, VAT,5,Inclusive,450,1,,DMPVP4XHHLJM,,
Mobiles,Used,ipad,Apple iPad (5th Generation),,PIECES,,ipad,200,200, VAT,5,Inclusive,450,1,,GCTV2S50HLFD,,
Mobiles,Used,ipad,Apple iPad (5th Generation),,PIECES,,ipad,200,200, VAT,5,Inclusive,450,1,,C25KNA2DDTWF,,
Mobiles,Used,ipad,Apple iPad (6th Generation),,PIECES,,ipad,200,200, VAT,5,Inclusive,450,1,,C25KNA2DDTWF,,
Mobiles,Used,ipad,Apple iPad (6th Generation),,PIECES,,ipad,240,240, VAT,5,Inclusive,500,1,,C25KN2DDTWF,,
Mobiles,Used,ipad,Apple iPad (6th Generation),,PIECES,,ipad,240,240, VAT,5,Inclusive,500,1,,C35KNA2DDTWF,,
Mobiles,Used,ipad,Apple iPad Air 2,,PIECES,,ipad,110,110, VAT,5,Inclusive,300,1,,A1566,,
Mobiles,Used,ipad,Apple iPad Air 2,,PIECES,,ipad,200,200, VAT,5,Inclusive,450,1,,C25KNA2DDTWF,,
Mobiles,Used,ipad,Apple iPad Air 2,,PIECES,,ipad,200,200, VAT,5,Inclusive,450,1,,C35KNA2DDTWF,,
Mobiles,Used,ipad,Apple iPad Air 2,,PIECES,,ipad,200,200, VAT,5,Inclusive,500,1,,DMPP519ZG5W3,,
Mobiles,Used,Android,Docomo d-42A,,PIECES,,dtab,120,120, VAT,5,Inclusive,300,1,,8.65E+14,,
Mobiles,Used,Android,Docomo d-42A,,PIECES,,dtab,120,120, VAT,5,Inclusive,300,1,,8.65E+14,,
Mobiles,Used,Android,SoftBank 801LV,,PIECES,,Lenovo,150,150, VAT,5,Inclusive,300,1,,8.67E+14,,
Mobiles,New,Storage,SanDisk 128GB microSD Card,,PIECES,,SanDisk,57,57, VAT,5,Inclusive,90,20,,,,
Mobiles,New,Storage,SanDisk 32GB microSD Card,,PIECES,,SanDisk,30,30, VAT,5,Inclusive,70,1,,,,
Mobiles,New,Storage,SanDisk 64GB USB Flash Drive,,PIECES,,SanDisk,19,19, VAT,5,Inclusive,70,1,,,,
Mobiles,New,Storage,SanDisk 32GB USB Flash Drive,,PIECES,,SanDisk,17,17, VAT,5,Inclusive,60,1,,,,
Mobiles,New,Storage,SanDisk 16GB USB Flash Drive,,PIECES,,SanDisk,17,17, VAT,5,Inclusive,50,2,,,,
Mobiles,New,Storage,SanDisk 8GB USB Flash Drive,,PIECES,,SanDisk,12,12, VAT,5,Inclusive,40,1,,,,
Watches,New,Smart Watch,Riversong Motive 5T Smart Watch,,PIECES,,Riversong,100,100, VAT,5,Inclusive,250,1,,,,
Watches,New,Smart Watch,HiEQ GTS Buds Smart Watch,,PIECES,,HiEQ,100,100, VAT,5,Inclusive,250,1,,,,
Watches,New,Smart Watch,HiEQ WR-GT3 Smart Watch,,PIECES,,HiEQ,100,100, VAT,5,Inclusive,250,1,,,,
Watches,New,Smart Watch,HiEQ WR-GT3 Pro Smart Watch,,PIECES,,HiEQ,100,100, VAT,5,Inclusive,250,1,,,,
Watches,New,Smart Watch,HiEQ SW11 Mini Smart Watch,,PIECES,,HiEQ,55,55, VAT,5,Inclusive,150,2,,,,
Watches,New,Smart Watch,Gravity SGR-N2 Smart Watch,,PIECES,,Gravity,90,90, VAT,5,Inclusive,250,1,,,,
Watches,New,Smart Watch,Gravity SGR-L1 Smart Watch,,PIECES,,Gravity,85,85, VAT,5,Inclusive,300,2,,,,
Watches,New,Smart Watch,Gravity SGR-3 Smart Watch,,PIECES,,Gravity,135,135, VAT,5,Inclusive,300,1,,,,
Watches,New,Smart Watch,Gravity G-TRAX Smart Watch,,PIECES,,Gravity,113,113, VAT,5,Inclusive,300,6,,,,
Watches,New,Smart Watch,Polo UASP YS27 Smart Watch,,PIECES,,Polo UASP,80,80, VAT,5,Inclusive,200,2,,,,
Watches,New,Smart Watch,SAAFO 825 Smart Watch,,PIECES,,SAAFO,70,70, VAT,5,Inclusive,150,1,,,,
Watches,New,Smart Watch,Watch3 Series 3 Smart Watch,,PIECES,,WatchWatches,90,90, VAT,5,Inclusive,200,1,,,,
Watches,New,Smart Watch,Techno Teko GL-BX5 Smart Watch,,PIECES,,Techno Teko,40,40, VAT,5,Inclusive,150,2,,,,
Watches,New,Smart Watch,WR-WATCH4,,PIECES,,Vizin,35,35, VAT,5,Inclusive,100,3,,,,
Mobiles,New,Wireless Earphones,Lazor AZ12 Neckband,,PIECES,,Lazor,21,21, VAT,5,Inclusive,50,1,,,,
Mobiles,New,Wireless Earphones,RAVPower 80H Neckband,,PIECES,,RAVPower,58,58, VAT,5,Inclusive,100,1,,,,
Mobiles,New,Wireless Earphones,SAAFO SF-0470 Neckband,,PIECES,,SAAFO,35,35, VAT,5,Inclusive,100,1,,,,
Mobiles,New,Wireless Earphones,Godes GD-EP1020 Neckband,,PIECES,,Godes,12,12, VAT,5,Inclusive,50,1,,,,
Mobiles,New,Wireless Earphones,Godes GD-EP1010 Neckband,,PIECES,,Godes,12,12, VAT,5,Inclusive,50,1,,,,
Mobiles,New,Wireless Earphones,Sound Breeze SBR-UL1 Neckband,,PIECES,,Sound Breeze,53,53, VAT,5,Inclusive,100,2,,,,
Mobiles,New,Wireless Earphones,Hezire HEZ-BTNB-200 Neckband,,PIECES,,Hezire,55,55, VAT,5,Inclusive,120,1,,,,
Mobiles,New,Wireless Earphones,Lycka Edge CBeats Neckband,,PIECES,,Lycka,50,50, VAT,5,Inclusive,120,1,,,,
Mobiles,New,Wireless Earphones,IQ Touch Solo X5 Neckband,,PIECES,,IQ Touch,26,26, VAT,5,Inclusive,70,1,,,,
Mobiles,New,Wireless Earphones,Apple Copy 3 Pro AirPods,,PIECES,,Apple,15,15, VAT,5,Inclusive,50,1,,,,
Mobiles,New,Wireless Earphones,Riversong EA316 Wireless Earbuds,,PIECES,,Riversong,30,30, VAT,5,Inclusive,70,2,,,,
Mobiles,New,Wireless Earphones,Riversong EA226 Wireless Earbuds,,PIECES,,Riversong,30,30, VAT,5,Inclusive,70,4,,,,
Mobiles,New,Wireless Earphones,Riversong EA227 Wireless Earbuds,,PIECES,,Riversong,30,30, VAT,5,Inclusive,70,1,,,,
Mobiles,New,Wireless Earphones,New Brand NBR-A01 Wireless Earbuds,,PIECES,,New Brand,80,80, VAT,5,Inclusive,150,1,,,,
Mobiles,New,Wireless Earphones,Calk A1 Wireless Earbuds,,PIECES,,Calk,30,30, VAT,5,Inclusive,70,1,,,,
Mobiles,New,Wireless Earphones,Calk A8 Wireless Earbuds,,PIECES,,Calk,30,30, VAT,5,Inclusive,100,1,,,,
Mobiles,New,Wireless Earphones,Levore TWS Wireless Earbuds,,PIECES,,Levore,55,55, VAT,5,Inclusive,100,1,,,,
Mobiles,New,Wireless Earphones,HiEQ M6 Pro Wireless Earbuds,,PIECES,,HiEQ,30,30, VAT,5,Inclusive,100,1,,,,
Mobiles,New,Wireless Earphones,HiEQ Q2 Wireless Earbuds,,PIECES,,HiEQ,30,30, VAT,5,Inclusive,100,2,,,,
Mobiles,New,Wireless Earphones,HiEQ Q1 Wireless Earbuds,,PIECES,,HiEQ,30,30, VAT,5,Inclusive,100,3,,,,
Mobiles,New,Wireless Earphones,HiEQ Q5 Wireless Earbuds,,PIECES,,HiEQ,25,25, VAT,5,Inclusive,100,1,,,,
Mobiles,New,Wireless Earphones,MyCandy TWS-150 True Wireless Earbuds,,PIECES,,MyCandy,48,48, VAT,5,Inclusive,100,1,,,,
Mobiles,New,Wireless Earphones,Oraimo OEB-E104DC Wireless Earbuds,,PIECES,,Oraimo,63,63, VAT,5,Inclusive,150,1,,,,
Mobiles,New,Wireless Earphones,IQ Touch E80 Wireless Earbuds,,PIECES,,IQ Touch,85,85, VAT,5,Inclusive,200,1,,,,
Mobiles,New,Wireless Earphones,SAAFO SF-0650 Wireless Earbuds,,PIECES,,SAAFO,60,60, VAT,5,Inclusive,150,3,,,,
Mobiles,New,Wireless Earphones,Mank M100 Wireless Earbuds,,PIECES,,Mank,38,38, VAT,5,Inclusive,150,2,,,,
Mobiles,New,Wireless Earphones,Noise iTWS007 Wireless Earbuds,,PIECES,,Noise,74,74, VAT,5,Inclusive,150,1,,,,
Mobiles,New,Wireless Earphones,Noise iTWS003 Wireless Earbuds,,PIECES,,Noise,74,74, VAT,5,Inclusive,150,2,,,,
Mobiles,New,Wireless Earphones,Noise OTWS002 Wireless Earbuds,,PIECES,,Noise,65,65, VAT,5,Inclusive,150,2,,,,
Mobiles,New,Wireless Earphones,Noise NEWOO85 Wireless Earbuds,,PIECES,,Noise,55,55, VAT,5,Inclusive,120,1,,,,
Mobiles,New,Wireless Earphones,Borofone BW57 Wireless Earbuds,,PIECES,,Borofone,60,60, VAT,5,Inclusive,120,1,,,,
Mobiles,New,Wireless Earphones,Borofone BW01 Wireless Earbuds,,PIECES,,Borofone,40,40, VAT,5,Inclusive,100,2,,,,
Mobiles,New,Wireless Earphones,Borofone BW76 Wireless Earbuds,,PIECES,,Borofone,40,40, VAT,5,Inclusive,120,1,,,,
Mobiles,New,Wireless Earphones,Power HD PHD-AP012 Wireless Earbuds,,PIECES,,Power HD,10,10, VAT,5,Inclusive,50,16,,,,
Mobiles,New,Wireless Earphones,Starfire SF-TWS-04WL Wireless Earbuds,,PIECES,,Starfire,35,35, VAT,5,Inclusive,100,1,,,,
Mobiles,New,Wireless Earphones,Starfire SF-TWS-05WL Wireless Earbuds,,PIECES,,Starfire,35,35, VAT,5,Inclusive,100,2,,,,
Mobiles,New,Wireless Earphones,Starfire SF-OWS-1015C Open WiFi Earbuds,,PIECES,,Starfire,35,35, VAT,5,Inclusive,100,8,,,,
Mobiles,New,Wireless Earphones,Sound Breeze SBR-MX1 Wireless Earbuds,,PIECES,,Sound Breeze,50,50, VAT,5,Inclusive,120,1,,,,
Mobiles,New,Wireless Earphones,Sound Breeze SBR-AT1 Wireless Earbuds,,PIECES,,Sound Breeze,50,50, VAT,5,Inclusive,120,2,,,,
Mobiles,New,Wireless Earphones,Sound Breeze SBR-FY1 Wireless Earbuds,,PIECES,,Sound Breeze,50,50, VAT,5,Inclusive,120,1,,,,
Mobiles,New,Wireless Earphones,Sound Breeze SBR-A12 Wireless Earbuds,,PIECES,,Sound Breeze,60,60, VAT,5,Inclusive,120,2,,,,
Mobiles,New,Wireless Earphone,MDR-XB450AP,,PIECES,,BEATS,20,20, VAT,5,Inclusive,50,1,,,,
Mobiles,New,Wireless Earphone,SAAFO SF-0445 Wired Earphones,,PIECES,,SAAFO,30,30, VAT,5,Inclusive,70,1,,,,
Mobiles,New,Stand,JMARY MT-18 Phone Stand,,PIECES,,JMARY,30,30, VAT,5,Inclusive,100,2,,,,
Mobiles,New,Trigger,EARLDOM ET-F16 Mobile Trigger,,PIECES,,EARLDOM,17,17, VAT,5,Inclusive,60,1,,,,
Mobiles,New,Trigger,EARLDOM F22 Mobile Trigger,,PIECES,,EARLDOM,25,25, VAT,5,Inclusive,60,1,,,,
Mobiles,New,Trigger,Taurus CHINA Mobile Trigger,,PIECES,,Taurus,7,7, VAT,5,Inclusive,35,2,,,,
Mobiles,New,Trigger,Blue Shark CH-5 Mobile Trigger,,PIECES,,Blue Shark,5,5, VAT,5,Inclusive,35,1,,,,
Mobiles,New,Trigger,MEMO AK-PAD6K Mobile Trigger,,PIECES,,MEMO,20,20, VAT,5,Inclusive,75,1,,,,
Computers,New,Web Camera,Haysenser HY-X300 Web Camera,,PIECES,,Haysenser,30,30, VAT,5,Inclusive,75,1,,,,
Computers,New,Cooler Fan,N7,,PIECES,,China,20,20, VAT,5,Inclusive,75,1,,,,
Computers,New,Cooler Fan,SL-53,,PIECES,,China,35,35, VAT,5,Inclusive,100,1,,,,
Mobiles,New,Microphone,Marvers MS-UC761IP Microphone,,PIECES,,Marvers,25,25, VAT,5,Inclusive,70,1,,,,
Mobiles,New,Microphone,Godes GD-WS305 Wireless Microphone,,PIECES,,Godes,40,40, VAT,5,Inclusive,150,1,,,,
Mobiles,New,Microphone,EARLDOM MC15C Microphone,,PIECES,,EARLDOM,28,28, VAT,5,Inclusive,100,1,,,,
Mobiles,New,Microphone,EARLDOM MC15L Microphone,,PIECES,,EARLDOM,28,28, VAT,5,Inclusive,100,1,,,,
Mobiles,New,Microphone,JMARY MW-19 Wireless Microphone,,PIECES,,JMARY,85,85, VAT,5,Inclusive,250,1,,,,
Mobiles,New,Microphone,SX21 Wireless Microphone,,PIECES,,Unknown,35,35, VAT,5,Inclusive,120,1,,,,
Mobiles,New,Microphone,SX21 Pro Wireless Microphone,,PIECES,,Unknown,40,40, VAT,5,Inclusive,150,1,,,,
Mobiles,New,Microphone,C&C 1TX + 1RX Wireless Microphone,,PIECES,,C&C,65,65, VAT,5,Inclusive,150,1,,,,
Mobiles,New,Microphone,JAMBEL M1 Wireless Microphone,,PIECES,,JAMBEL,115,115, VAT,5,Inclusive,300,1,,,,
Mobiles,New,Cable,Power HD 1188 Charging Cable,,PIECES,,Power HD,5,5, VAT,5,Inclusive,30,13,,,,
Mobiles,New,Cable,Power HD C-1133 Charging Cable,,PIECES,,Power HD,5,5, VAT,5,Inclusive,20,64,,,,
Mobiles,New,Cable,Power HD C-1122 Charging Cable,,PIECES,,Power HD,5,5, VAT,5,Inclusive,30,14,,,,
Mobiles,New,Cable,Starfire SF-DC86 Charging Cable,,PIECES,,Starfire,7,7, VAT,5,Inclusive,25,9,,,,
Mobiles,New,Cable,Starfire SF-DC86 Charging Cable,,PIECES,,Starfire,7,7, VAT,5,Inclusive,25,14,,,,
Mobiles,New,Cable,Starfire SF-DC11 Charging Cable,,PIECES,,Starfire,7,7, VAT,5,Inclusive,25,12,,,,
Mobiles,New,Cable,Starfire SF-DC07 Multi Charging Cable,,PIECES,,Starfire,8,8, VAT,5,Inclusive,25,5,,,,
Mobiles,New,Cable,Oraimo OCD-L32 Charging Cable,,PIECES,,Oraimo,6,6, VAT,5,Inclusive,25,9,,,,
Mobiles,New,Cable,Oraimo OCD-173CC Charging Cable,,PIECES,,Oraimo,15,15, VAT,5,Inclusive,50,3,,,,
Mobiles,New,Cable,Oraimo OCD-710CC Charging Cable,,PIECES,,Oraimo,16,16, VAT,5,Inclusive,60,3,,,,
Mobiles,New,Cable,INKAX May-60 Multi Charging Cable,,PIECES,,INKAX,11,11, VAT,5,Inclusive,35,6,,,,
Mobiles,New,Cable,Vnner 3FT Charging Cable,,PIECES,,Vnner,7,7, VAT,5,Inclusive,25,1,,,,
Mobiles,New,Cable,Vnner #1 Charging Cable,,PIECES,,Vnner,4,4, VAT,5,Inclusive,20,2,,,,
Mobiles,New,Cable,Solid CC-60 Charging Cable,,PIECES,,Solid,10,10, VAT,5,Inclusive,30,22,,,,
Mobiles,New,Cable,Solid CC-501 Multi Charging Cable,,PIECES,,Solid,12,12, VAT,5,Inclusive,50,1,,,,
Mobiles,New,Cable,Borofone BU38 Charging Cable,,PIECES,,Borofone,10,10, VAT,5,Inclusive,40,3,,,,
Mobiles,New,Cable,Borofone BU38 Charging Cable,,PIECES,,Borofone,10,10, VAT,5,Inclusive,40,5,,,,
Mobiles,New,Cable,itel LCD-C66 Charging Cable,,PIECES,,itel,12,12, VAT,5,Inclusive,50,1,,,,
Mobiles,New,Cable,itel L21S Charging Cable,,PIECES,,itel,4,4, VAT,5,Inclusive,20,1,,,,
Mobiles,New,Cable,Energizer C611CGBK Charging Cable,,PIECES,,Energizer,20,20, VAT,5,Inclusive,40,3,,,,
Mobiles,New,Cable,OneSam OS-A24 Charging Cable,,PIECES,,OneSam,3,3, VAT,5,Inclusive,20,1,,,,
Mobiles,New,Cable,OneSam OS-A24 Charging Cable,,PIECES,,OneSam,3,3, VAT,5,Inclusive,20,1,,,,
Mobiles,New,Cable,OneSam OS-A01 Multi Charging Cable,,PIECES,,OneSam,18,18, VAT,5,Inclusive,50,2,,,,
Mobiles,New,Cable,OneSam OS-V09 Charging Cable,,PIECES,,OneSam,9,9, VAT,5,Inclusive,35,2,,,,
Mobiles,New,Cable,AMS OM-734 Charging Cable,,PIECES,,AMS,2,2, VAT,5,Inclusive,20,1,,,,
Mobiles,New,Cable,AMS OM-736 Charging Cable,,PIECES,,AMS,5,5, VAT,5,Inclusive,30,2,,,,
Mobiles,New,Cable,Mini 8-Pin Charging Cable,,PIECES,,Mini,15,15, VAT,5,Inclusive,30,2,,,,
Mobiles,New,Cable,RAVPower RP-CB068 Charging Cable,,PIECES,,RAVPower,15,15, VAT,5,Inclusive,40,1,,,,
Mobiles,New,Cable,Riversong CL62 Charging Cable,,PIECES,,Riversong,4,4, VAT,5,Inclusive,20,1,,,,
Mobiles,New,Cable,Celebrat CB-05M Charging Cable,,PIECES,,Celebrat,7,7, VAT,5,Inclusive,25,3,,,,
Mobiles,New,Cable,New Brand 100cm Charging Cable,,PIECES,,New Brand,8,8, VAT,5,Inclusive,30,1,,,,
Mobiles,New,Cable,MyCandy 1M Multi Charging Cable,,PIECES,,MyCandy,13,13, VAT,5,Inclusive,40,3,,,,
Mobiles,New,Cable,Mank 1.2M Charging Cable,,PIECES,,Mank,9,9, VAT,5,Inclusive,30,1,,,,
Mobiles,New,Cable,SAAFO SF-0064 Charging Cable,,PIECES,,SAAFO,9,9, VAT,5,Inclusive,30,1,,,,
Mobiles,New,Cable,SAAFO 27W Charging Cable,,PIECES,,SAAFO,11,11, VAT,5,Inclusive,40,1,,,,
Mobiles,New,Cable,FoneTech 1M Multi Charging Cable,,PIECES,,FoneTech,14,14, VAT,5,Inclusive,40,2,,,,
Mobiles,New,Cable,Seeken SC-1002 Charging Cable,,PIECES,,Seeken,8,8, VAT,5,Inclusive,30,3,,,,
Mobiles,New,Cable,Seeken SC41 Fast Charging Cable,,PIECES,,Seeken,5,5, VAT,5,Inclusive,20,3,,,,
Mobiles,New,Cable,Seeken SPD-0201 Fast Charging Cable,,PIECES,,Seeken,5,5, VAT,5,Inclusive,20,5,,,,
Mobiles,New,Cable,Seeken SC-1005 Charging Cable,,PIECES,,Seeken,3,3, VAT,5,Inclusive,20,1,,,,
Mobiles,New,Cable,Seeken SPDC-171 Charging Cable,,PIECES,,Seeken,8,8, VAT,5,Inclusive,40,2,,,,
Mobiles,New,Cable,Seeken SPDC-G12 Charging Cable,,PIECES,,Seeken,11,11, VAT,5,Inclusive,40,3,,,,
Mobiles,New,Cable,Seeken SPDC-121 Charging Cable,,PIECES,,Seeken,25,25, VAT,5,Inclusive,60,2,,,,
Mobiles,New,Cable,Godes GD-UC597 Fast Charging Cable,,PIECES,,Godes,10,10, VAT,5,Inclusive,40,4,,,,
Mobiles,New,Cable,Godes GD-UC509IP Charging Cable,,PIECES,,Godes,5,5, VAT,5,Inclusive,25,9,,,,
Mobiles,New,Cable,Godes GD-UC529IP Fast Charging Cable,,PIECES,,Godes,10,10, VAT,5,Inclusive,40,5,,,,
Mobiles,New,Cable,Godes GD-UC597 Fast Charging Cable,,PIECES,,Godes,10,10, VAT,5,Inclusive,40,2,,,,
Mobiles,New,Cable,Godes GD-UC509TC-TC Charging Cable,,PIECES,,Godes,9,9, VAT,5,Inclusive,30,1,,,,
Mobiles,New,Cable,Godes GD-UC509TC-IP Charging Cable,,PIECES,,Godes,7,7, VAT,5,Inclusive,30,1,,,,
Mobiles,New,Cable,Godes GD-UC509M Charging Cable,,PIECES,,Godes,5,5, VAT,5,Inclusive,20,1,,,,
Mobiles,New,Cable,Godes GD-UC509TC Charging Cable,,PIECES,,Godes,5,5, VAT,5,Inclusive,20,1,,,,
Mobiles,New,Cable,Godes GD-UC586 Multi Charging Cable,,PIECES,,Godes,12,12, VAT,5,Inclusive,40,2,,,,
Mobiles,New,Cable,EARLDOM 1000mm Charging Cable,,PIECES,,EARLDOM,10,10, VAT,5,Inclusive,25,1,,,,
Mobiles,New,Cable,Baseus 40W Charging Cable,,PIECES,,Baseus,15,15, VAT,5,Inclusive,50,1,,,,
Mobiles,New,Cable,Apple MD818ZM Charging Cable,,PIECES,,Apple,4,4, VAT,5,Inclusive,25,4,,,,
Mobiles,New,Cable,Apple MLL8ZM Charging Cable,,PIECES,,Apple,15,15, VAT,5,Inclusive,40,2,,,,
Mobiles,New,Cable,Apple MM093ZM Fast Charging Cable,,PIECES,,Apple,5,5, VAT,5,Inclusive,30,2,,,,
Mobiles,New,UV Glass,Samsung Galaxy Note10 UV Glass,,PIECES,,Samsung,5,5, VAT,5,Inclusive,30,1,,,,
Mobiles,New,UV Glass,Samsung Galaxy Note10 UV Curved Glass,,PIECES,,Samsung,5,5, VAT,5,Inclusive,30,1,,,,
Mobiles,New,UV Glass,Samsung Galaxy Note10+ UV Glass,,PIECES,,Samsung,5,5, VAT,5,Inclusive,30,2,,,,
Mobiles,New,UV Glass,Samsung Galaxy Note20 UV Glass,,PIECES,,Samsung,5,5, VAT,5,Inclusive,30,1,,,,
Mobiles,New,UV Glass,Samsung Galaxy Note20 UV Glass,,PIECES,,Samsung,5,5, VAT,5,Inclusive,30,2,,,,
Mobiles,New,UV Glass,Samsung Galaxy Note20 UV Glass,,PIECES,,Samsung,8,8, VAT,5,Inclusive,30,2,,,,
Mobiles,New,UV Glass,Samsung Galaxy Note20 UV Glass,,PIECES,,Samsung,5,5, VAT,5,Inclusive,30,1,,,,
Mobiles,New,UV Glass,Samsung Galaxy Note20+ Premium UV Glass,,PIECES,,Samsung,5,5, VAT,5,Inclusive,30,1,,,,
Mobiles,New,UV Glass,Samsung Galaxy S7 Edge UV Glass,,PIECES,,Samsung,5,5, VAT,5,Inclusive,30,3,,,,
Mobiles,New,UV Glass,Samsung Galaxy S9 UV Glass,,PIECES,,Samsung,5,5, VAT,5,Inclusive,30,3,,,,
Mobiles,New,UV Glass,Samsung Galaxy S9 UV Glass,,PIECES,,Samsung,8,8, VAT,5,Inclusive,30,2,,,,
Mobiles,New,UV Glass,Samsung Galaxy S9 Curved UV Glass,,PIECES,,Samsung,5,5, VAT,5,Inclusive,30,1,,,,
Mobiles,New,UV Glass,Samsung Galaxy S9+ UV Glass,,PIECES,,Samsung,5,5, VAT,5,Inclusive,30,2,,,,
Mobiles,New,UV Glass,Samsung Galaxy S9+ UV Glass,,PIECES,,Samsung,8,8, VAT,5,Inclusive,30,1,,,,
Mobiles,New,UV Glass,Samsung Galaxy S10 UV Glass,,PIECES,,Samsung,8,8, VAT,5,Inclusive,30,1,,,,
Mobiles,New,UV Glass,Samsung Galaxy S10 5G UV Glass,,PIECES,,Samsung,5,5, VAT,5,Inclusive,30,1,,,,
Mobiles,New,UV Glass,Samsung Galaxy S10 5G UV Glass,,PIECES,,Samsung,5,5, VAT,5,Inclusive,30,1,,,,
Mobiles,New,UV Glass,Samsung Galaxy S10+ UV Glass,,PIECES,,Samsung,8,8, VAT,5,Inclusive,30,2,,,,
Mobiles,New,UV Glass,Samsung Galaxy S20 Curved UV Glass,,PIECES,,Samsung,5,5, VAT,5,Inclusive,30,1,,,,
Mobiles,New,UV Glass,Samsung Galaxy S20 UV Glass,,PIECES,,Samsung,5,5, VAT,5,Inclusive,30,3,,,,
Mobiles,New,UV Glass,Samsung Galaxy S20 Original UV Glass,,PIECES,,Samsung,5,5, VAT,5,Inclusive,30,1,,,,
Mobiles,New,UV Glass,Samsung Galaxy S20 UV Glass,,PIECES,,Samsung,5,5, VAT,5,Inclusive,30,1,,,,
Mobiles,New,UV Glass,Samsung Galaxy S20 Rayon UV Glass,,PIECES,,Samsung,5,5, VAT,5,Inclusive,30,4,,,,
Mobiles,New,UV Glass,Samsung Galaxy S20 Ultra UV Glass,,PIECES,,Samsung,8,8, VAT,5,Inclusive,30,2,,,,
Mobiles,New,UV Glass,Samsung Galaxy S20 Ultra UV Glass,,PIECES,,Samsung,5,5, VAT,5,Inclusive,30,3,,,,
Mobiles,New,UV Glass,Samsung Galaxy S20 Ultra UV Glass,,PIECES,,Samsung,5,5, VAT,5,Inclusive,30,1,,,,
Mobiles,New,UV Glass,Samsung Galaxy S21 Curved UV Glass,,PIECES,,Samsung,5,5, VAT,5,Inclusive,30,1,,,,
Mobiles,New,UV Glass,Samsung Galaxy S21 Original UV Glass,,PIECES,,Samsung,5,5, VAT,5,Inclusive,30,1,,,,
Mobiles,New,UV Glass,Samsung Galaxy S21+ UV Glass,,PIECES,,Samsung,5,5, VAT,5,Inclusive,30,1,,,,
Mobiles,New,UV Glass,Samsung Galaxy S21+ Curved UV Glass,,PIECES,,Samsung,5,5, VAT,5,Inclusive,30,1,,,,
Mobiles,New,UV Glass,Samsung Galaxy S21 Ultra UV Glass,,PIECES,,Samsung,5,5, VAT,5,Inclusive,30,2,,,,
Mobiles,New,UV Glass,Samsung Galaxy S22 UV Glass,,PIECES,,Samsung,5,5, VAT,5,Inclusive,30,1,,,,
Mobiles,New,UV Glass,Samsung Galaxy S22 UV Glass,,PIECES,,Samsung,5,5, VAT,5,Inclusive,30,3,,,,
Mobiles,New,UV Glass,Samsung Galaxy S22 UV Glass,,PIECES,,Samsung,5,5, VAT,5,Inclusive,30,1,,,,
Mobiles,New,UV Glass,Samsung Galaxy S22+ Original UV Glass,,PIECES,,Samsung,5,5, VAT,5,Inclusive,30,2,,,,
Mobiles,New,UV Glass,Samsung Galaxy S22 Ultra UV Glass,,PIECES,,Samsung,8,8, VAT,5,Inclusive,30,3,,,,
Mobiles,New,UV Glass,Samsung Galaxy S23 UV Glass,,PIECES,,Samsung,5,5, VAT,5,Inclusive,30,1,,,,
Mobiles,New,UV Glass,Samsung Galaxy S23+ Original UV Glass,,PIECES,,Samsung,5,5, VAT,5,Inclusive,30,1,,,,
Mobiles,New,UV Glass,Samsung Galaxy S23+ UV Glass,,PIECES,,Samsung,5,5, VAT,5,Inclusive,30,1,,,,
Mobiles,New,UV Glass,Samsung Galaxy S23+ UV Glass,,PIECES,,Samsung,5,5, VAT,5,Inclusive,30,1,,,,
Mobiles,New,UV Glass,Samsung Galaxy S23 Ultra UV Glass,,PIECES,,Samsung,8,8, VAT,5,Inclusive,30,2,,,,
Mobiles,New,UV Glass,Samsung Galaxy S24 UV Glass,,PIECES,,Samsung,8,8, VAT,5,Inclusive,30,2,,,,
Mobiles,New,UV Glass,Samsung Galaxy S24 Rayon UV Glass,,PIECES,,Samsung,5,5, VAT,5,Inclusive,30,1,,,,
Mobiles,New,UV Glass,Samsung Galaxy S24+ UV Glass,,PIECES,,Samsung,5,5, VAT,5,Inclusive,30,2,,,,
Mobiles,New,UV Glass,Samsung Galaxy S24+ UV Glass,,PIECES,,Samsung,8,8, VAT,5,Inclusive,30,2,,,,
Mobiles,New,UV Glass,Samsung Galaxy S24 Ultra UV Glass,,PIECES,,Samsung,5,5, VAT,5,Inclusive,30,2,,,,
Mobiles,New,UV Glass,Samsung Galaxy S24 Ultra UV Glass,,PIECES,,Samsung,5,5, VAT,5,Inclusive,30,1,,,,
Mobiles,New,UV Glass,Samsung Galaxy S24 Ultra Rayon UV Glass,,PIECES,,Samsung,5,5, VAT,5,Inclusive,30,2,,,,
Mobiles,New,UV Glass,Samsung Galaxy S24 Ultra UV Glass,,PIECES,,Samsung,8,8, VAT,5,Inclusive,30,2,,,,
Mobiles,New,UV Glass,Samsung Galaxy S25 Ultra UV Glass,,PIECES,,Samsung,8,8, VAT,5,Inclusive,30,3,,,,
Mobiles,New,UV Glass,Samsung Galaxy S25 Ultra UV Glass,,PIECES,,Samsung,5,5, VAT,5,Inclusive,30,1,,,,
Mobiles,New,UV Glass,Oppo Reno13 Pro UV Glass,,PIECES,,Oppo,5,5, VAT,5,Inclusive,30,1,,,,
Mobiles,New,UV Glass,Oppo Reno12 UV Glass,,PIECES,,Oppo,5,5, VAT,5,Inclusive,30,2,,,,
Mobiles,New,UV Glass,Oppo Reno11 Pro Original UV Glass,,PIECES,,Oppo,5,5, VAT,5,Inclusive,30,2,,,,
Mobiles,New,UV Glass,Oppo Reno11 UV Glass,,PIECES,,Oppo,5,5, VAT,5,Inclusive,30,1,,,,
Mobiles,New,UV Glass,Oppo Reno10 Curved UV Glass,,PIECES,,Oppo,5,5, VAT,5,Inclusive,30,2,,,,
Mobiles,New,UV Glass,Oppo Reno8T 5G UV Glass,,PIECES,,Oppo,5,5, VAT,5,Inclusive,30,2,,,,
Mobiles,New,UV Glass,Huawei P30 Pro UV Glass,,PIECES,,Huawei,5,5, VAT,5,Inclusive,30,1,,,,
Mobiles,New,UV Glass,Huawei Pura 70 UV Glass,,PIECES,,Huawei,8,8, VAT,5,Inclusive,30,2,,,,
Mobiles,New,UV Glass,Huawei Nova 9 UV Glass,,PIECES,,Huawei,5,5, VAT,5,Inclusive,30,1,,,,
Mobiles,New,UV Glass,Honor 50 UV Glass,,PIECES,,Honor,5,5, VAT,5,Inclusive,30,2,,,,
Mobiles,New,UV Glass,Honor 50 Curved UV Glass,,PIECES,,Honor,5,5, VAT,5,Inclusive,30,1,,,,
Mobiles,New,UV Glass,Honor 70 UV Glass,,PIECES,,Honor,5,5, VAT,5,Inclusive,30,2,,,,
Mobiles,New,UV Glass,Honor 90 UV Glass,,PIECES,,Honor,5,5, VAT,5,Inclusive,30,2,,,,
Mobiles,New,UV Glass,Honor 200 UV Glass,,PIECES,,Honor,5,5, VAT,5,Inclusive,30,2,,,,
Mobiles,New,UV Glass,Honor X9C UV Glass,,PIECES,,Honor,5,5, VAT,5,Inclusive,30,1,,,,
Mobiles,New,UV Glass,Honor X9B UV Glass,,PIECES,,Honor,5,5, VAT,5,Inclusive,30,1,,,,
Mobiles,New,UV Glass,Honor X9B UV Glass,,PIECES,,HOnor,5,5, VAT,5,Inclusive,30,1,,,,
Mobiles,New,UV Glass,Honor X9A UV Glass,,PIECES,,Honor,5,5, VAT,5,Inclusive,30,2,,,,
Mobiles,New,UV Glass,Honor X9A UV Glass,,PIECES,,HOnor,5,5, VAT,5,Inclusive,30,1,,,,
Mobiles,New,UV Glass,OnePlus Pro UV Glass,,PIECES,,One Plus,8,8, VAT,5,Inclusive,30,1,,,,
Mobiles,New,UV Glass,OnePlus 7 Pro UV Glass,,PIECES,,One Plus,5,5, VAT,5,Inclusive,30,1,,,,
Mobiles,New,UV Glass,Redmi Note 14 Pro+ UV Glass,,PIECES,,Redmi,5,5, VAT,5,Inclusive,30,2,,,,
Mobiles,New,UV Glass,Samsung Galaxy S24+ Ozon Glass,,PIECES,,Samsung,5,5, VAT,5,Inclusive,30,5,,,,
Mobiles,New,UV Glass,Samsung Galaxy S24 9D Glass,,PIECES,,Samsung,5,5, VAT,5,Inclusive,30,3,,,,
Mobiles,New,UV Glass,Samsung Galaxy S22+ 5G Matte Glass,,PIECES,,Samsung,5,5, VAT,5,Inclusive,30,1,,,,
Mobiles,New,UV Glass,Samsung Galaxy S21 Ultra AG Matte Glass,,PIECES,,Samsung,5,5, VAT,5,Inclusive,30,2,,,,
Mobiles,New,UV Glass,Samsung Galaxy S21 Ultra Ozon Glass,,PIECES,,Samsung,5,5, VAT,5,Inclusive,30,1,,,,
Mobiles,New,UV Glass,Samsung Galaxy S21 Ultra Ceramic Glass,,PIECES,,Samsung,5,5, VAT,5,Inclusive,30,3,,,,
Mobiles,New,Glass Card,S21+ 5G,,PIECES,,Samsung,5,5, VAT,5,Inclusive,30,1,,,,
Mobiles,New,Glass Card,S10 5G,,PIECES,,Samsung,5,5, VAT,5,Inclusive,30,2,,,,
Mobiles,New,Glass Card,Galaxy Note20 Ultra,,PIECES,,Samsung,5,5, VAT,5,Inclusive,30,2,,,,
Mobiles,New,Glass Card,Galaxy Note20 Ultra,,PIECES,,Samsung,5,5, VAT,5,Inclusive,30,1,,,,
Mobiles,New,Glass Card,Galaxy Note20,,PIECES,,Samung,5,5, VAT,5,Inclusive,30,2,,,,
Mobiles,New,Glass Card,Galaxy A52,,PIECES,,Samsung,5,5, VAT,5,Inclusive,30,1,,,,
Mobiles,New,Glass Card,RENO2,,PIECES,,Oppo,5,5, VAT,5,Inclusive,30,2,,,,
Mobiles,New,Glass Card,RENO3,,PIECES,,Oppo,5,5, VAT,5,Inclusive,30,2,,,,
Mobiles,New,Glass Card,RENO4,,PIECES,,Oppo,5,5, VAT,5,Inclusive,30,1,,,,
Mobiles,New,Glass Card,RENO5,,PIECES,,Oppo,5,5, VAT,5,Inclusive,30,2,,,,
Mobiles,New,Glass Card,RENO6,,PIECES,,Oppo,5,5, VAT,5,Inclusive,30,1,,,,
Mobiles,New,Glass Card,MATE 20,,PIECES,,Huawei,5,5, VAT,5,Inclusive,30,5,,,,
Mobiles,New,Camera Lens,iPhone 13 Pro Max Camera Lens Protector,,PIECES,,iphone,2,2, VAT,5,Inclusive,20,1,,,,
Mobiles,New,Camera Lens,iPhone 13 Camera Lens Protector,,PIECES,,iphone,2,2, VAT,5,Inclusive,20,4,,,,
Mobiles,New,Camera Lens,iPhone 11 Pro Max Camera Lens Protector,,PIECES,,iphone,2,2, VAT,5,Inclusive,20,1,,,,
Mobiles,New,Camera Lens,iPhone 11 Camera Lens Protector,,PIECES,,iphone,2,2, VAT,5,Inclusive,20,2,,,,
Mobiles,New,Camera Lens,Samsung Galaxy A52 Camera Lens Protector,,PIECES,,iphone,2,2, VAT,5,Inclusive,20,1,,,,
Mobiles,New,Camera Lens,iPhone 17 Pro Max Camera Lens Protector,,PIECES,,iphone,3,3, VAT,5,Inclusive,25,2,,,,
Mobiles,New,Camera Lens,iPhone 17 Pro Max Camera Lens Protector,,PIECES,,iphone,2,2, VAT,5,Inclusive,25,1,,,,
Mobiles,New,Camera Lens,iPhone 17 Pro Max Camera Lens Protector,,PIECES,,iphone,2,2, VAT,5,Inclusive,40,1,,,,
Mobiles,New,Camera Lens,iPhone 17 Pro Max Camera Lens Protector,,PIECES,,iphone,2,2, VAT,5,Inclusive,25,10,,,,
Mobiles,New,Camera Lens,iPhone 17 Pro Max Camera Lens Protector,,PIECES,,iphone,2,2, VAT,5,Inclusive,30,2,,,,
Mobiles,New,Camera Lens,iPhone 17 Pro Max Camera Lens Protector,,PIECES,,iphone,2,2, VAT,5,Inclusive,30,1,,,,
Mobiles,New,Camera Lens,iPhone 17 Pro Max Camera Lens Protector,,PIECES,,iphone,2,2, VAT,5,Inclusive,40,1,,,,
Mobiles,New,Camera Lens,iPhone 17 Pro Max Camera Lens Protector,,PIECES,,iphone,2,2, VAT,5,Inclusive,40,2,,,,
Mobiles,New,Camera Lens,iPhone 17 Pro Max Camera Lens Protector,,PIECES,,iphone,2,2, VAT,5,Inclusive,30,4,,,,
Mobiles,New,Camera Lens,iPhone 17 Pro Camera Lens Protector,,PIECES,,iphone,2,2, VAT,5,Inclusive,40,1,,,,
Mobiles,New,Camera Lens,iPhone 17 Pro Camera Lens Protector,,PIECES,,iphone,2,2, VAT,5,Inclusive,30,1,,,,
Mobiles,New,Camera Lens,iPhone 17 Pro Camera Lens Protector,,PIECES,,iphone,2,2, VAT,5,Inclusive,30,1,,,,
Mobiles,New,Camera Lens,iPhone 17 Air Camera Lens Protector,,PIECES,,iphone,2,2, VAT,5,Inclusive,40,3,,,,
Mobiles,New,Camera Lens,iPhone 17 Air Camera Lens Protector,,PIECES,,iphone,2,2, VAT,5,Inclusive,30,2,,,,
Mobiles,New,Camera Lens,iPhone 17 Camera Lens Protector,,PIECES,,iphone,2,2, VAT,5,Inclusive,40,3,,,,
Mobiles,New,Camera Lens,iPhone 16 Pro Max Camera Lens Protector,,PIECES,,iphone,2,2, VAT,5,Inclusive,40,3,,,,
Mobiles,New,Camera Lens,iPhone 16 Pro Max Camera Lens Protector,,PIECES,,iphone,2,2, VAT,5,Inclusive,50,1,,,,
Mobiles,New,Camera Lens,iPhone 16 Pro Max Camera Lens Protector,,PIECES,,iphone,3,3, VAT,5,Inclusive,25,4,,,,
Mobiles,New,Camera Lens,iPhone 16 Pro Max Camera Lens Protector,,PIECES,,iphone,2,2, VAT,5,Inclusive,25,4,,,,
Mobiles,New,Camera Lens,iPhone 16 / 16 Plus Cam Lens,,PIECES,,iphone,3,3, VAT,5,Inclusive,25,10,,,,
Mobiles,New,Camera Lens,iPhone 16 / 16 Plus Cam Lens,,PIECES,,iphone,2,2, VAT,5,Inclusive,30,8,,,,
Mobiles,New,Camera Lens,iPhone 16 / 16 Plus Cam Lens,,PIECES,,iphone,2,2, VAT,5,Inclusive,30,2,,,,
Mobiles,New,Camera Lens,iPhone 16 / 16 Plus Cam Lens,,PIECES,,iphone,2,2, VAT,5,Inclusive,30,2,,,,
Mobiles,New,Camera Lens,iPhone 16 / 16 Plus Cam Lens,,PIECES,,iphone,2,2, VAT,5,Inclusive,25,1,,,,
Mobiles,New,Camera Lens,iPhone 16 Camera Lens Protector,,PIECES,,iphone,2,2, VAT,5,Inclusive,30,3,,,,
Mobiles,New,Camera Lens,iPhone 16 Camera Lens Protector,,PIECES,,iphone,2,2, VAT,5,Inclusive,25,1,,,,
Mobiles,New,Camera Lens,iPhone 15 Pro Max Camera Lens Protector,,PIECES,,iphone,3,3, VAT,5,Inclusive,25,8,,,,
Mobiles,New,Camera Lens,iPhone 15 Pro Max Camera Lens Protector,,PIECES,,iphone,2,2, VAT,5,Inclusive,30,7,,,,
Mobiles,New,Camera Lens,iPhone 15 Pro Max Camera Lens Protector,,PIECES,,iphone,2,2, VAT,5,Inclusive,50,4,,,,
Mobiles,New,Camera Lens,iPhone 15 Pro Max Camera Lens Protector,,PIECES,,iphone,2,2, VAT,5,Inclusive,25,3,,,,
Mobiles,New,Camera Lens,iPhone 15 Pro Max Camera Lens Protector,,PIECES,,iphone,2,2, VAT,5,Inclusive,30,1,,,,
Mobiles,New,Camera Lens,iPhone 15 Pro Camera Lens Protector,,PIECES,,iphone,2,2, VAT,5,Inclusive,30,1,,,,
Mobiles,New,Camera Lens,iPhone 15 Pro Camera Lens Protector,,PIECES,,iphone,2,2, VAT,5,Inclusive,30,1,,,,
Mobiles,New,Camera Lens,iPhone 15 Pro Camera Lens Protector,,PIECES,,iphone,2,2, VAT,5,Inclusive,25,3,,,,
Mobiles,New,Camera Lens,iPhone 15 Plus Camera Lens Protector,,PIECES,,iphone,2,2, VAT,5,Inclusive,25,5,,,,
Mobiles,New,Camera Lens,iPhone 15 Plus Camera Lens Protector,,PIECES,,iphone,2,2, VAT,5,Inclusive,30,2,,,,
Mobiles,New,Camera Lens,iPhone 15 Plus Camera Lens Protector,,PIECES,,iphone,2,2, VAT,5,Inclusive,30,2,,,,
Mobiles,New,Camera Lens,iPhone 15 / 15 Plus Cam Lens,,PIECES,,iphone,2,2, VAT,5,Inclusive,30,4,,,,
Mobiles,New,Camera Lens,iPhone 15 / 15 Plus Cam Lens,,PIECES,,iphone,3,3, VAT,5,Inclusive,25,3,,,,
Mobiles,New,Camera Lens,iPhone 15 Camera Lens Protector,,PIECES,,iphone,2,2, VAT,5,Inclusive,30,3,,,,
Mobiles,New,Camera Lens,iPhone 15 Camera Lens Protector,,PIECES,,iphone,2,2, VAT,5,Inclusive,30,5,,,,
Mobiles,New,Camera Lens,iPhone 15 Camera Lens Protector,,PIECES,,iphone,2,2, VAT,5,Inclusive,30,2,,,,
Mobiles,New,Camera Lens,iPhone 15 Camera Lens Protector,,PIECES,,iphone,2,2, VAT,5,Inclusive,30,9,,,,
Mobiles,New,Camera Lens,iPhone 14 Pro Max Camera Lens Protector,,PIECES,,iphone,3,3, VAT,5,Inclusive,25,3,,,,
Mobiles,New,Camera Lens,iPhone 14 Pro Max Camera Lens Protector,,PIECES,,iphone,2,2, VAT,5,Inclusive,30,1,,,,
Mobiles,New,Camera Lens,iPhone 14 Pro Max Camera Lens Protector,,PIECES,,iphone,2,2, VAT,5,Inclusive,30,1,,,,
Mobiles,New,Camera Lens,iPhone 14 Pro Max Camera Lens Protector,,PIECES,,iphone,2,2, VAT,5,Inclusive,40,4,,,,
Mobiles,New,Camera Lens,iPhone 14 Pro Max Camera Lens Protector,,PIECES,,iphone,2,2, VAT,5,Inclusive,30,7,,,,
Mobiles,New,Camera Lens,iPhone 14 Pro Max Camera Lens Protector,,PIECES,,iphone,2,2, VAT,5,Inclusive,25,6,,,,
Mobiles,New,Camera Lens,iPhone 14 Plus Camera Lens Protector,,PIECES,,iphone,3,3, VAT,5,Inclusive,25,6,,,,
Mobiles,New,Camera Lens,iPhone 14 Plus Camera Lens Protector,,PIECES,,iphone,2,2, VAT,5,Inclusive,25,3,,,,
Mobiles,New,Camera Lens,iPhone 14 / 14 Plus Cam Lens,,PIECES,,iphone,2,2, VAT,5,Inclusive,30,4,,,,
Mobiles,New,Camera Lens,iPhone 14 / 14 Plus Cam Lens,,PIECES,,iphone,2,2, VAT,5,Inclusive,25,1,,,,
Mobiles,New,Camera Lens,iPhone 14 Pro Camera Lens Protector,,PIECES,,iphone,2,2, VAT,5,Inclusive,25,4,,,,
Mobiles,New,Camera Lens,iPhone 14 Camera Lens Protector,,PIECES,,iphone,2,2, VAT,5,Inclusive,25,3,,,,
Mobiles,New,Camera Lens,iPhone 14 Camera Lens Protector,,PIECES,,iphone,2,2, VAT,5,Inclusive,30,3,,,,
Mobiles,New,Camera Lens,iPhone 13 Pro Max Camera Lens Protector,,PIECES,,iphone,3,3, VAT,5,Inclusive,25,5,,,,
Mobiles,New,Camera Lens,iPhone 13 Pro Max Camera Lens Protector,,PIECES,,iphone,2,2, VAT,5,Inclusive,30,2,,,,
Mobiles,New,Camera Lens,iPhone 13 Pro Max Camera Lens Protector,,PIECES,,iphone,2,2, VAT,5,Inclusive,30,2,,,,
Mobiles,New,Camera Lens,iPhone 13 Pro Max Camera Lens Protector,,PIECES,,iphone,2,2, VAT,5,Inclusive,25,7,,,,
Mobiles,New,Camera Lens,iPhone 13 Pro / 13 Pro Max Cam Lens,,PIECES,,iphone,2,2, VAT,5,Inclusive,30,1,,,,
Mobiles,New,Camera Lens,iPhone 13 Pro Camera Lens Protector,,PIECES,,iphone,2,2, VAT,5,Inclusive,25,3,,,,
Mobiles,New,Camera Lens,iPhone 13 Camera Lens Protector,,PIECES,,iphone,2,2, VAT,5,Inclusive,25,8,,,,
Mobiles,New,Camera Lens,iPhone 13 Camera Lens Protector,,PIECES,,iphone,2,2, VAT,5,Inclusive,30,2,,,,
Mobiles,New,Camera Lens,iPhone 13 Camera Lens Protector,,PIECES,,iphone,2,2, VAT,5,Inclusive,30,1,,,,
Mobiles,New,Camera Lens,iPhone 13 / 13 Mini Cam Lens,,PIECES,,iphone,2,2, VAT,5,Inclusive,30,6,,,,
Mobiles,New,Camera Lens,iPhone 12 Pro Max Camera Lens Protector,,PIECES,,iphone,2,2, VAT,5,Inclusive,30,2,,,,
Mobiles,New,Camera Lens,iPhone 12 Pro Max Camera Lens Protector,,PIECES,,iphone,2,2, VAT,5,Inclusive,30,6,,,,
Mobiles,New,Camera Lens,iPhone 12 Pro Max Camera Lens Protector,,PIECES,,iphone,2,2, VAT,5,Inclusive,30,3,,,,
Mobiles,New,Camera Lens,iPhone 12 Pro Max Camera Lens Protector,,PIECES,,iphone,2,2, VAT,5,Inclusive,30,4,,,,
Mobiles,New,Camera Lens,iPhone 12 Pro Max Camera Lens Protector,,PIECES,,iphone,2,2, VAT,5,Inclusive,25,2,,,,
Mobiles,New,Camera Lens,iPhone 12 Pro Camera Lens Protector,,PIECES,,iphone,2,2, VAT,5,Inclusive,25,1,,,,
Mobiles,New,Camera Lens,iPhone 12 Pro Camera Lens Protector,,PIECES,,iphone,2,2, VAT,5,Inclusive,30,7,,,,
Mobiles,New,Camera Lens,iPhone 12 Pro Camera Lens Protector,,PIECES,,iphone,2,2, VAT,5,Inclusive,25,5,,,,
Mobiles,New,Camera Lens,iPhone 12 Camera Lens Protector,,PIECES,,iphone,2,2, VAT,5,Inclusive,30,1,,,,
Mobiles,New,Camera Lens,iPhone 12 Camera Lens Protector,,PIECES,,iphone,2,2, VAT,5,Inclusive,30,2,,,,
Mobiles,New,Camera Lens,iPhone 11 Pro Max Camera Lens Protector,,PIECES,,iphone,2,2, VAT,5,Inclusive,25,2,,,,
Mobiles,New,Camera Lens,iPhone 11 Camera Lens Protector,,PIECES,,iphone,2,2, VAT,5,Inclusive,25,5,,,,
Mobiles,New,Camera Lens,Samsung Galaxy S26+ Cam Lens,,PIECES,,Samsung,2,2, VAT,5,Inclusive,40,1,,,,
Mobiles,New,Camera Lens,Samsung Galaxy S26 Camera Lens Protector,,PIECES,,Samsung,2,2, VAT,5,Inclusive,40,3,,,,
Mobiles,New,Camera Lens,Samsung Galaxy S25 Ultra Cam Lens,,PIECES,,Samsung,2,2, VAT,5,Inclusive,30,1,,,,
Mobiles,New,Camera Lens,Samsung Galaxy S25 Ultra Cam Lens,,PIECES,,Samsung,2,2, VAT,5,Inclusive,40,1,,,,
Mobiles,New,Camera Lens,Samsung Galaxy S25 Ultra Cam Lens,,PIECES,,Samsung,2,2, VAT,5,Inclusive,25,8,,,,
Mobiles,New,Camera Lens,Samsung Galaxy S24 Ultra Cam Lens,,PIECES,,Samsung,2,2, VAT,5,Inclusive,40,2,,,,
Mobiles,New,Camera Lens,Samsung Galaxy S24 Ultra Cam Lens,,PIECES,,Samsung,2,2, VAT,5,Inclusive,25,2,,,,
Mobiles,New,Camera Lens,Samsung Galaxy S23 Ultra Cam Lens,,PIECES,,Samsung,2,2, VAT,5,Inclusive,30,8,,,,
Mobiles,New,Camera Lens,Samsung Galaxy S23 Ultra Cam Lens,,PIECES,,Samsung,2,2, VAT,5,Inclusive,25,2,,,,
Mobiles,New,Camera Lens,Samsung Galaxy S23 Ultra Cam Lens,,PIECES,,Samsung,2,2, VAT,5,Inclusive,30,2,,,,
Mobiles,New,Camera Lens,Samsung Galaxy S23 Camera Lens Protector,,PIECES,,Samsung,2,2, VAT,5,Inclusive,30,2,,,,
Mobiles,New,Camera Lens,Samsung Galaxy S22 Ultra Cam Lens,,PIECES,,Samsung,2,2, VAT,5,Inclusive,25,7,,,,
Mobiles,New,Camera Lens,Samsung Galaxy S22 Ultra Cam Lens,,PIECES,,Samsung,2,2, VAT,5,Inclusive,30,3,,,,
Mobiles,New,Camera Lens,Samsung Galaxy S22+ Cam Lens,,PIECES,,Samsung,2,2, VAT,5,Inclusive,30,3,,,,
Mobiles,New,Camera Lens,Samsung Galaxy S22 Camera Lens Protector,,PIECES,,Samsung,2,2, VAT,5,Inclusive,30,3,,,,
Mobiles,New,Camera Lens,Samsung Galaxy S21 Ultra Cam Lens,,PIECES,,Samsung,2,2, VAT,5,Inclusive,30,1,,,,
Mobiles,New,Camera Lens,Samsung Galaxy S20 Ultra Cam Lens,,PIECES,,Samsung,2,2, VAT,5,Inclusive,25,1,,,,
Mobiles,New,Camera Lens,Samsung Galaxy A17 Camera Lens Protector,,PIECES,,Samsung,2,2, VAT,5,Inclusive,30,2,,,,
Mobiles,New,Camera Lens,Samsung Galaxy A16 Camera Lens Protector,,PIECES,,Samsung,2,2, VAT,5,Inclusive,30,3,,,,
Mobiles,New,Camera Lens,Honor 400 Lite Camera Lens Protector,,PIECES,,Honor,2,2, VAT,5,Inclusive,30,4,,,,
Mobiles,New,Camera Lens,Honor 400 Lite Camera Lens Protector,,PIECES,,Honor,2,2, VAT,5,Inclusive,30,3,,,,
Watches,New,Screen Protector,38mm Watch Glass Protector,,PIECES,,Unknown,2,2, VAT,5,Inclusive,30,1,,,,
Watches,New,Screen Protector,38mm Nano Watch Glass Protector,,PIECES,,Unknown,2,2, VAT,5,Inclusive,30,1,,,,
Watches,New,Screen Protector,42mm Watch Glass Protector,,PIECES,,Unknown,2,2, VAT,5,Inclusive,30,1,,,,
Watches,New,Screen Protector,44mm Full Stick Watch Glass Protector,,PIECES,,Unknown,2,2, VAT,5,Inclusive,30,2,,,,
Watches,New,Screen Protector,46mm Original Watch Glass Protector,,PIECES,,Unknown,2,2, VAT,5,Inclusive,30,2,,,,
Watches,New,Screen Protector,45mm Full Stick Watch Glass Protector,,PIECES,,Unknown,2,2, VAT,5,Inclusive,30,1,,,,
Watches,New,Screen Protector,45mm Large Arc Watch Glass Protector,,PIECES,,Unknown,2,2, VAT,5,Inclusive,30,1,,,,
Watches,New,Screen Protector,45mm 10D Watch Glass Protector,,PIECES,,Unknown,2,2, VAT,5,Inclusive,30,1,,,,
Watches,New,Screen Protector,49mm Full Glue Watch Glass Protector,,PIECES,,Unknown,2,2, VAT,5,Inclusive,30,1,,,,
Mobiles,New,Airpods,AirPods 4 Back Cover,,PIECES,,Apple,7,7, VAT,5,Inclusive,40,2,,,,
Mobiles,New,Airpods,AirPods 3 Silicone Case,,PIECES,,Apple,4,4, VAT,5,Inclusive,30,1,,,,
Mobiles,New,Airpods,AirPods 3 Back Cover,,PIECES,,Apple,7,7, VAT,5,Inclusive,40,2,,,,
Mobiles,New,Airpods,AirPods Pro 2 Silicone Case,,PIECES,,Apple,4,4, VAT,5,Inclusive,30,3,,,,
Mobiles,New,Airpods,AirPods 3 Silicone Case,,PIECES,,Apple,4,4, VAT,5,Inclusive,30,1,,,,
Mobiles,New,Airpods,AirPods 1/2 Silicone Case,,PIECES,,Apple,4,4, VAT,5,Inclusive,30,6,,,,
Mobiles,New,Airpods,Samsung Galaxy Buds Silicone Case,,PIECES,,Samsung,4,4, VAT,5,Inclusive,30,2,,,,
Mobiles,New,Back Cover,Samsung Galaxy A73 Back Cover,,PIECES,,Samsung,5,5, VAT,5,Inclusive,20,1,,,,
Mobiles,New,Back Cover,Samsung Galaxy A73 Back Cover,,PIECES,,Samsung,5,5, VAT,5,Inclusive,20,4,,,,
Mobiles,New,Back Cover,Samsung Galaxy A73 Back Cover,,PIECES,,Samsung,5,5, VAT,5,Inclusive,20,3,,,,
Mobiles,New,Back Cover,Samsung Galaxy A73 Back Cover,,PIECES,,Samsung,5,5, VAT,5,Inclusive,20,1,,,,
Mobiles,New,5D Glass,Samsung Galaxy A71/A72 5D Glass,,PIECES,,Samsung,5,5, VAT,5,Inclusive,20,2,,,,
Mobiles,New,5D Glass,Samsung Galaxy A72 5D Glass,,PIECES,,Samsung,5,5, VAT,5,Inclusive,20,2,,,,
Mobiles,New,5D Glass,Samsung Galaxy A70 5D Glass,,PIECES,,Samsung,5,5, VAT,5,Inclusive,20,4,,,,
Mobiles,New,5D Glass,Samsung Galaxy A70 5D Glass,,PIECES,,Samsung,5,5, VAT,5,Inclusive,20,12,,,,
Mobiles,New,5D Glass,Samsung Galaxy A70 5D Glass,,PIECES,,Samsung,5,5, VAT,5,Inclusive,20,1,,,,
Mobiles,New,5D Glass,Samsung/Vivo (F62–Y100T) 5D Glass,,PIECES,,Samsung,5,5, VAT,5,Inclusive,20,9,,,,
Mobiles,New,5D Glass,Samsung Galaxy A62 5D Glass,,PIECES,,Samsung,5,5, VAT,5,Inclusive,20,1,,,,
Mobiles,New,5D Glass,Samsung Galaxy A62 5D Glass,,PIECES,,Samsung,5,5, VAT,5,Inclusive,20,1,,,,
Mobiles,New,5D Glass,5D Glass Multi Model (A51–K9 Pro),,PIECES,,Samsung,5,5, VAT,5,Inclusive,20,7,,,,
Mobiles,New,5D Glass,Samsung Galaxy M51 5D Glass,,PIECES,,Samsung,5,5, VAT,5,Inclusive,20,4,,,,
Mobiles,New,5D Glass,Samsung Galaxy A55 5D Glass,,PIECES,,Samsung,5,5, VAT,5,Inclusive,20,1,,,,
Mobiles,New,5D Glass,Samsung Galaxy A55 Privacy Glass,,PIECES,,Samsung,5,5, VAT,5,Inclusive,20,4,,,,
Mobiles,New,5D Glass,Samsung Galaxy A55 5D Glass,,PIECES,,Samsung,5,5, VAT,5,Inclusive,20,2,,,,
Mobiles,New,5D Glass,Samsung Galaxy A55 5D Glass,,PIECES,,Samsung,5,5, VAT,5,Inclusive,20,6,,,,
Mobiles,New,5D Glass,Samsung Galaxy A54 HD Glass,,PIECES,,Samsung,5,5, VAT,5,Inclusive,20,3,,,,
Mobiles,New,5D Glass,Samsung Galaxy A54 5D Glass,,PIECES,,Samsung,5,5, VAT,5,Inclusive,20,1,,,,
Mobiles,New,5D Glass,Samsung Galaxy A54 5D Glass,,PIECES,,Samsung,5,5, VAT,5,Inclusive,20,19,,,,
Mobiles,New,5D Glass,Samsung Galaxy A54 Tempered Glass,,PIECES,,Samsung,5,5, VAT,5,Inclusive,20,8,,,,
Mobiles,New,5D Glass,Samsung Galaxy A54 Original Glass,,PIECES,,Samsung,5,5, VAT,5,Inclusive,20,1,,,,
Mobiles,New,5D Glass,Samsung Galaxy A54 Privacy Glass,,PIECES,,Samsung,5,5, VAT,5,Inclusive,20,2,,,,
Mobiles,New,5D Glass,Samsung Galaxy A53 5D Glass,,PIECES,,Samsung,5,5, VAT,5,Inclusive,20,25,,,,
Mobiles,New,5D Glass,Samsung Galaxy A53 9D Glass,,PIECES,,Samsung,5,5, VAT,5,Inclusive,20,1,,,,
Mobiles,New,5D Glass,Samsung Galaxy A53 IKP Glass,,PIECES,,Samsung,5,5, VAT,5,Inclusive,20,1,,,,
Mobiles,New,5D Glass,Samsung Galaxy A53 9H Glass,,PIECES,,Samsung,5,5, VAT,5,Inclusive,20,1,,,,
Mobiles,New,5D Glass,Samsung Galaxy A52 5D Glass,,PIECES,,Samsung,5,5, VAT,5,Inclusive,20,1,,,,
Mobiles,New,5D Glass,Samsung Galaxy A51 Original Glass,,PIECES,,Samsung,5,5, VAT,5,Inclusive,20,2,,,,
Mobiles,New,5D Glass,Samsung Galaxy A51 Privacy Glass,,PIECES,,Samsung,5,5, VAT,5,Inclusive,20,1,,,,
Mobiles,New,5D Glass,Samsung Galaxy M51 Unipha Glass,,PIECES,,Samsung,5,5, VAT,5,Inclusive,20,1,,,,
Mobiles,New,5D Glass,Samsung Galaxy A50 5D Glass,,PIECES,,Samsung,5,5, VAT,5,Inclusive,20,4,,,,
Mobiles,New,5D Glass,Samsung Galaxy A50 10D Glass,,PIECES,,Samsung,5,5, VAT,5,Inclusive,20,1,,,,
Mobiles,New,5D Glass,OG Glass Samsung A36–S25 FE,,PIECES,,Samsung,5,5, VAT,5,Inclusive,20,2,,,,
Mobiles,New,5D Glass,Samsung Galaxy A36 Original Glass,,PIECES,,Samsung,5,5, VAT,5,Inclusive,20,3,,,,
Mobiles,New,5D Glass,Samsung Galaxy A35 5D Glass,,PIECES,,Samsung,5,5, VAT,5,Inclusive,20,7,,,,
Mobiles,New,5D Glass,Samsung Galaxy A35 Original Glass,,PIECES,,Samsung,5,5, VAT,5,Inclusive,20,6,,,,
Mobiles,New,5D Glass,Samsung Galaxy A34 5D Glass,,PIECES,,Samsung,5,5, VAT,5,Inclusive,20,20,,,,
Mobiles,New,5D Glass,Samsung Galaxy A34 OG Glass,,PIECES,,Samsung,5,5, VAT,5,Inclusive,20,9,,,,
Mobiles,New,5D Glass,Samsung Galaxy A34 Tenmark Glass,,PIECES,,Samsung,5,5, VAT,5,Inclusive,20,1,,,,
Mobiles,New,5D Glass,Samsung Galaxy A34 Original Glass,,PIECES,,Samsung,5,5, VAT,5,Inclusive,20,4,,,,
Mobiles,New,5D Glass,Samsung Galaxy A33 5D Glass,,PIECES,,Samsung,5,5, VAT,5,Inclusive,20,4,,,,
Mobiles,New,5D Glass,Samsung Galaxy A33 Ozon Glass,,PIECES,,Samsung,5,5, VAT,5,Inclusive,20,1,,,,
Mobiles,New,5D Glass,Samsung Galaxy A33 Original Glass,,PIECES,,Samsung,5,5, VAT,5,Inclusive,20,1,,,,
Mobiles,New,5D Glass,Samsung Galaxy M33 9D Glass,,PIECES,,Samsung,5,5, VAT,5,Inclusive,20,1,,,,
Mobiles,New,5D Glass,Samsung Galaxy A32 5G Original Glass,,PIECES,,Samsung,5,5, VAT,5,Inclusive,20,2,,,,
Mobiles,New,5D Glass,Samsung Galaxy A32 4G Tempered Glass,,PIECES,,Samsung,5,5, VAT,5,Inclusive,20,1,,,,
Mobiles,New,5D Glass,Samsung Galaxy A32 4G 5D Glass,,PIECES,,Samsung,5,5, VAT,5,Inclusive,20,4,,,,
Mobiles,New,5D Glass,Samsung Galaxy M31s Unipha Glass,,PIECES,,Samsung,5,5, VAT,5,Inclusive,20,1,,,,
Mobiles,New,5D Glass,Samsung Galaxy M31 9H Privacy Glass,,PIECES,,Samsung,5,5, VAT,5,Inclusive,20,1,,,,
Mobiles,New,5D Glass,Samsung Galaxy M31 5D Glass,,PIECES,,Samsung,5,5, VAT,5,Inclusive,20,2,,,,
Mobiles,New,5D Glass,Samsung Galaxy A31 Ozon Glass,,PIECES,,Samsung,5,5, VAT,5,Inclusive,20,1,,,,
Mobiles,New,5D Glass,Samsung Galaxy A30 5D Glass,,PIECES,,Samsung,5,5, VAT,5,Inclusive,20,6,,,,
Mobiles,New,5D Glass,Samsung Galaxy A26 Original Glass,,PIECES,,Samsung,5,5, VAT,5,Inclusive,20,3,,,,
Mobiles,New,5D Glass,Samsung Galaxy A25 Ozon Glass,,PIECES,,Samsung,5,5, VAT,5,Inclusive,20,7,,,,
Mobiles,New,5D Glass,Samsung Galaxy A25 5D Glass,,PIECES,,Samsung,5,5, VAT,5,Inclusive,20,3,,,,
Mobiles,New,5D Glass,Samsung Galaxy A24 5D Glass,,PIECES,,Samsung,5,5, VAT,5,Inclusive,20,1,,,,
Mobiles,New,5D Glass,Samsung Galaxy A23 5D Glass,,PIECES,,Samsung,5,5, VAT,5,Inclusive,20,4,,,,
Mobiles,New,5D Glass,Samsung Galaxy A23 4G 5D Glass,,PIECES,,Samsung,5,5, VAT,5,Inclusive,20,4,,,,
Mobiles,New,5D Glass,Samsung Galaxy A23 5G 5D Glass,,PIECES,,Samsung,5,5, VAT,5,Inclusive,20,2,,,,
Mobiles,New,5D Glass,Samsung A22 5G / F42 5G A14 5G 5D Glass,,PIECES,,Samsung,5,5, VAT,5,Inclusive,20,13,,,,
Mobiles,New,5D Glass,Samsung Galaxy A22 5G 5D Glass,,PIECES,,Samsung,5,5, VAT,5,Inclusive,20,1,,,,
Mobiles,New,5D Glass,Samsung Galaxy A22 5G 9H Glass,,PIECES,,Samsung,5,5, VAT,5,Inclusive,20,2,,,,
Mobiles,New,5D Glass,Samsung Galaxy A22 4G 9D Glass,,PIECES,,Samsung,5,5, VAT,5,Inclusive,20,2,,,,
Mobiles,New,5D Glass,Samsung Galaxy A21s 5D Glass,,PIECES,,Samsung,5,5, VAT,5,Inclusive,20,2,,,,
Mobiles,New,5D Glass,Samsung Galaxy A21s AG Glass,,PIECES,,Samsung,5,5, VAT,5,Inclusive,20,2,,,,
Mobiles,New,5D Glass,Samsung Galaxy A21 / A21s Glass,,PIECES,,Samsung,5,5, VAT,5,Inclusive,20,2,,,,
Mobiles,New,5D Glass,Samsung Galaxy A20s Mobimax Glass,,PIECES,,Samsung,5,5, VAT,5,Inclusive,20,2,,,,
Mobiles,New,5D Glass,Samsung Galaxy A20s 5D Glass,,PIECES,,Samsung,5,5, VAT,5,Inclusive,20,3,,,,
Mobiles,New,5D Glass,Samsung Galaxy A20 Super Glass,,PIECES,,Samsung,5,5, VAT,5,Inclusive,20,9,,,,
Mobiles,New,5D Glass,Samsung Galaxy A20 Ozon Glass,,PIECES,,Samsung,5,5, VAT,5,Inclusive,20,1,,,,
Mobiles,New,5D Glass,Samsung Galaxy A20 AG Glass,,PIECES,,Samsung,5,5, VAT,5,Inclusive,20,2,,,,
Mobiles,New,5D Glass,Samsung Galaxy A20 ESD Glass,,PIECES,,Samsung,5,5, VAT,5,Inclusive,20,4,,,,
Mobiles,New,5D Glass,Samsung Galaxy M20 5D Glass,,PIECES,,Samsung,5,5, VAT,5,Inclusive,20,2,,,,
Mobiles,New,5D Glass,White 5D Glass Samsung A20–F41,,PIECES,,Samsung,5,5, VAT,5,Inclusive,20,17,,,,
Mobiles,New,5D Glass,Samsung A16 / A17 / A26 M16 F16 5D Glass,,PIECES,,Samsung,5,5, VAT,5,Inclusive,20,8,,,,
Mobiles,New,5D Glass,Samsung A16 / A17 / A26 / M16 F16 Glass,,PIECES,,Samsung,5,5, VAT,5,Inclusive,20,9,,,,
Mobiles,New,5D Glass,Samsung Galaxy A16 5D Glass,,PIECES,,Samsung,5,5, VAT,5,Inclusive,20,3,,,,
Mobiles,New,5D Glass,Samsung Galaxy A16 ESD Privacy Glass,,PIECES,,Samsung,5,5, VAT,5,Inclusive,20,10,,,,
Mobiles,New,5D Glass,Samsung Galaxy A16 Original Glass,,PIECES,,Samsung,5,5, VAT,5,Inclusive,20,3,,,,
Mobiles,New,5D Glass,Samsung Galaxy A15 OG Glass,,PIECES,,Samsung,5,5, VAT,5,Inclusive,20,1,,,,
Mobiles,New,5D Glass,Samsung Galaxy A15 5D Glass,,PIECES,,Samsung,5,5, VAT,5,Inclusive,20,1,,,,
Mobiles,New,5D Glass,Samsung Galaxy A13 5D Glass,,PIECES,,Samsung,5,5, VAT,5,Inclusive,20,1,,,,
Mobiles,New,5D Glass,Samsung Galaxy A13 Privacy Glass,,PIECES,,Samsung,5,5, VAT,5,Inclusive,20,2,,,,
Mobiles,New,5D Glass,Samsung Galaxy A12 Tempered Glass,,PIECES,,Samsung,5,5, VAT,5,Inclusive,20,1,,,,
Mobiles,New,5D Glass,Samsung Galaxy A11 5D Glass,,PIECES,,Samsung,5,5, VAT,5,Inclusive,20,8,,,,
Mobiles,New,5D Glass,Samsung Galaxy A01 5D Glass,,PIECES,,Samsung,5,5, VAT,5,Inclusive,20,5,,,,
Mobiles,New,5D Glass,Samsung Galaxy A01 Core 5D Glass,,PIECES,,Samsung,5,5, VAT,5,Inclusive,20,1,,,,
Mobiles,New,5D Glass,Samsung Galaxy M01 Core Ozon Glass,,PIECES,,Samsung,5,5, VAT,5,Inclusive,20,1,,,,
Mobiles,New,5D Glass,Samsung Galaxy A04e 5D Glass,,PIECES,,Samsung,5,5, VAT,5,Inclusive,20,1,,,,
Mobiles,New,5D Glass,Samsung Galaxy A05 Original Glass,,PIECES,,Samsung,5,5, VAT,5,Inclusive,20,1,,,,
Mobiles,New,5D Glass,Samsung Galaxy A05s ESD Glass,,PIECES,,Samsung,5,5, VAT,5,Inclusive,20,1,,,,
Mobiles,New,5D Glass,Samsung Galaxy A06 CF Glass,,PIECES,,Samsung,5,5, VAT,5,Inclusive,20,5,,,,
Mobiles,New,5D Glass,Samsung Galaxy A07 OG Glass,,PIECES,,Samsung,5,5, VAT,5,Inclusive,20,6,,,,
Mobiles,New,5D Glass,Samsung Galaxy A9 (2018) MABCO Glass,,PIECES,,Samsung,5,5, VAT,5,Inclusive,20,1,,,,
Mobiles,New,5D Glass,Samsung Galaxy A9 (2018) 5D Glass,,PIECES,,Samsung,5,5, VAT,5,Inclusive,20,2,,,,
Mobiles,New,5D Glass,Samsung Galaxy A7 (2018) 5D Glass,,PIECES,,Samsung,5,5, VAT,5,Inclusive,20,3,,,,
Mobiles,New,5D Glass,Samsung Galaxy A7-6 Unipha Glass,,PIECES,,Samsung,5,5, VAT,5,Inclusive,20,2,,,,
Mobiles,New,5D Glass,Samsung Galaxy A7 Ozon Glass,,PIECES,,Samsung,5,5, VAT,5,Inclusive,20,1,,,,
Mobiles,New,5D Glass,Samsung Galaxy A6+ 5D Glass,,PIECES,,Samsung,5,5, VAT,5,Inclusive,20,1,,,,
Mobiles,New,5D Glass,Samsung Galaxy A5 (2018) Tempered Glass,,PIECES,,Samsung,5,5, VAT,5,Inclusive,20,1,,,,
Mobiles,New,5D Glass,Samsung Galaxy S26 Ultra OG Glass,,PIECES,,Samsung,5,5, VAT,5,Inclusive,20,2,,,,
Mobiles,New,5D Glass,Samsung Galaxy S26 MLETUBL Glass,,PIECES,,Samsung,5,5, VAT,5,Inclusive,20,9,,,,
Mobiles,New,5D Glass,Samsung Galaxy S25 Ultra Privacy Glass,,PIECES,,Samsung,5,5, VAT,5,Inclusive,20,2,,,,
Mobiles,New,5D Glass,Samsung Galaxy S25 Ultra HD Glass,,PIECES,,Samsung,5,5, VAT,5,Inclusive,20,19,,,,
Mobiles,New,5D Glass,Samsung Galaxy S25 Ultra 5D Glass,,PIECES,,Samsung,5,5, VAT,5,Inclusive,20,1,,,,
Mobiles,New,5D Glass,Samsung Galaxy S25 OG Glass,,PIECES,,Samsung,5,5, VAT,5,Inclusive,20,5,,,,
Mobiles,New,5D Glass,Samsung Galaxy S24 Ultra Glass,,PIECES,,Samsung,5,5, VAT,5,Inclusive,20,9,,,,
Mobiles,New,5D Glass,Samsung Galaxy S24 Ultra Privacy Glass,,PIECES,,Samsung,5,5, VAT,5,Inclusive,20,5,,,,
Mobiles,New,5D Glass,Samsung Galaxy S24 Ultra MLETUBL Glass,,PIECES,,Samsung,5,5, VAT,5,Inclusive,20,5,,,,
Mobiles,New,5D Glass,Samsung Galaxy S24+ 9D Glass,,PIECES,,Samsung,5,5, VAT,5,Inclusive,20,1,,,,
Mobiles,New,5D Glass,Samsung Galaxy S24 FE 5D Glass,,PIECES,,Samsung,5,5, VAT,5,Inclusive,20,1,,,,
Mobiles,New,5D Glass,Samsung Galaxy S24 9D Glass,,PIECES,,Samsung,5,5, VAT,5,Inclusive,20,3,,,,
Mobiles,New,5D Glass,Samsung Galaxy S23 Ultra 9H Glass,,PIECES,,Samsung,5,5, VAT,5,Inclusive,20,1,,,,
Mobiles,New,5D Glass,Samsung Galaxy S23 Ultra AG Glass,,PIECES,,Samsung,5,5, VAT,5,Inclusive,20,3,,,,
Mobiles,New,5D Glass,Samsung Galaxy S23 Ultra Marco Glass,,PIECES,,Samsung,5,5, VAT,5,Inclusive,20,2,,,,
Mobiles,New,5D Glass,Samsung Galaxy S23 FE IKP Glass,,PIECES,,Samsung,5,5, VAT,5,Inclusive,20,1,,,,
Mobiles,New,5D Glass,Samsung Galaxy S23 FE 5D Glass,,PIECES,,Samsung,5,5, VAT,5,Inclusive,20,6,,,,
Mobiles,New,5D Glass,Samsung Galaxy S23 AG Glass,,PIECES,,Samsung,5,5, VAT,5,Inclusive,20,1,,,,
Mobiles,New,5D Glass,Samsung Galaxy S23 X EIF Glass,,PIECES,,Samsung,5,5, VAT,5,Inclusive,20,10,,,,
Mobiles,New,5D Glass,Samsung Galaxy S22+ AKDIBL Glass,,PIECES,,Samsung,5,5, VAT,5,Inclusive,20,4,,,,
Mobiles,New,5D Glass,Samsung Galaxy S22 AG Glass,,PIECES,,Samsung,5,5, VAT,5,Inclusive,20,3,,,,
Mobiles,New,5D Glass,Samsung Galaxy S21 Ultra Privacy Glass,,PIECES,,Samsung,5,5, VAT,5,Inclusive,20,1,,,,
Mobiles,New,5D Glass,Samsung Galaxy S21 OG Glass,,PIECES,,Samsung,5,5, VAT,5,Inclusive,20,9,,,,
Mobiles,New,5D Glass,Samsung Galaxy S21 MLETUBL Glass,,PIECES,,Samsung,5,5, VAT,5,Inclusive,20,14,,,,
Mobiles,New,5D Glass,Samsung Galaxy S21 9D Glass,,PIECES,,Samsung,5,5, VAT,5,Inclusive,20,2,,,,
Mobiles,New,5D Glass,Samsung Galaxy S20 FE KHA Glass,,PIECES,,Samsung,5,5, VAT,5,Inclusive,20,8,,,,
Mobiles,New,5D Glass,Samsung Galaxy S10+ AG Glass,,PIECES,,Samsung,5,5, VAT,5,Inclusive,20,3,,,,
Mobiles,New,5D Glass,Samsung Galaxy S10+ Original Glass,,PIECES,,Samsung,5,5, VAT,5,Inclusive,20,2,,,,
Mobiles,New,5D Glass,Samsung Galaxy S10 5G AG Glass,,PIECES,,Samsung,5,5, VAT,5,Inclusive,20,1,,,,
Mobiles,New,5D Glass,Samsung Galaxy S10 5G 9D Glass,,PIECES,,Samsung,5,5, VAT,5,Inclusive,20,1,,,,
Mobiles,New,5D Glass,Samsung Galaxy S10e Ozon Glass,,PIECES,,Samsung,5,5, VAT,5,Inclusive,20,1,,,,
Mobiles,New,5D Glass,Samsung Galaxy S9 9H Glass,,PIECES,,Samsung,5,5, VAT,5,Inclusive,20,2,,,,
Mobiles,New,5D Glass,Samsung Galaxy J7 Pro 5D Glass,,PIECES,,Samsung,5,5, VAT,5,Inclusive,20,3,,,,
Mobiles,New,5D Glass,Samsung Galaxy J7 Prime 5D Glass,,PIECES,,Samsung,5,5, VAT,5,Inclusive,20,3,,,,
Mobiles,New,5D Glass,Samsung Galaxy J7 (2017) Glass,,PIECES,,Samsung,5,5, VAT,5,Inclusive,20,3,,,,
Mobiles,New,5D Glass,Samsung Galaxy J6+ 5D Glass,,PIECES,,Samsung,5,5, VAT,5,Inclusive,20,1,,,,
Mobiles,New,5D Glass,Samsung Galaxy J6 5D Glass,,PIECES,,Samsung,5,5, VAT,5,Inclusive,20,1,,,,
Mobiles,New,5D Glass,Samsung Galaxy J5 Pro Glass,,PIECES,,Samsung,5,5, VAT,5,Inclusive,20,1,,,,
Mobiles,New,5D Glass,Samsung Galaxy J5 Glass,,PIECES,,Samsung,5,5, VAT,5,Inclusive,20,2,,,,
Mobiles,New,5D Glass,Samsung Galaxy J4+ 5D Glass,,PIECES,,Samsung,5,5, VAT,5,Inclusive,20,4,,,,
Mobiles,New,5D Glass,Redmi A2+ 5D Glass,,PIECES,,Redmi,5,5, VAT,5,Inclusive,20,7,,,,
Mobiles,New,5D Glass,Redmi A2+ AKDIBL Glass,,PIECES,,Redmi,5,5, VAT,5,Inclusive,20,1,,,,
Mobiles,New,5D Glass,Redmi A3 5D Glass,,PIECES,,Redmi,5,5, VAT,5,Inclusive,20,4,,,,
Mobiles,New,5D Glass,Redmi A3 New AKDIBL Glass,,PIECES,,Redmi,5,5, VAT,5,Inclusive,20,1,,,,
Mobiles,New,5D Glass,Redmi A5 5D Glass,,PIECES,,Redmi,5,5, VAT,5,Inclusive,20,9,,,,
Mobiles,New,5D Glass,Redmi 9A 5D Glass,,PIECES,,Redmi,5,5, VAT,5,Inclusive,20,1,,,,
Mobiles,New,5D Glass,Redmi 9A Karerte Glass,,PIECES,,Redmi,5,5, VAT,5,Inclusive,20,5,,,,
Mobiles,New,5D Glass,Redmi 9A Original Glass,,PIECES,,Redmi,5,5, VAT,5,Inclusive,20,1,,,,
Mobiles,New,5D Glass,Redmi 9T 5D Glass,,PIECES,,Redmi,5,5, VAT,5,Inclusive,20,1,,,,
Mobiles,New,5D Glass,Redmi 9T Ozon Glass,,PIECES,,Redmi,5,5, VAT,5,Inclusive,20,1,,,,
Mobiles,New,5D Glass,Redmi 9T IKP Glass,,PIECES,,Redmi,5,5, VAT,5,Inclusive,20,1,,,,
Mobiles,New,5D Glass,Redmi 10C New Glass,,PIECES,,Redmi,5,5, VAT,5,Inclusive,20,9,,,,
Mobiles,New,5D Glass,Redmi 12C 5D Glass,,PIECES,,Redmi,5,5, VAT,5,Inclusive,20,6,,,,
Mobiles,New,5D Glass,Redmi 13C 5D Glass,,PIECES,,Redmi,5,5, VAT,5,Inclusive,20,3,,,,
Mobiles,New,5D Glass,Redmi 13C Matte Glass,,PIECES,,Redmi,5,5, VAT,5,Inclusive,20,2,,,,
Mobiles,New,5D Glass,Redmi 13C Original Glass,,PIECES,,Redmi,5,5, VAT,5,Inclusive,20,3,,,,
Mobiles,New,5D Glass,Redmi 14C 5D Glass,,PIECES,,Redmi,5,5, VAT,5,Inclusive,20,3,,,,
Mobiles,New,5D Glass,Redmi 14C OG Glass,,PIECES,,Redmi,5,5, VAT,5,Inclusive,20,10,,,,
Mobiles,New,5D Glass,Redmi 15C X EIF Glass,,PIECES,,Redmi,5,5, VAT,5,Inclusive,20,7,,,,
Mobiles,New,5D Glass,Redmi 15C 5D Glass,,PIECES,,Redmi,5,5, VAT,5,Inclusive,20,4,,,,
Mobiles,New,5D Glass,Redmi 8A 5D Glass,,PIECES,,Redmi,5,5, VAT,5,Inclusive,20,4,,,,
Mobiles,New,5D Glass,Redmi 12R 5D Glass,,PIECES,,Redmi,5,5, VAT,5,Inclusive,20,5,,,,
Mobiles,New,5D Glass,Redmi 12 KHA Glass,,PIECES,,Redmi,5,5, VAT,5,Inclusive,20,4,,,,
Mobiles,New,5D Glass,Redmi 12 New Glass,,PIECES,,Redmi,5,5, VAT,5,Inclusive,20,10,,,,
Mobiles,New,5D Glass,Redmi 13 5D Glass,,PIECES,,Redmi,5,5, VAT,5,Inclusive,20,6,,,,
Mobiles,New,5D Glass,Redmi 15 5D Glass,,PIECES,,Redmi,5,5, VAT,5,Inclusive,20,4,,,,
Mobiles,New,5D Glass,Redmi 15 OG Glass,,PIECES,,Redmi,5,5, VAT,5,Inclusive,20,1,,,,
Mobiles,New,5D Glass,Redmi Note 5 Original Glass,,PIECES,,Redmi,5,5, VAT,5,Inclusive,20,3,,,,
Mobiles,New,5D Glass,Redmi Note 7 Tempered Glass,,PIECES,,Redmi,5,5, VAT,5,Inclusive,20,1,,,,
Mobiles,New,5D Glass,Redmi Note 7 5D Glass,,PIECES,,Redmi,5,5, VAT,5,Inclusive,20,3,,,,
Mobiles,New,5D Glass,Redmi Note 8 5D Glass,,PIECES,,Redmi,5,5, VAT,5,Inclusive,20,3,,,,
Mobiles,New,5D Glass,Redmi Note 9 5D Glass,,PIECES,,Redmi,5,5, VAT,5,Inclusive,20,3,,,,
Mobiles,New,5D Glass,Redmi Note 9 Pro AG Glass,,PIECES,,Redmi,5,5, VAT,5,Inclusive,20,1,,,,
Mobiles,New,5D Glass,Redmi Note 9S 5D Glass,,PIECES,,Redmi,5,5, VAT,5,Inclusive,20,1,,,,
Mobiles,New,5D Glass,Redmi Note 10 Unipha Glass,,PIECES,,Redmi,5,5, VAT,5,Inclusive,20,4,,,,
Mobiles,New,5D Glass,Redmi Note 10 HP Glass,,PIECES,,Redmi,5,5, VAT,5,Inclusive,20,1,,,,
Mobiles,New,5D Glass,Redmi Note 10 5D Glass,,PIECES,,Redmi,5,5, VAT,5,Inclusive,20,5,,,,
Mobiles,New,5D Glass,Redmi Note 10 5G 5D Glass,,PIECES,,Redmi,5,5, VAT,5,Inclusive,20,2,,,,
Mobiles,New,5D Glass,Redmi Note 10 New 9H Glass,,PIECES,,Redmi,5,5, VAT,5,Inclusive,20,1,,,,
Mobiles,New,5D Glass,Redmi Note 10 New AG Glass,,PIECES,,Redmi,5,5, VAT,5,Inclusive,20,2,,,,
Mobiles,New,5D Glass,Redmi Note 10S IKP Glass,,PIECES,,Redmi,5,5, VAT,5,Inclusive,20,4,,,,
Mobiles,New,5D Glass,Redmi Note 11R 5D Glass,,PIECES,,Redmi,5,5, VAT,5,Inclusive,20,1,,,,
Mobiles,New,5D Glass,Redmi Note 11 Lite 5D Glass,,PIECES,,Redmi,5,5, VAT,5,Inclusive,20,1,,,,
Mobiles,New,5D Glass,Redmi Note 12 OG Glass,,PIECES,,Redmi,5,5, VAT,5,Inclusive,20,1,,,,
Mobiles,New,5D Glass,Redmi Note 12 White 5D Glass,,PIECES,,Redmi,5,5, VAT,5,Inclusive,20,1,,,,
Mobiles,New,5D Glass,Redmi Note 13 5D Glass,,PIECES,,Redmi,5,5, VAT,5,Inclusive,20,2,,,,
Mobiles,New,5D Glass,Redmi Note 13 Pro 5D Glass,,PIECES,,Redmi,5,5, VAT,5,Inclusive,20,4,,,,
Mobiles,New,5D Glass,Redmi Note 13 Pro+ 5G 9D Glass,,PIECES,,Redmi,5,5, VAT,5,Inclusive,20,1,,,,
Mobiles,New,5D Glass,Redmi Note 13 Pro+ 5G Original Glass,,PIECES,,Redmi,5,5, VAT,5,Inclusive,20,2,,,,
Mobiles,New,5D Glass,Redmi Note 13 Pro+ 5G 9D Glass,,PIECES,,Redmi,5,5, VAT,5,Inclusive,20,1,,,,
Mobiles,New,5D Glass,Redmi Note 14 AG Glass,,PIECES,,Redmi,5,5, VAT,5,Inclusive,20,1,,,,
Mobiles,New,5D Glass,Redmi Note 14 5D Glass,,PIECES,,Redmi,5,5, VAT,5,Inclusive,20,5,,,,
Mobiles,New,5D Glass,POCO C40 9H Glass,,PIECES,,POCO,5,5, VAT,5,Inclusive,20,1,,,,
Mobiles,New,5D Glass,Realme C65 5D Glass,,PIECES,,Realme,5,5, VAT,5,Inclusive,20,11,,,,
Mobiles,New,5D Glass,Realme C65 Privacy Glass,,PIECES,,Realme,5,5, VAT,5,Inclusive,20,2,,,,
Mobiles,New,5D Glass,Realme C65 Karerte Glass,,PIECES,,Realme,5,5, VAT,5,Inclusive,20,9,,,,
Mobiles,New,5D Glass,Realme C65 AKDIBL Glass,,PIECES,,Realme,5,5, VAT,5,Inclusive,20,1,,,,
Mobiles,New,5D Glass,Realme C63 AKDIBL Glass,,PIECES,,Realme,5,5, VAT,5,Inclusive,20,8,,,,
Mobiles,New,5D Glass,Realme C63 Ozon Glass,,PIECES,,Realme,5,5, VAT,5,Inclusive,20,7,,,,
Mobiles,New,5D Glass,Realme C55 5D Glass,,PIECES,,Realme,5,5, VAT,5,Inclusive,20,7,,,,
Mobiles,New,5D Glass,Realme C53 5D Glass,,PIECES,,Realme,5,5, VAT,5,Inclusive,20,3,,,,
Mobiles,New,5D Glass,Realme C51 5D Glass,,PIECES,,Realme,5,5, VAT,5,Inclusive,20,3,,,,
Mobiles,New,5D Glass,Realme C51 OG Glass,,PIECES,,Realme,5,5, VAT,5,Inclusive,20,2,,,,
Mobiles,New,5D Glass,Realme C21Y IKP Glass,,PIECES,,Realme,5,5, VAT,5,Inclusive,20,1,,,,
Mobiles,New,5D Glass,Realme C11 IKP Glass,,PIECES,,Realme,5,5, VAT,5,Inclusive,20,3,,,,
Mobiles,New,5D Glass,Realme 12 Pro+ Nano Glass,,PIECES,,Realme,5,5, VAT,5,Inclusive,20,2,,,,
Mobiles,New,5D Glass,Realme 8 HP Glass,,PIECES,,Realme,5,5, VAT,5,Inclusive,20,3,,,,
Mobiles,New,5D Glass,Realme 5 5D Glass,,PIECES,,Realme,5,5, VAT,5,Inclusive,20,5,,,,
Mobiles,New,5D Glass,Oppo Reno 5 Pro Ozon Glass,,PIECES,,Oppo,5,5, VAT,5,Inclusive,20,4,,,,
Mobiles,New,5D Glass,Oppo Reno 5 IKP Glass,,PIECES,,Oppo,5,5, VAT,5,Inclusive,20,3,,,,
Mobiles,New,5D Glass,Oppo Reno 5Z 5D Glass,,PIECES,,Oppo,5,5, VAT,5,Inclusive,20,1,,,,
Mobiles,New,5D Glass,Oppo Reno 4 Pro 9D Glass,,PIECES,,Oppo,5,5, VAT,5,Inclusive,20,1,,,,
Mobiles,New,5D Glass,Oppo Reno 4 Pro Ozon Glass,,PIECES,,Oppo,5,5, VAT,5,Inclusive,20,2,,,,
Mobiles,New,5D Glass,Oppo Reno 4Z Ozon Glass,,PIECES,,Oppo,5,5, VAT,5,Inclusive,20,1,,,,
Mobiles,New,5D Glass,Oppo Reno 4 5D Glass,,PIECES,,Oppo,5,5, VAT,5,Inclusive,20,6,,,,
Mobiles,New,5D Glass,Oppo Reno 3 9H Glass,,PIECES,,Oppo,5,5, VAT,5,Inclusive,20,3,,,,
Mobiles,New,5D Glass,Oppo Find X3 Pro 10D Glass,,PIECES,,Oppo,5,5, VAT,5,Inclusive,20,1,,,,
Mobiles,New,5D Glass,Oppo A55 OG Glass,,PIECES,,Oppo,5,5, VAT,5,Inclusive,20,5,,,,
Mobiles,New,5D Glass,Oppo A54 5D Glass,,PIECES,,Oppo,5,5, VAT,5,Inclusive,20,2,,,,
Mobiles,New,5D Glass,Oppo A5s 5D Glass,,PIECES,,Oppo,5,5, VAT,5,Inclusive,20,4,,,,
Mobiles,New,5D Glass,Oppo A5 5D Glass,,PIECES,,Oppo,5,5, VAT,5,Inclusive,20,5,,,,
Mobiles,New,5D Glass,Oppo A92 5D Glass,,PIECES,,Oppo,5,5, VAT,5,Inclusive,20,1,,,,
Mobiles,New,5D Glass,Oppo A72 5D Glass,,PIECES,,Oppo,5,5, VAT,5,Inclusive,20,3,,,,
Mobiles,New,5D Glass,Oppo A95 5D Glass,,PIECES,,Oppo,5,5, VAT,5,Inclusive,20,2,,,,
Mobiles,New,5D Glass,Oppo A93 AKDIBL Glass,,PIECES,,Oppo,5,5, VAT,5,Inclusive,20,3,,,,
Mobiles,New,5D Glass,Oppo A93 5D Glass,,PIECES,,Oppo,5,5, VAT,5,Inclusive,20,2,,,,
Mobiles,New,5D Glass,Oppo A94 5D Glass,,PIECES,,Oppo,5,5, VAT,5,Inclusive,20,4,,,,
Mobiles,New,5D Glass,Oppo A97 IKP Glass,,PIECES,,Oppo,5,5, VAT,5,Inclusive,20,3,,,,
Mobiles,New,5D Glass,Oppo F5 HP Glass,,PIECES,,Oppo,5,5, VAT,5,Inclusive,20,1,,,,
Mobiles,New,5D Glass,Oppo F5 IKP Glass,,PIECES,,Oppo,5,5, VAT,5,Inclusive,20,2,,,,
Mobiles,New,5D Glass,Oppo F7 5D Glass,,PIECES,,Oppo,5,5, VAT,5,Inclusive,20,2,,,,
Mobiles,New,5D Glass,Oppo F11 5D Glass,,PIECES,,Oppo,5,5, VAT,5,Inclusive,20,3,,,,
Mobiles,New,5D Glass,Oppo A3x 5D Glass,,PIECES,,Oppo,5,5, VAT,5,Inclusive,20,4,,,,
Mobiles,New,5D Glass,Oppo A3s 5D Glass,,PIECES,,Oppo,5,5, VAT,5,Inclusive,20,2,,,,
Mobiles,New,5D Glass,Oppo A3s IKP Glass,,PIECES,,Oppo,5,5, VAT,5,Inclusive,20,2,,,,
Mobiles,New,5D Glass,Oppo A3s HP Glass,,PIECES,,Oppo,5,5, VAT,5,Inclusive,20,1,,,,
Mobiles,New,5D Glass,Oppo A53 5D Glass,,PIECES,,Oppo,5,5, VAT,5,Inclusive,20,6,,,,
Mobiles,New,5D Glass,Oppo A31 Ozon Glass,,PIECES,,Oppo,5,5, VAT,5,Inclusive,20,2,,,,
Mobiles,New,5D Glass,Oppo A31 5D Glass,,PIECES,,Oppo,5,5, VAT,5,Inclusive,20,3,,,,
Mobiles,New,5D Glass,Oppo Universal 5D Glass,,PIECES,,Oppo,5,5, VAT,5,Inclusive,20,5,,,,
Mobiles,New,5D Glass,Oppo Universal 9H Glass,,PIECES,,Oppo,5,5, VAT,5,Inclusive,20,4,,,,
Mobiles,New,5D Glass,Oppo A38 5D Glass,,PIECES,,Oppo,5,5, VAT,5,Inclusive,20,3,,,,
Mobiles,New,5D Glass,Oppo A58 5D Glass,,PIECES,,Oppo,5,5, VAT,5,Inclusive,20,3,,,,
Mobiles,New,5D Glass,Oppo A58 Privacy Glass,,PIECES,,Oppo,5,5, VAT,5,Inclusive,20,2,,,,
Mobiles,New,5D Glass,Oppo A57 HP Glass,,PIECES,,Oppo,5,5, VAT,5,Inclusive,20,2,,,,
Mobiles,New,5D Glass,Oppo A17 5D Glass,,PIECES,,Oppo,5,5, VAT,5,Inclusive,20,5,,,,
Mobiles,New,5D Glass,Oppo A16 5D Glass,,PIECES,,Oppo,5,5, VAT,5,Inclusive,20,1,,,,
Mobiles,New,5D Glass,Oppo A15 IKP Glass,,PIECES,,Oppo,5,5, VAT,5,Inclusive,20,3,,,,
Mobiles,New,5D Glass,Oppo/Realme/Vivo/Motorola/Redmi/POCO/One,,PIECES,,Oppo,5,5, VAT,5,Inclusive,20,11,,,,
Mobiles,New,5D Glass,Oppo F9 5D Glass,,PIECES,,Oppo,5,5, VAT,5,Inclusive,20,1,,,,
Mobiles,New,5D Glass,Oppo F9 AKDIBL Glass,,PIECES,,Oppo,5,5, VAT,5,Inclusive,20,2,,,,
Mobiles,New,5D Glass,Oppo A96 IKP Glass,,PIECES,,Oppo,5,5, VAT,5,Inclusive,20,3,,,,
Mobiles,New,5D Glass,Oppo A93 IKP Glass,,PIECES,,Oppo,5,5, VAT,5,Inclusive,20,1,,,,
Mobiles,New,5D Glass,Oppo A93 AKDIBL Glass,,PIECES,,Oppo,5,5, VAT,5,Inclusive,20,3,,,,
Mobiles,New,5D Glass,Oppo A92 Privacy Glass,,PIECES,,Oppo,5,5, VAT,5,Inclusive,20,2,,,,
Mobiles,New,5D Glass,Oppo A78 5D Glass,,PIECES,,Oppo,5,5, VAT,5,Inclusive,20,1,,,,
Mobiles,New,5D Glass,Oppo A73 5D Glass,,PIECES,,Oppo,5,5, VAT,5,Inclusive,20,4,,,,
Mobiles,New,5D Glass,Oppo A60 5D Glass,,PIECES,,Oppo,5,5, VAT,5,Inclusive,20,4,,,,
Mobiles,New,5D Glass,Oppo A54 5D Glass,,PIECES,,Oppo,5,5, VAT,5,Inclusive,20,2,,,,
Mobiles,New,5D Glass,Oppo A52 HP Glass,,PIECES,,Oppo,5,5, VAT,5,Inclusive,20,1,,,,
Mobiles,New,5D Glass,Oppo A16 IKP Glass,,PIECES,,Oppo,5,5, VAT,5,Inclusive,20,1,,,,
Mobiles,New,5D Glass,Oppo A9 (2020) Privacy Glass,,PIECES,,Oppo,5,5, VAT,5,Inclusive,20,1,,,,
Mobiles,New,5D Glass,Oppo A9 (2020) Glass,,PIECES,,Oppo,5,5, VAT,5,Inclusive,20,1,,,,
Mobiles,New,5D Glass,Oppo A9 (2020) Ozon Glass,,PIECES,,Oppo,5,5, VAT,5,Inclusive,20,3,,,,
Mobiles,New,5D Glass,Oppo Reno 7 IKP Glass,,PIECES,,Oppo,5,5, VAT,5,Inclusive,20,1,,,,
Mobiles,New,5D Glass,Oppo Reno 8T 5D Glass,,PIECES,,Oppo,5,5, VAT,5,Inclusive,20,1,,,,
Mobiles,New,5D Glass,Oppo Reno 8T 5G 9D Glass,,PIECES,,Oppo,5,5, VAT,5,Inclusive,20,3,,,,
Mobiles,New,5D Glass,Oppo Reno 10 5D Glass,,PIECES,,Oppo,5,5, VAT,5,Inclusive,20,3,,,,
Mobiles,New,5D Glass,Oppo Reno 10 9D Glass,,PIECES,,Oppo,5,5, VAT,5,Inclusive,20,2,,,,
Mobiles,New,5D Glass,Oppo Reno 10 Pro 9D Glass,,PIECES,,Oppo,5,5, VAT,5,Inclusive,20,1,,,,
Mobiles,New,5D Glass,Oppo Reno 11F 5D Glass,,PIECES,,Oppo,5,5, VAT,5,Inclusive,20,3,,,,
Mobiles,New,5D Glass,Oppo Reno 12F 5D Glass,,PIECES,,Oppo,5,5, VAT,5,Inclusive,20,3,,,,
Mobiles,New,5D Glass,Huawei Y70 5D Glass,,PIECES,,Huawei,5,5, VAT,5,Inclusive,20,1,,,,
Mobiles,New,5D Glass,Huawei Y7A 5D Glass,,PIECES,,Huawei,5,5, VAT,5,Inclusive,20,1,,,,
Mobiles,New,5D Glass,Huawei Y7A Ozon Glass,,PIECES,,Huawei,5,5, VAT,5,Inclusive,20,2,,,,
Mobiles,New,5D Glass,Huawei Y7P Glass,,PIECES,,Huawei,5,5, VAT,5,Inclusive,20,1,,,,
Mobiles,New,5D Glass,Huawei Y7P 9H Glass,,PIECES,,Huawei,5,5, VAT,5,Inclusive,20,2,,,,
Mobiles,New,5D Glass,Huawei Y7P Original Glass,,PIECES,,Huawei,5,5, VAT,5,Inclusive,20,2,,,,
Mobiles,New,5D Glass,Huawei Y7P 5D Glass,,PIECES,,Huawei,5,5, VAT,5,Inclusive,20,10,,,,
Mobiles,New,5D Glass,Huawei Y9A IKP Glass,,PIECES,,Huawei,5,5, VAT,5,Inclusive,20,5,,,,
Mobiles,New,5D Glass,Huawei Y9A 9H Glass,,PIECES,,Huawei,5,5, VAT,5,Inclusive,20,4,,,,
Mobiles,New,5D Glass,Huawei Y9 Prime Tempered Glass,,PIECES,,Huawei,5,5, VAT,5,Inclusive,20,1,,,,
Mobiles,New,5D Glass,Huawei Y9 Prime 5D Glass,,PIECES,,Huawei,5,5, VAT,5,Inclusive,20,12,,,,
Mobiles,New,5D Glass,Huawei Y9 (2019) Original Glass,,PIECES,,Huawei,5,5, VAT,5,Inclusive,20,2,,,,
Mobiles,New,5D Glass,Huawei Y9 (2019) 5D Glass,,PIECES,,Huawei,5,5, VAT,5,Inclusive,20,2,,,,
Mobiles,New,5D Glass,Huawei Y7 (2019) Original Glass,,PIECES,,Huawei,5,5, VAT,5,Inclusive,20,2,,,,
Mobiles,New,5D Glass,Huawei Y6 (2019) 5D Glass,,PIECES,,Huawei,5,5, VAT,5,Inclusive,20,1,,,,
Mobiles,New,5D Glass,Huawei Y6 (2019) Unipha Glass,,PIECES,,Huawei,5,5, VAT,5,Inclusive,20,2,,,,
Mobiles,New,5D Glass,Huawei Y5P IKP Glass,,PIECES,,Huawei,5,5, VAT,5,Inclusive,20,1,,,,
Mobiles,New,5D Glass,Huawei Y5P Original Glass,,PIECES,,Huawei,5,5, VAT,5,Inclusive,20,3,,,,
Mobiles,New,5D Glass,Huawei Y5 (2019) 5D Glass,,PIECES,,Huawei,5,5, VAT,5,Inclusive,20,1,,,,
Mobiles,New,5D Glass,Huawei Y5 (2019) AKDIBL Glass,,PIECES,,Huawei,5,5, VAT,5,Inclusive,20,5,,,,
Mobiles,New,5D Glass,Huawei Y5 (2018) IKP Glass,,PIECES,,Huawei,5,5, VAT,5,Inclusive,20,1,,,,
Mobiles,New,5D Glass,Huawei Y5 (2018) Ozon Glass,,PIECES,,Huawei,5,5, VAT,5,Inclusive,20,1,,,,
Mobiles,New,5D Glass,Huawei Pura 70 5D Glass,,PIECES,,Huawei,5,5, VAT,5,Inclusive,20,1,,,,
Mobiles,New,5D Glass,Huawei Mate 10 Lite IKP Glass,,PIECES,,Huawei,5,5, VAT,5,Inclusive,20,6,,,,
Mobiles,New,5D Glass,Huawei Mate 8 Marco Glass,,PIECES,,Huawei,5,5, VAT,5,Inclusive,20,3,,,,
Mobiles,New,5D Glass,Huawei Mate 8 9H Glass,,PIECES,,Huawei,5,5, VAT,5,Inclusive,20,2,,,,
Mobiles,New,5D Glass,OnePlus 2+ 9H Glass,,PIECES,,One Plus,5,5, VAT,5,Inclusive,20,5,,,,
Mobiles,New,5D Glass,Huawei Nova 3e 9H Glass,,PIECES,,Nova,5,5, VAT,5,Inclusive,20,1,,,,
Mobiles,New,5D Glass,Huawei Nova 3 SE IKP Glass,,PIECES,,Nova,5,5, VAT,5,Inclusive,20,2,,,,
Mobiles,New,5D Glass,Huawei Nova 7i 5D Glass,,PIECES,,Nova,5,5, VAT,5,Inclusive,20,2,,,,
Mobiles,New,5D Glass,Huawei Nova 3i 5D Glass,,PIECES,,Nova,5,5, VAT,5,Inclusive,20,4,,,,
Mobiles,New,5D Glass,Huawei Nova 3i 9H Glass,,PIECES,,Nova,5,5, VAT,5,Inclusive,20,4,,,,
Mobiles,New,5D Glass,Huawei Nova 3 AKDIBL Glass,,PIECES,,Nova,5,5, VAT,5,Inclusive,20,2,,,,
Mobiles,New,5D Glass,Huawei Nova 5T Doric Glass,,PIECES,,Nova,5,5, VAT,5,Inclusive,20,2,,,,
Mobiles,New,5D Glass,Huawei Nova 7 Original Glass,,PIECES,,Nova,5,5, VAT,5,Inclusive,20,1,,,,
Mobiles,New,5D Glass,Huawei Nova 7 9H Glass,,PIECES,,Nova,5,5, VAT,5,Inclusive,20,5,,,,
Mobiles,New,5D Glass,Huawei Nova 8 Original Glass,,PIECES,,Nova,5,5, VAT,5,Inclusive,20,1,,,,
Mobiles,New,5D Glass,Huawei Nova 8i 5D Glass,,PIECES,,Nova,5,5, VAT,5,Inclusive,20,1,,,,
Mobiles,New,5D Glass,Huawei Nova Y70 5D Glass,,PIECES,,Nova,5,5, VAT,5,Inclusive,20,1,,,,
Mobiles,New,5D Glass,Honor 400 Pro 9D Glass,,PIECES,,Honor,5,5, VAT,5,Inclusive,20,1,,,,
Mobiles,New,5D Glass,Honor 400 Lite 5D Glass,,PIECES,,Honor,5,5, VAT,5,Inclusive,20,3,,,,
Mobiles,New,5D Glass,Honor 400 Lite MLETUBL Glass,,PIECES,,Honor,5,5, VAT,5,Inclusive,20,9,,,,
Mobiles,New,5D Glass,Honor 400 Lite OG Glass,,PIECES,,Honor,5,5, VAT,5,Inclusive,20,2,,,,
Mobiles,New,5D Glass,Honor 400 Lite Original Glass,,PIECES,,Honor,5,5, VAT,5,Inclusive,20,2,,,,
Mobiles,New,5D Glass,Honor 400 5D Glass,,PIECES,,Honor,5,5, VAT,5,Inclusive,20,4,,,,
Mobiles,New,5D Glass,Honor 400 OG Glass,,PIECES,,Honor,5,5, VAT,5,Inclusive,20,7,,,,
Mobiles,New,5D Glass,Honor 200 Pro 9D Glass,,PIECES,,Honor,5,5, VAT,5,Inclusive,20,2,,,,
Mobiles,New,5D Glass,Honor 200 Lite 5D Glass,,PIECES,,Honor,5,5, VAT,5,Inclusive,20,4,,,,
Mobiles,New,5D Glass,Honor 200 Lite Original Glass,,PIECES,,Honor,5,5, VAT,5,Inclusive,20,1,,,,
Mobiles,New,5D Glass,Honor 90 Privacy Glass,,PIECES,,Honor,5,5, VAT,5,Inclusive,20,1,,,,
Mobiles,New,5D Glass,Honor 50 Lite IKP Glass,,PIECES,,Honor,5,5, VAT,5,Inclusive,20,3,,,,
Mobiles,New,5D Glass,Honor 9 Lite Ozon Glass,,PIECES,,Honor,5,5, VAT,5,Inclusive,20,1,,,,
Mobiles,New,5D Glass,Honor 9 Lite IKP Glass,,PIECES,,Honor,5,5, VAT,5,Inclusive,20,4,,,,
Mobiles,New,5D Glass,Honor 8 Lite IKP Glass,,PIECES,,Honor,5,5, VAT,5,Inclusive,20,4,,,,
Mobiles,New,5D Glass,Honor X5P IKP Glass,,PIECES,,Honor,5,5, VAT,5,Inclusive,20,2,,,,
Mobiles,New,5D Glass,Honor X5P 5D Glass,,PIECES,,Honor,5,5, VAT,5,Inclusive,20,5,,,,
Mobiles,New,5D Glass,Honor X5P Ozon Glass,,PIECES,,Honor,5,5, VAT,5,Inclusive,20,1,,,,
Mobiles,New,5D Glass,Honor X5P AKDIBL Glass,,PIECES,,Honor,5,5, VAT,5,Inclusive,20,2,,,,
Mobiles,New,5D Glass,Honor X5P+ 5D Glass,,PIECES,,Honor,5,5, VAT,5,Inclusive,20,2,,,,
Mobiles,New,5D Glass,Honor X6C AKDIBL Glass,,PIECES,,Honor,5,5, VAT,5,Inclusive,20,2,,,,
Mobiles,New,5D Glass,Honor X6C IKP Glass,,PIECES,,Honor,5,5, VAT,5,Inclusive,20,3,,,,
Mobiles,New,5D Glass,Honor X6C 5D Glass,,PIECES,,Honor,5,5, VAT,5,Inclusive,20,2,,,,
Mobiles,New,5D Glass,Honor X6B 5D Glass,,PIECES,,Honor,5,5, VAT,5,Inclusive,20,4,,,,
Mobiles,New,5D Glass,Honor X7 5D Glass,,PIECES,,Honor,5,5, VAT,5,Inclusive,20,11,,,,
Mobiles,New,5D Glass,Honor X7 Unipha Glass,,PIECES,,Honor,5,5, VAT,5,Inclusive,20,3,,,,
Mobiles,New,5D Glass,Honor 7C YOYO Glass,,PIECES,,Honor,5,5, VAT,5,Inclusive,20,2,,,,
Mobiles,New,5D Glass,Honor X7C 5D Glass,,PIECES,,Honor,5,5, VAT,5,Inclusive,20,5,,,,
Mobiles,New,5D Glass,Honor X7A 5D Glass,,PIECES,,Honor,5,5, VAT,5,Inclusive,20,2,,,,
Mobiles,New,5D Glass,Honor X7B 5D Glass,,PIECES,,Honor,5,5, VAT,5,Inclusive,20,3,,,,
Mobiles,New,5D Glass,Honor X7D 5D Glass,,PIECES,,Honor,5,5, VAT,5,Inclusive,20,3,,,,
Mobiles,New,5D Glass,Honor Y6P 5D Glass,,PIECES,,Honor,5,5, VAT,5,Inclusive,20,6,,,,
Mobiles,New,5D Glass,Honor X6 AKDIBL Glass,,PIECES,,Honor,5,5, VAT,5,Inclusive,20,5,,,,
Mobiles,New,5D Glass,Honor X8B 5D Glass,,PIECES,,Honor,5,5, VAT,5,Inclusive,20,5,,,,
Mobiles,New,5D Glass,Honor X8C 5D Glass,,PIECES,,Honor,5,5, VAT,5,Inclusive,20,2,,,,
Mobiles,New,5D Glass,Honor 8A D-FONE Glass,,PIECES,,Honor,5,5, VAT,5,Inclusive,20,1,,,,
Mobiles,New,5D Glass,Honor X8 5D Glass,,PIECES,,Honor,5,5, VAT,5,Inclusive,20,4,,,,
Mobiles,New,5D Glass,Honor X8A 5D Glass,,PIECES,,Honor,5,5, VAT,5,Inclusive,20,4,,,,
Mobiles,New,5D Glass,Honor X8A IKP Glass,,PIECES,,Honor,5,5, VAT,5,Inclusive,20,2,,,,
Mobiles,New,5D Glass,Honor X9 5D Glass,,PIECES,,Honor,5,5, VAT,5,Inclusive,20,2,,,,
Mobiles,New,5D Glass,Honor X9A AG Matte Glass,,PIECES,,Honor,5,5, VAT,5,Inclusive,20,1,,,,
Mobiles,New,5D Glass,Honor X9C 9D Glass,,PIECES,,Honor,5,5, VAT,5,Inclusive,20,1,,,,
Mobiles,New,5D Glass,Honor X9D OG Glass,,PIECES,,Honor,5,5, VAT,5,Inclusive,20,8,,,,
Mobiles,New,5D Glass,Honor 9X IKP Glass,,PIECES,,Honor,5,5, VAT,5,Inclusive,20,6,,,,
Mobiles,New,5D Glass,Honor Y8P 5D Glass,,PIECES,,Honor,5,5, VAT,5,Inclusive,20,4,,,,
Mobiles,New,5D Glass,Honor Y8P 9H Glass,,PIECES,,Honor,5,5, VAT,5,Inclusive,20,1,,,,
Mobiles,New,5D Glass,Honor 7C 5D Glass,,PIECES,,Honor,5,5, VAT,5,Inclusive,20,6,,,,
Mobiles,New,5D Glass,Honor 7C IKP Glass,,PIECES,,Honor,5,5, VAT,5,Inclusive,20,4,,,,
Mobiles,New,5D Glass,Honor P20 Ozon Glass,,PIECES,,Honor,5,5, VAT,5,Inclusive,20,1,,,,
Mobiles,New,5D Glass,Honor P20 Lite Tempered Glass,,PIECES,,Honor,5,5, VAT,5,Inclusive,20,3,,,,
Mobiles,New,5D Glass,Honor P30 Glass,,PIECES,,Honor,5,5, VAT,5,Inclusive,20,2,,,,
Mobiles,New,5D Glass,Honor P30 Lite 5D Glass,,PIECES,,Honor,5,5, VAT,5,Inclusive,20,13,,,,
Mobiles,New,5D Glass,Honor P30 Lite AKDIBL Glass,,PIECES,,Honor,5,5, VAT,5,Inclusive,20,3,,,,
Mobiles,New,5D Glass,Honor P30 Pro Original Glass,,PIECES,,Honor,5,5, VAT,5,Inclusive,20,1,,,,
Mobiles,New,5D Glass,Infinix Note 7 5D Glass,,PIECES,,nfinix,5,5, VAT,5,Inclusive,20,3,,,,
Mobiles,New,5D Glass,Infinix Note 10 5D Glass,,PIECES,,Infinix,5,5, VAT,5,Inclusive,20,3,,,,
Mobiles,New,5D Glass,Infinix Note 30 AKDIBL Glass,,PIECES,,Infinix,5,5, VAT,5,Inclusive,20,3,,,,
Mobiles,New,5D Glass,Infinix Note 50X 5D Glass,,PIECES,,Infinix,5,5, VAT,5,Inclusive,20,2,,,,
Mobiles,New,5D Glass,Infinix Hot 50i 5D Glass,,PIECES,,Infinix,5,5, VAT,5,Inclusive,20,2,,,,
Mobiles,New,5D Glass,Infinix Hot 40i 5D Glass,,PIECES,,Infinix,5,5, VAT,5,Inclusive,20,4,,,,
Mobiles,New,5D Glass,Infinix Hot 20i 5D Glass,,PIECES,,Infinix,5,5, VAT,5,Inclusive,20,2,,,,
Mobiles,New,5D Glass,Infinix Hot 10 Super X Glass,,PIECES,,Infinix,5,5, VAT,5,Inclusive,20,1,,,,
Mobiles,New,5D Glass,Infinix Hot 10 Play 5D Glass,,PIECES,,Infinix,5,5, VAT,5,Inclusive,20,2,,,,
Mobiles,New,5D Glass,Infinix Hot 9 Play 5D Glass,,PIECES,,Infinix,5,5, VAT,5,Inclusive,20,1,,,,
Mobiles,New,5D Glass,Infinix Hot 9 5D Glass,,PIECES,,Infinix,5,5, VAT,5,Inclusive,20,3,,,,
Mobiles,New,5D Glass,Nokia 2 9H Glass,,PIECES,,Nokia,5,5, VAT,5,Inclusive,20,1,,,,
Mobiles,New,5D Glass,Nokia 3.4 Ozon Glass,,PIECES,,Nokia,5,5, VAT,5,Inclusive,20,2,,,,
Mobiles,New,5D Glass,Nokia 6.1 9H Glass,,PIECES,,Nokia,5,5, VAT,5,Inclusive,20,1,,,,
Mobiles,New,5D Glass,Nokia 6.1 Unipha Glass,,PIECES,,Nokia,5,5, VAT,5,Inclusive,20,3,,,,
Mobiles,New,5D Glass,Nokia 8 Unipha Glass,,PIECES,,Nokia,5,5, VAT,5,Inclusive,20,3,,,,
Mobiles,New,5D Glass,Nokia C10 9H Glass,,PIECES,,Nokia,5,5, VAT,5,Inclusive,20,2,,,,
Mobiles,New,5D Glass,Nokia X10 5G 9H Glass,,PIECES,,Nokia,5,5, VAT,5,Inclusive,20,6,,,,
Mobiles,New,5D Glass,Vivo Y93 Super X Glass,,PIECES,,Vivo,5,5, VAT,5,Inclusive,20,3,,,,
Mobiles,New,5D Glass,Vivo Y85 5D Glass,,PIECES,,Vivo,5,5, VAT,5,Inclusive,20,3,,,,
Mobiles,New,5D Glass,Vivo Y72 Tempered Glass,,PIECES,,Vivo,5,5, VAT,5,Inclusive,20,1,,,,
Mobiles,New,5D Glass,Vivo Y33s Privacy Glass,,PIECES,,Vivo,5,5, VAT,5,Inclusive,20,1,,,,
Mobiles,New,5D Glass,Vivo V21 5D Glass,,PIECES,,Vivo,5,5, VAT,5,Inclusive,20,5,,,,
Mobiles,New,5D Glass,Vivo V21 Ozon Glass,,PIECES,,Vivo,5,5, VAT,5,Inclusive,20,2,,,,
Mobiles,New,5D Glass,Vivo Y19 Super X Glass,,PIECES,,Vivo,5,5, VAT,5,Inclusive,20,5,,,,
Mobiles,New,5D Glass,Vivo A15 5D Glass,,PIECES,,Vivo,5,5, VAT,5,Inclusive,20,2,,,,
Mobiles,New,5D Glass,Mi A3 New AKDIBL Glass,,PIECES,,Mi,5,5, VAT,5,Inclusive,20,1,,,,
Mobiles,New,5D Glass,Mi A3 Old 5D Glass,,PIECES,,Mi,5,5, VAT,5,Inclusive,20,2,,,,
Mobiles,New,5D Glass,Mi 9T Pro 5D Glass,,PIECES,,Mi,5,5, VAT,5,Inclusive,20,2,,,,
Mobiles,New,5D Glass,Mi Note 8 IKP Glass,,PIECES,,Mi,5,5, VAT,5,Inclusive,20,3,,,,
Mobiles,New,5D Glass,Mi Note 8 Pro IKP Glass,,PIECES,,Mi,5,5, VAT,5,Inclusive,20,1,,,,
Mobiles,New,5D Glass,Mi Note 8 Pro Glass,,PIECES,,Mi,5,5, VAT,5,Inclusive,20,1,,,,
Mobiles,New,5D Glass,Mi Note 8 Pro 5D Glass,,PIECES,,Mi,5,5, VAT,5,Inclusive,20,1,,,,
Mobiles,New,5D Glass,Mi Note 9S AKDIBL Glass,,PIECES,,Mi,5,5, VAT,5,Inclusive,20,1,,,,
Mobiles,New,5D Glass,Mi Note 10 Ozon Glass,,PIECES,,Mi,5,5, VAT,5,Inclusive,20,1,,,,
Mobiles,New,5D Glass,Mi Note 10 Lite Glass,,PIECES,,Mi,5,5, VAT,5,Inclusive,20,1,,,,
Mobiles,New,5D Glass,Mi Note 10S AKDIBL Glass,,PIECES,,Mi,5,5, VAT,5,Inclusive,20,2,,,,
Mobiles,New,5D Glass,Mi 11 Lite Original Glass,,PIECES,,Mi,5,5, VAT,5,Inclusive,20,3,,,,
Mobiles,New,5D Glass,Mi Note 11 Pro IKP Glass,,PIECES,,Mi,5,5, VAT,5,Inclusive,20,1,,,,
Mobiles,New,5D Glass,POCO X3 Pro IKP Glass,,PIECES,,Poco,5,5, VAT,5,Inclusive,20,1,,,,
Mobiles,New,5D Glass,Unknown 1 5D Glass,,PIECES,,Unknown,5,5, VAT,5,Inclusive,20,1,,,,
Mobiles,New,5D Glass,Unknown 2A+ 5D Glass,,PIECES,,Unknown,5,5, VAT,5,Inclusive,20,2,,,,
Mobiles,New,5D Glass,Unknown 2A 5D Glass,,PIECES,,Unknown,5,5, VAT,5,Inclusive,20,4,,,,
Mobiles,New,5D Glass,Unknown 3A 5D Glass,,PIECES,,Unknown,5,5, VAT,5,Inclusive,20,2,,,,
Mobiles,New,5D Glass,OnePlus Nord 5D Glass,,PIECES,,One Plus,5,5, VAT,5,Inclusive,20,1,,,,
Mobiles,New,5D Glass,OnePlus 8 Pro Ozon Glass,,PIECES,,One Plus,5,5, VAT,5,Inclusive,20,2,,,,
Mobiles,New,5D Glass,OnePlus 8 Pro Original Glass,,PIECES,,One Plus,5,5, VAT,5,Inclusive,20,1,,,,
Mobiles,New,5D Glass,OnePlus 8 Pro 9H Glass,,PIECES,,One Plus,5,5, VAT,5,Inclusive,20,1,,,,
Mobiles,New,5D Glass,OnePlus 10 Pro 9D Glass,,PIECES,,One Plus,5,5, VAT,5,Inclusive,20,1,,,,
Mobiles,New,5D Glass,OnePlus 15 9D Glass,,PIECES,,One Plus,5,5, VAT,5,Inclusive,20,1,,,,
Mobiles,New,5D Glass,Lenovo A8 Unipha Glass,,PIECES,,Lenovo,5,5, VAT,5,Inclusive,20,3,,,,
Mobiles,New,5D Glass,HTC E9 Tempered Glass,,PIECES,,HTC,5,5, VAT,5,Inclusive,20,2,,,,
Mobiles,New,5D Glass,HTC E9 Premium Tempered Glass,,PIECES,,HTC,5,5, VAT,5,Inclusive,20,3,,,,
Mobiles,New,5D Glass,LG K8 New Glass,,PIECES,,LG,5,5, VAT,5,Inclusive,20,1,,,,
Mobiles,New,5D Glass,LG G5 FGL Glass,,PIECES,,LG,5,5, VAT,5,Inclusive,20,1,,,,
Mobiles,New,5D Glass,Google Pixel 6a Privacy Glass,,PIECES,,Google,5,5, VAT,5,Inclusive,20,1,,,,
Mobiles,New,5D Glass,Unknown Universal Ozon Glass,,PIECES,,Unknown,5,5, VAT,5,Inclusive,20,1,,,,
Mobiles,New,5D Glass,Unknown Universal 5D Glass,,PIECES,,Unknown,5,5, VAT,5,Inclusive,20,1,,,,
Mobiles,New,5D Glass,Motorola G32 5D Glass,,PIECES,,Motorola,5,5, VAT,5,Inclusive,20,1,,,,
Mobiles,New,5D Glass,iPhone 17 Pro Max Tempered Glass,,PIECES,,iphone,5,5, VAT,5,Inclusive,20,1,,,,
Mobiles,New,5D Glass,iPhone 17 Pro Max ESD Privacy Glass,,PIECES,,iphone,5,5, VAT,5,Inclusive,20,6,,,,
Mobiles,New,5D Glass,iPhone 17 Pro Max OG Glass,,PIECES,,iphone,5,5, VAT,5,Inclusive,20,10,,,,
Mobiles,New,5D Glass,iPhone 17 Pro Ozon Glass,,PIECES,,iphone,5,5, VAT,5,Inclusive,20,3,,,,
Mobiles,New,5D Glass,iPhone 17 Pro 9H Privacy Glass,,PIECES,,iphone,5,5, VAT,5,Inclusive,20,2,,,,
Mobiles,New,5D Glass,iPhone 17 Pro OG Glass,,PIECES,,iphone,5,5, VAT,5,Inclusive,20,5,,,,
Mobiles,New,5D Glass,iPhone 17 Pro 5D Glass,,PIECES,,iphone,5,5, VAT,5,Inclusive,20,2,,,,
Mobiles,New,5D Glass,iPhone 17 Air ESD Privacy Glass,,PIECES,,iphone,5,5, VAT,5,Inclusive,20,10,,,,
Mobiles,New,5D Glass,iPhone 17 Air OG Glass,,PIECES,,iphone,5,5, VAT,5,Inclusive,20,20,,,,
Mobiles,New,5D Glass,iPhone 17 Air OG Glass,,PIECES,,iphone,5,5, VAT,5,Inclusive,20,8,,,,
Mobiles,New,5D Glass,iPhone 17 Air Privacy Glass,,PIECES,,iphone,5,5, VAT,5,Inclusive,20,2,,,,
Mobiles,New,5D Glass,iPhone 17 Air 5D Glass,,PIECES,,iphone,5,5, VAT,5,Inclusive,20,2,,,,
Mobiles,New,5D Glass,iPhone 17 White 5D Glass,,PIECES,,iphone,5,5, VAT,5,Inclusive,20,7,,,,
Mobiles,New,5D Glass,iPhone 17 5D Glass,,PIECES,,iphone,5,5, VAT,5,Inclusive,20,2,,,,
Mobiles,New,5D Glass,iPhone 16 Pro Max White 5D Glass,,PIECES,,iphone,5,5, VAT,5,Inclusive,20,12,,,,
Mobiles,New,5D Glass,iPhone 16 Pro Max 9D Glass,,PIECES,,iphone,5,5, VAT,5,Inclusive,20,3,,,,
Mobiles,New,5D Glass,iPhone 16 Pro Max SAAFO Glass,,PIECES,,iphone,5,5, VAT,5,Inclusive,20,6,,,,
Mobiles,New,5D Glass,iPhone 16 Pro Max ESD Glass,,PIECES,,iphone,5,5, VAT,5,Inclusive,20,1,,,,
Mobiles,New,5D Glass,iPhone 16 Pro Max Tempered Glass,,PIECES,,iphone,5,5, VAT,5,Inclusive,20,1,,,,
Mobiles,New,5D Glass,iPhone 16 Pro Max Glass,,PIECES,,iphone,5,5, VAT,5,Inclusive,20,1,,,,
Mobiles,New,5D Glass,iPhone 16 Pro Max Original Glass,,PIECES,,iphone,5,5, VAT,5,Inclusive,20,2,,,,
Mobiles,New,5D Glass,iPhone 16 Pro Max WEADDU Glass,,PIECES,,iphone,5,5, VAT,5,Inclusive,20,7,,,,
Mobiles,New,5D Glass,iPhone 16 Pro Max Privacy Glass,,PIECES,,iphone,5,5, VAT,5,Inclusive,20,2,,,,
Mobiles,New,5D Glass,iPhone 16 Pro Max 5D Glass,,PIECES,,iphone,5,5, VAT,5,Inclusive,20,3,,,,
Mobiles,New,5D Glass,iPhone 16 Pro Max UGREEN Glass,,PIECES,,iphone,5,5, VAT,5,Inclusive,20,1,,,,
Mobiles,New,5D Glass,iPhone 16 Pro Rich Privacy Glass,,PIECES,,iphone,5,5, VAT,5,Inclusive,20,3,,,,
Mobiles,New,5D Glass,iPhone 16 Pro 5D Glass,,PIECES,,iphone,5,5, VAT,5,Inclusive,20,3,,,,
Mobiles,New,5D Glass,iPhone 16 Pro AKDIBL Glass,,PIECES,,iphone,5,5, VAT,5,Inclusive,20,1,,,,
Mobiles,New,5D Glass,iPhone 16 Pro WEADDU Glass,,PIECES,,iphone,5,5, VAT,5,Inclusive,20,1,,,,
Mobiles,New,5D Glass,iPhone 16 Pro 9H Privacy Glass,,PIECES,,iphone,5,5, VAT,5,Inclusive,20,4,,,,
Mobiles,New,5D Glass,iPhone 16 Pro X EIF Glass,,PIECES,,iphone,5,5, VAT,5,Inclusive,20,6,,,,
Mobiles,New,5D Glass,iPhone 16 Pro K Privacy Glass,,PIECES,,iphone,5,5, VAT,5,Inclusive,20,5,,,,
Mobiles,New,5D Glass,iPhone 16 Pro Original Glass,,PIECES,,iphone,5,5, VAT,5,Inclusive,20,5,,,,
Mobiles,New,5D Glass,iPhone 16 Pro ESD Privacy Glass,,PIECES,,iphone,5,5, VAT,5,Inclusive,20,11,,,,
Mobiles,New,5D Glass,iPhone 16 Pro 9D Glass,,PIECES,,iphone,5,5, VAT,5,Inclusive,20,2,,,,
Mobiles,New,5D Glass,iPhone 16 Pro 9H Privacy Glass,,PIECES,,iphone,5,5, VAT,5,Inclusive,20,1,,,,
Mobiles,New,5D Glass,iPhone 16 Pro Glass,,PIECES,,iphone,5,5, VAT,5,Inclusive,20,1,,,,
Mobiles,New,5D Glass,iPhone 16 Plus 9D Glass,,PIECES,,iphone,5,5, VAT,5,Inclusive,20,4,,,,
Mobiles,New,5D Glass,iPhone 16 Plus Desert Glass,,PIECES,,iphone,5,5, VAT,5,Inclusive,20,8,,,,
Mobiles,New,5D Glass,iPhone 16 Plus OG Glass,,PIECES,,iphone,5,5, VAT,5,Inclusive,20,1,,,,
Mobiles,New,5D Glass,iPhone 16 Plus Privacy Glass,,PIECES,,iphone,5,5, VAT,5,Inclusive,20,9,,,,
Mobiles,New,5D Glass,iPhone 16 Plus Rich Privacy Glass,,PIECES,,iphone,5,5, VAT,5,Inclusive,20,3,,,,
Mobiles,New,5D Glass,iPhone 16 Plus 5D Glass,,PIECES,,iphone,5,5, VAT,5,Inclusive,20,3,,,,
Mobiles,New,5D Glass,iPhone 16 Plus AKDIBL Glass,,PIECES,,iphone,5,5, VAT,5,Inclusive,20,2,,,,
Mobiles,New,5D Glass,iPhone 16 Plus Glass,,PIECES,,iphone,5,5, VAT,5,Inclusive,20,1,,,,
Mobiles,New,5D Glass,iPhone 16 Plus 9H Privacy Glass,,PIECES,,iphone,5,5, VAT,5,Inclusive,20,2,,,,
Mobiles,New,5D Glass,iPhone 16 9D Glass,,PIECES,,iphone,5,5, VAT,5,Inclusive,20,4,,,,
Mobiles,New,5D Glass,iPhone 16 Glass,,PIECES,,iphone,5,5, VAT,5,Inclusive,20,9,,,,
Mobiles,New,5D Glass,iPhone 16 9H Privacy Glass,,PIECES,,iphone,5,5, VAT,5,Inclusive,20,1,,,,
Mobiles,New,5D Glass,iPhone 16 Rich Privacy Glass,,PIECES,,iphone,5,5, VAT,5,Inclusive,20,1,,,,
Mobiles,New,5D Glass,iPhone 16 Premium Glass,,PIECES,,iphone,5,5, VAT,5,Inclusive,20,1,,,,
Mobiles,New,5D Glass,iPhone 16 White 5D Glass,,PIECES,,iphone,5,5, VAT,5,Inclusive,20,16,,,,
Mobiles,New,5D Glass,iPhone 16 K Privacy Glass,,PIECES,,iphone,5,5, VAT,5,Inclusive,20,5,,,,
Mobiles,New,5D Glass,iPhone 15 Pro Max Matte Glass,,PIECES,,iphone,5,5, VAT,5,Inclusive,20,1,,,,
Mobiles,New,5D Glass,iPhone 15 Pro Max Privacy Glass,,PIECES,,iphone,5,5, VAT,5,Inclusive,20,2,,,,
Mobiles,New,5D Glass,iPhone 15 Pro Max AG Glass,,PIECES,,iphone,5,5, VAT,5,Inclusive,20,2,,,,
Mobiles,New,5D Glass,iPhone 15 Pro Max 9H Privacy Glass,,PIECES,,iphone,5,5, VAT,5,Inclusive,20,3,,,,
Mobiles,New,5D Glass,iPhone 15 Pro Max OG Glass,,PIECES,,iphone,5,5, VAT,5,Inclusive,20,8,,,,
Mobiles,New,5D Glass,iPhone 15 Pro Max AKDIBL Glass,,PIECES,,iphone,5,5, VAT,5,Inclusive,20,1,,,,
Mobiles,New,5D Glass,iPhone 15 Pro Max WEADDU Glass,,PIECES,,iphone,5,5, VAT,5,Inclusive,20,2,,,,
Mobiles,New,5D Glass,iPhone 15 Pro Max SAAFO Glass,,PIECES,,iphone,5,5, VAT,5,Inclusive,20,3,,,,
Mobiles,New,5D Glass,iPhone 15 Pro Max White 5D Glass,,PIECES,,iphone,5,5, VAT,5,Inclusive,20,6,,,,
Mobiles,New,5D Glass,iPhone 15 Pro White 5D Glass,,PIECES,,iphone,5,5, VAT,5,Inclusive,20,7,,,,
Mobiles,New,5D Glass,iPhone 15 Pro Privacy Glass,,PIECES,,iphone,5,5, VAT,5,Inclusive,20,3,,,,
Mobiles,New,5D Glass,iPhone 15 Pro AG Glass,,PIECES,,iphone,5,5, VAT,5,Inclusive,20,4,,,,
Mobiles,New,5D Glass,iPhone 15 Pro SAAFO Glass,,PIECES,,iphone,5,5, VAT,5,Inclusive,20,1,,,,
Mobiles,New,5D Glass,iPhone 15 Pro OG Glass,,PIECES,,iphone,5,5, VAT,5,Inclusive,20,10,,,,
Mobiles,New,5D Glass,iPhone 15 Pro 9H Glass,,PIECES,,iphone,5,5, VAT,5,Inclusive,20,2,,,,
Mobiles,New,5D Glass,iPhone 15 Pro WEADDU Glass,,PIECES,,iphone,5,5, VAT,5,Inclusive,20,11,,,,
Mobiles,New,5D Glass,iPhone 15 Pro 5D Glass,,PIECES,,iphone,5,5, VAT,5,Inclusive,20,4,,,,
Mobiles,New,5D Glass,iPhone 15 Plus 5D Glass,,PIECES,,iphone,5,5, VAT,5,Inclusive,20,2,,,,
Mobiles,New,5D Glass,iPhone 15 Plus AG Glass,,PIECES,,iphone,5,5, VAT,5,Inclusive,20,6,,,,
Mobiles,New,5D Glass,iPhone 15 Plus WEADDU Glass,,PIECES,,iphone,5,5, VAT,5,Inclusive,20,9,,,,
Mobiles,New,5D Glass,iPhone 15 Plus SAAFO Glass,,PIECES,,iphone,5,5, VAT,5,Inclusive,20,4,,,,
Mobiles,New,5D Glass,iPhone 15 Plus AKDIBL Glass,,PIECES,,iphone,5,5, VAT,5,Inclusive,20,5,,,,
Mobiles,New,5D Glass,iPhone 15 Plus OG Glass,,PIECES,,iphone,5,5, VAT,5,Inclusive,20,9,,,,
Mobiles,New,5D Glass,iPhone 15 Plus Ozon Glass,,PIECES,,iphone,5,5, VAT,5,Inclusive,20,2,,,,
Mobiles,New,5D Glass,iPhone 15 Plus White 5D Glass,,PIECES,,iphone,5,5, VAT,5,Inclusive,20,5,,,,
Mobiles,New,5D Glass,iPhone 15 Plus 9H Glass,,PIECES,,iphone,5,5, VAT,5,Inclusive,20,3,,,,
Mobiles,New,5D Glass,iPhone 15 Plus 9H Privacy Glass,,PIECES,,iphone,5,5, VAT,5,Inclusive,20,2,,,,
Mobiles,New,5D Glass,iPhone 15 White 5D Glass,,PIECES,,iphone,5,5, VAT,5,Inclusive,20,14,,,,
Mobiles,New,5D Glass,iPhone 15 SAAFO Glass,,PIECES,,iphone,5,5, VAT,5,Inclusive,20,1,,,,
Mobiles,New,5D Glass,iPhone 15 AKDIBL Glass,,PIECES,,iphone,5,5, VAT,5,Inclusive,20,2,,,,
Mobiles,New,5D Glass,iPhone 15 AG Glass,,PIECES,,iphone,5,5, VAT,5,Inclusive,20,2,,,,
Mobiles,New,5D Glass,iPhone 15 9H Privacy Glass,,PIECES,,iphone,5,5, VAT,5,Inclusive,20,5,,,,
Mobiles,New,5D Glass,iPhone 15 K Privacy Glass,,PIECES,,iphone,5,5, VAT,5,Inclusive,20,7,,,,
Mobiles,New,5D Glass,iPhone 15 Original Privacy Glass,,PIECES,,iphone,5,5, VAT,5,Inclusive,20,2,,,,
Mobiles,New,5D Glass,iPhone 15 Glass,,PIECES,,iphone,5,5, VAT,5,Inclusive,20,3,,,,
Mobiles,New,5D Glass,iPhone 14 Pro Max K Privacy Glass,,PIECES,,iphone,5,5, VAT,5,Inclusive,20,1,,,,
Mobiles,New,5D Glass,iPhone 14 Pro Max 5D Glass,,PIECES,,iphone,5,5, VAT,5,Inclusive,20,4,,,,
Mobiles,New,5D Glass,iPhone 14 Pro Max White 5D Glass,,PIECES,,iphone,5,5, VAT,5,Inclusive,20,9,,,,
Mobiles,New,5D Glass,iPhone 14 Pro Max X EIF Glass,,PIECES,,iphone,5,5, VAT,5,Inclusive,20,7,,,,
Mobiles,New,5D Glass,iPhone 14 Pro Max Tempered Glass,,PIECES,,iphone,5,5, VAT,5,Inclusive,20,2,,,,
Mobiles,New,5D Glass,iPhone 14 Pro Max 9H Glass,,PIECES,,iphone,5,5, VAT,5,Inclusive,20,2,,,,
Mobiles,New,5D Glass,iPhone 14 Pro Max SAAFO Glass,,PIECES,,iphone,5,5, VAT,5,Inclusive,20,4,,,,
Mobiles,New,5D Glass,iPhone 14 Pro Max HD Glass,,PIECES,,iphone,5,5, VAT,5,Inclusive,20,2,,,,
Mobiles,New,5D Glass,iPhone 14 Pro Max AG Glass,,PIECES,,iphone,5,5, VAT,5,Inclusive,20,4,,,,
Mobiles,New,5D Glass,iPhone 14 Pro Max M One Glass,,PIECES,,iphone,5,5, VAT,5,Inclusive,20,2,,,,
Mobiles,New,5D Glass,iPhone 14 Pro 5D Glass,,PIECES,,iphone,5,5, VAT,5,Inclusive,20,4,,,,
Mobiles,New,5D Glass,iPhone 14 Pro ESD Glass,,PIECES,,iphone,5,5, VAT,5,Inclusive,20,2,,,,
Mobiles,New,5D Glass,iPhone 14 Pro Super X Glass,,PIECES,,iphone,5,5, VAT,5,Inclusive,20,15,,,,
Mobiles,New,5D Glass,iPhone 14 Pro K Privacy Glass,,PIECES,,iphone,5,5, VAT,5,Inclusive,20,2,,,,
Mobiles,New,5D Glass,iPhone 14 Pro OG Glass,,PIECES,,iphone,5,5, VAT,5,Inclusive,20,7,,,,
Mobiles,New,5D Glass,iPhone 14 Pro 9D Glass,,PIECES,,iphone,5,5, VAT,5,Inclusive,20,1,,,,
Mobiles,New,5D Glass,iPhone 14 Pro Ozon Glass,,PIECES,,iphone,5,5, VAT,5,Inclusive,20,6,,,,
Mobiles,New,5D Glass,iPhone 14 Pro SAAFO Glass,,PIECES,,iphone,5,5, VAT,5,Inclusive,20,5,,,,
Mobiles,New,5D Glass,iPhone 14 Pro AKDIBL Glass,,PIECES,,iphone,5,5, VAT,5,Inclusive,20,2,,,,
Mobiles,New,5D Glass,iPhone 14 Pro Privacy Glass,,PIECES,,iphone,5,5, VAT,5,Inclusive,20,1,,,,
Mobiles,New,5D Glass,iPhone 14 Plus Original Glass,,PIECES,,iphone,5,5, VAT,5,Inclusive,20,1,,,,
Mobiles,New,5D Glass,iPhone 14 Plus K Privacy Glass,,PIECES,,iphone,5,5, VAT,5,Inclusive,20,2,,,,
Mobiles,New,5D Glass,iPhone 14 Plus IKP Glass,,PIECES,,iphone,5,5, VAT,5,Inclusive,20,4,,,,
Mobiles,New,5D Glass,iPhone 14 Plus Men Privacy Glass,,PIECES,,iphone,5,5, VAT,5,Inclusive,20,1,,,,
Mobiles,New,5D Glass,iPhone 14 Plus SAAFO Glass,,PIECES,,iphone,5,5, VAT,5,Inclusive,20,6,,,,
Mobiles,New,5D Glass,iPhone 14 Plus AKDIBL Glass,,PIECES,,iphone,5,5, VAT,5,Inclusive,20,4,,,,
Mobiles,New,5D Glass,iPhone 14 Plus Ceramic Glass,,PIECES,,iphone,5,5, VAT,5,Inclusive,20,3,,,,
Mobiles,New,5D Glass,iPhone 14 5D Glass,,PIECES,,iphone,5,5, VAT,5,Inclusive,20,6,,,,
Mobiles,New,5D Glass,iPhone 14 Premium Privacy Glass,,PIECES,,iphone,5,5, VAT,5,Inclusive,20,1,,,,
Mobiles,New,5D Glass,iPhone 14 K Privacy Glass,,PIECES,,iphone,5,5, VAT,5,Inclusive,20,3,,,,
Mobiles,New,5D Glass,iPhone 14 Original Glass,,PIECES,,iphone,5,5, VAT,5,Inclusive,20,1,,,,
Mobiles,New,5D Glass,iPhone 14 9H Privacy Glass,,PIECES,,iphone,5,5, VAT,5,Inclusive,20,1,,,,
Mobiles,New,5D Glass,iPhone 14 AKDIBL Glass,,PIECES,,iphone,5,5, VAT,5,Inclusive,20,3,,,,
Mobiles,New,5D Glass,iPhone 14 ESD Privacy Glass,,PIECES,,iphone,5,5, VAT,5,Inclusive,20,10,,,,
Mobiles,New,5D Glass,iPhone 14 MLETUBL Glass,,PIECES,,iphone,5,5, VAT,5,Inclusive,20,13,,,,
Mobiles,New,5D Glass,iPhone 14 Original Glass,,PIECES,,iphone,5,5, VAT,5,Inclusive,20,1,,,,
Mobiles,New,5D Glass,iPhone 14 Unipha Glass,,PIECES,,iphone,5,5, VAT,5,Inclusive,20,2,,,,
Mobiles,New,5D Glass,iPhone 14 SAAFO Glass,,PIECES,,iphone,5,5, VAT,5,Inclusive,20,3,,,,
Mobiles,New,5D Glass,iPhone 13 Pro Max AG Glass,,PIECES,,iphone,5,5, VAT,5,Inclusive,20,5,,,,
Mobiles,New,5D Glass,iPhone 13 Pro Max White 5D Glass,,PIECES,,iphone,5,5, VAT,5,Inclusive,20,8,,,,
Mobiles,New,5D Glass,iPhone 13 Pro Max Privacy Glass,,PIECES,,iphone,5,5, VAT,5,Inclusive,20,3,,,,
Mobiles,New,5D Glass,iPhone 13 Pro Max OG Glass,,PIECES,,iphone,5,5, VAT,5,Inclusive,20,10,,,,
Mobiles,New,5D Glass,iPhone 13 Pro Max 9H Glass,,PIECES,,iphone,5,5, VAT,5,Inclusive,20,13,,,,
Mobiles,New,5D Glass,iPhone 13 Pro Max 5D Glass,,PIECES,,iphone,5,5, VAT,5,Inclusive,20,4,,,,
Mobiles,New,5D Glass,iPhone 13 Pro Max IKP Glass,,PIECES,,iphone,5,5, VAT,5,Inclusive,20,1,,,,
Mobiles,New,5D Glass,iPhone 13 Pro Marco Glass,,PIECES,,iphone,5,5, VAT,5,Inclusive,20,1,,,,
Mobiles,New,5D Glass,iPhone 13 Pro 18D Glass,,PIECES,,iphone,5,5, VAT,5,Inclusive,20,5,,,,
Mobiles,New,5D Glass,iPhone 13 Pro Privacy Glass,,PIECES,,iphone,5,5, VAT,5,Inclusive,20,1,,,,
Mobiles,New,5D Glass,iPhone 13 Pro SAAFO Glass,,PIECES,,iphone,5,5, VAT,5,Inclusive,20,8,,,,
Mobiles,New,5D Glass,iPhone 13 Pro Tempered Glass,,PIECES,,iphone,5,5, VAT,5,Inclusive,20,1,,,,
Mobiles,New,5D Glass,iPhone 13 Pro AKDIBL Glass,,PIECES,,iphone,5,5, VAT,5,Inclusive,20,1,,,,
Mobiles,New,5D Glass,iPhone 13 Pro X EIF Glass,,PIECES,,iphone,5,5, VAT,5,Inclusive,20,12,,,,
Mobiles,New,5D Glass,iPhone 13 Pro AG Glass,,PIECES,,iphone,5,5, VAT,5,Inclusive,20,2,,,,
Mobiles,New,5D Glass,iPhone 13 Pro 9H Glass,,PIECES,,iphone,5,5, VAT,5,Inclusive,20,12,,,,
Mobiles,New,5D Glass,iPhone 13 Pro IKP Glass,,PIECES,,iphone,5,5, VAT,5,Inclusive,20,2,,,,
Mobiles,New,5D Glass,iPhone 13 Pro HD Glass,,PIECES,,iphone,5,5, VAT,5,Inclusive,20,1,,,,
Mobiles,New,5D Glass,iPhone 13 White 5D Glass,,PIECES,,iphone,5,5, VAT,5,Inclusive,20,24,,,,
Mobiles,New,5D Glass,iPhone 13 SAAFO Glass,,PIECES,,iphone,5,5, VAT,5,Inclusive,20,1,,,,
Mobiles,New,5D Glass,iPhone 13 X EIF Glass,,PIECES,,iphone,5,5, VAT,5,Inclusive,20,1,,,,
Mobiles,New,5D Glass,iPhone 13 SAAFO Glass,,PIECES,,iphone,5,5, VAT,5,Inclusive,20,7,,,,
Mobiles,New,5D Glass,iPhone 13 Mini Privacy Glass,,PIECES,,iphone,5,5, VAT,5,Inclusive,20,3,,,,
Mobiles,New,5D Glass,iPhone 12 Pro Max Privacy Glass,,PIECES,,iphone,5,5, VAT,5,Inclusive,20,3,,,,
Mobiles,New,5D Glass,iPhone 12 Pro Max 9H Glass,,PIECES,,iphone,5,5, VAT,5,Inclusive,20,4,,,,
Mobiles,New,5D Glass,iPhone 12 Pro Max OG Glass,,PIECES,,iphone,5,5, VAT,5,Inclusive,20,8,,,,
Mobiles,New,5D Glass,iPhone 12 Pro Max Glass Privacy,,PIECES,,iphone,5,5, VAT,5,Inclusive,20,3,,,,
Mobiles,New,5D Glass,iPhone 12 Pro Max White 5D Glass,,PIECES,,iphone,5,5, VAT,5,Inclusive,20,8,,,,
Mobiles,New,5D Glass,iPhone 12 Pro Max SAAFO Glass,,PIECES,,iphone,5,5, VAT,5,Inclusive,20,8,,,,
Mobiles,New,5D Glass,iPhone 12 Pro Max Ozon Glass,,PIECES,,iphone,5,5, VAT,5,Inclusive,20,2,,,,
Mobiles,New,5D Glass,iPhone 12 Pro Max JPS Glass,,PIECES,,iphone,5,5, VAT,5,Inclusive,20,4,,,,
Mobiles,New,5D Glass,iPhone 12 Pro Max AG Glass,,PIECES,,iphone,5,5, VAT,5,Inclusive,20,1,,,,
Mobiles,New,5D Glass,iPhone 12 Pro Max 5D Glass,,PIECES,,iphone,5,5, VAT,5,Inclusive,20,7,,,,
Mobiles,New,5D Glass,iPhone 12 Pro Original Glass,,PIECES,,iphone,5,5, VAT,5,Inclusive,20,2,,,,
Mobiles,New,5D Glass,iPhone 12 Pro Unipha Glass,,PIECES,,iphone,5,5, VAT,5,Inclusive,20,2,,,,
Mobiles,New,5D Glass,iPhone 12 Pro 9H Glass,,PIECES,,iphone,5,5, VAT,5,Inclusive,20,7,,,,
Mobiles,New,5D Glass,iPhone 12 Pro X EIF Glass,,PIECES,,iphone,5,5, VAT,5,Inclusive,20,6,,,,
Mobiles,New,5D Glass,iPhone 12 Pro SAAFO Glass,,PIECES,,iphone,5,5, VAT,5,Inclusive,20,5,,,,
Mobiles,New,5D Glass,iPhone 12 Pro ESD Privacy Glass,,PIECES,,iphone,5,5, VAT,5,Inclusive,20,10,,,,
Mobiles,New,5D Glass,iPhone 12 Pro AKDIBL Glass,,PIECES,,iphone,5,5, VAT,5,Inclusive,20,1,,,,
Mobiles,New,5D Glass,iPhone 12 Pro WEADDU Glass,,PIECES,,iphone,5,5, VAT,5,Inclusive,20,1,,,,
Mobiles,New,5D Glass,iPhone 12 Pro AG Glass,,PIECES,,iphone,5,5, VAT,5,Inclusive,20,4,,,,
Mobiles,New,5D Glass,iPhone 12 Pro M One Glass,,PIECES,,iphone,5,5, VAT,5,Inclusive,20,3,,,,
Mobiles,New,5D Glass,iPhone 12 White 5D Glass,,PIECES,,iphone,5,5, VAT,5,Inclusive,20,8,,,,
Mobiles,New,5D Glass,iPhone 12 Unipha Glass,,PIECES,,iphone,5,5, VAT,5,Inclusive,20,3,,,,
Mobiles,New,5D Glass,iPhone 12 Privacy Glass,,PIECES,,iphone,5,5, VAT,5,Inclusive,20,2,,,,
Mobiles,New,5D Glass,iPhone 12 Mini Unipha Glass,,PIECES,,iphone,5,5, VAT,5,Inclusive,20,4,,,,
Mobiles,New,5D Glass,iPhone 11 Pro Max 9D Glass,,PIECES,,iphone,5,5, VAT,5,Inclusive,20,1,,,,
Mobiles,New,5D Glass,iPhone 11 Pro Max 9H Glass,,PIECES,,iphone,5,5, VAT,5,Inclusive,20,9,,,,
Mobiles,New,5D Glass,iPhone 11 Pro Max K Privacy Glass,,PIECES,,iphone,5,5, VAT,5,Inclusive,20,1,,,,
Mobiles,New,5D Glass,iPhone 11 Pro Max OG Glass,,PIECES,,iphone,5,5, VAT,5,Inclusive,20,12,,,,
Mobiles,New,5D Glass,iPhone 11 Pro Max AG Glass,,PIECES,,iphone,5,5, VAT,5,Inclusive,20,1,,,,
Mobiles,New,5D Glass,iPhone 11 Pro Max Mobimax Glass,,PIECES,,iphone,5,5, VAT,5,Inclusive,20,1,,,,
Mobiles,New,5D Glass,iPhone 11 Pro Max SAAFO Glass,,PIECES,,iphone,5,5, VAT,5,Inclusive,20,3,,,,
Mobiles,New,5D Glass,iPhone 11 Pro Max WEADDU Glass,,PIECES,,iphone,5,5, VAT,5,Inclusive,20,8,,,,
Mobiles,New,5D Glass,iPhone 11 Pro K Privacy Glass,,PIECES,,iphone,5,5, VAT,5,Inclusive,20,1,,,,
Mobiles,New,5D Glass,iPhone 11 Pro AKDIBL Glass,,PIECES,,iphone,5,5, VAT,5,Inclusive,20,7,,,,
Mobiles,New,5D Glass,iPhone 11 Pro Mobimax Glass,,PIECES,,iphone,5,5, VAT,5,Inclusive,20,1,,,,
Mobiles,New,5D Glass,iPhone 11 Pro OG Glass,,PIECES,,iphone,5,5, VAT,5,Inclusive,20,8,,,,
Mobiles,New,5D Glass,iPhone 11 Pro SAAFO Glass,,PIECES,,iphone,5,5, VAT,5,Inclusive,20,10,,,,
Mobiles,New,5D Glass,iPhone 11 Pro 5D Glass,,PIECES,,iphone,5,5, VAT,5,Inclusive,20,4,,,,
Mobiles,New,5D Glass,iPhone 11 Privacy Glass,,PIECES,,iphone,5,5, VAT,5,Inclusive,20,1,,,,
Mobiles,New,5D Glass,iPhone 11 SAAFO Glass,,PIECES,,iphone,5,5, VAT,5,Inclusive,20,1,,,,
Mobiles,New,5D Glass,iPhone 11 Glass Privacy,,PIECES,,iphone,5,5, VAT,5,Inclusive,20,1,,,,
Mobiles,New,5D Glass,iPhone 11 Rich Privacy Glass,,PIECES,,iphone,5,5, VAT,5,Inclusive,20,1,,,,
Mobiles,New,5D Glass,iPhone 11 5D Glass,,PIECES,,iphone,5,5, VAT,5,Inclusive,20,2,,,,
Mobiles,New,5D Glass,iPhone 11 AG Glass,,PIECES,,iphone,5,5, VAT,5,Inclusive,20,1,,,,
Mobiles,New,5D Glass,iPhone 11 5D Glass,,PIECES,,iphone,5,5, VAT,5,Inclusive,20,3,,,,
Mobiles,New,5D Glass,iPhone 11 / iPhone X / XS White 5D Glass,,PIECES,,iphone,5,5, VAT,5,Inclusive,20,7,,,,
Mobiles,New,5D Glass,iPhone XS Max / 11 Pro Max 5D Glass,,PIECES,,iphone,5,5, VAT,5,Inclusive,20,6,,,,
Mobiles,New,5D Glass,iPhone XS Max Premium Glass,,PIECES,,iphone,5,5, VAT,5,Inclusive,20,1,,,,
Mobiles,New,5D Glass,iPhone XR X EIF Glass,,PIECES,,iphone,5,5, VAT,5,Inclusive,20,6,,,,
Mobiles,New,5D Glass,iPhone XR WEADDU Glass,,PIECES,,iphone,5,5, VAT,5,Inclusive,20,5,,,,
Mobiles,New,5D Glass,iPhone XR Ozon Glass,,PIECES,,iphone,5,5, VAT,5,Inclusive,20,1,,,,
Mobiles,New,5D Glass,iPhone XS 5D Glass,,PIECES,,iphone,5,5, VAT,5,Inclusive,20,6,,,,
Mobiles,New,5D Glass,iPhone X / XS SAAFO Glass,,PIECES,,iphone,5,5, VAT,5,Inclusive,20,4,,,,
Mobiles,New,5D Glass,iPhone XS Matte Glass,,PIECES,,iphone,5,5, VAT,5,Inclusive,20,1,,,,
Mobiles,New,5D Glass,iPhone XS Privacy Glass,,PIECES,,iphone,5,5, VAT,5,Inclusive,0,3,,,,
Mobiles,New,5D Glass,iPhone 8 M Hello Mo Glass,,PIECES,,iphone,5,5, VAT,5,Inclusive,20,2,,,,
Mobiles,New,5D Glass,iPhone 8 5D Glass,,PIECES,,iphone,5,5, VAT,5,Inclusive,20,2,,,,
Mobiles,New,5D Glass,iPhone 8 SAAFO Glass,,PIECES,,iphone,5,5, VAT,5,Inclusive,20,2,,,,
Mobiles,New,5D Glass,iPhone 7 Plus / 8 Plus 9D Glass,,PIECES,,iphone,5,5, VAT,5,Inclusive,20,1,,,,
Mobiles,New,5D Glass,iPhone 7 Plus 5D Glass,,PIECES,,iphone,5,5, VAT,5,Inclusive,20,5,,,,
Mobiles,New,5D Glass,iPhone 7 Plus Tempered Glass,,PIECES,,iphone,5,5, VAT,5,Inclusive,20,8,,,,
Mobiles,New,5D Glass,iPhone 7 Plus OG Glass,,PIECES,,iphone,5,5, VAT,5,Inclusive,20,1,,,,
Mobiles,New,5D Glass,iPhone 7 Plus Rayon Glass,,PIECES,,iphone,5,5, VAT,5,Inclusive,20,1,,,,
Mobiles,New,5D Glass,iPhone 7 Plus Glass Privacy,,PIECES,,iphone,5,5, VAT,5,Inclusive,20,1,,,,
Mobiles,New,5D Glass,iPhone 7 9D Glass,,PIECES,,iphone,5,5, VAT,5,Inclusive,20,1,,,,
Mobiles,New,5D Glass,iPhone 7 5D Glass,,PIECES,,iphone,5,5, VAT,5,Inclusive,20,1,,,,
Mobiles,New,5D Glass,iPhone 6 / 7 / 8 / Plus Super X Glass,,PIECES,,iphone,5,5, VAT,5,Inclusive,20,2,,,,
Mobiles,New,5D Glass,iPhone 6 / 7 / 8 / Plus White 5D Glass,,PIECES,,iphone,5,5, VAT,5,Inclusive,20,1,,,,
Mobiles,New,5D Glass,iPhone 6 / 7 / 8 Glass Privacy,,PIECES,,iphone,5,5, VAT,5,Inclusive,20,1,,,,
Mobiles,New,5D Glass,iPhone 6 / 7 / 8 OG Glass,,PIECES,,iphone,5,5, VAT,5,Inclusive,20,18,,,,
Mobiles,New,5D Glass,iPhone 6 / 7 / 8 Meibo Glass,,PIECES,,iphone,5,5, VAT,5,Inclusive,20,8,,,,
Mobiles,New,5D Glass,iPhone 6 / 7 / 8 White 5D Glass,,PIECES,,iphone,5,5, VAT,5,Inclusive,20,8,,,,
Mobiles,New,5D Glass,iPhone 6 / 6S Super Glass,,PIECES,,iphone,5,5, VAT,5,Inclusive,20,9,,,,
Mobiles,New,5D Glass,iPhone 6 Plus 5D Glass,,PIECES,,iphone,5,5, VAT,5,Inclusive,20,2,,,,
Mobiles,New,5D Glass,iPhone 6 Plus AG Glass,,PIECES,,iphone,5,5, VAT,5,Inclusive,20,3,,,,
Mobiles,New,5D Glass,iPhone 6 Plus Glass Privacy,,PIECES,,iphone,5,5, VAT,5,Inclusive,20,3,,,,
Mobiles,New,5D Glass,iPhone 6 Plus Tempered Glass,,PIECES,,iphone,5,5, VAT,5,Inclusive,20,2,,,,
Mobiles,New,5D Glass,iPhone 6 5D Glass,,PIECES,,iphone,5,5, VAT,5,Inclusive,20,1,,,,
Mobiles,New,5D Glass,iPhone 6 9D Glass,,PIECES,,iphone,5,5, VAT,5,Inclusive,20,2,,,,
Mobiles,New,5D Glass,iPhone 6 5D Glass,,PIECES,,iphone,5,5, VAT,5,Inclusive,20,3,,,,
Mobiles,New,5D Glass,iPhone 5 5D Glass,,PIECES,,iphone,5,5, VAT,5,Inclusive,20,4,,,,
Mobiles,New,Tripod,Camera / Camcorder Tripod,,PIECES,,Unknown,55,55, VAT,5,Inclusive,200,1,,,,
Mobiles,New,Tripod,Plokama Tripod,,PIECES,,Plokama,35,35, VAT,5,Inclusive,200,1,,,,
Mobiles,New,Tripod,Camera Stand Tripod,,PIECES,,Unknown,20,20, VAT,5,Inclusive,200,1,,,,
Mobiles,New,Tripod,Yunteng Tripod,,PIECES,,Yunteng,75,75, VAT,5,Inclusive,250,1,,,,
Mobiles,New,Tripod,Laptop Projector Tripod,,PIECES,,Unknown,55,55, VAT,5,Inclusive,200,1,,,,
Mobiles,New,Fish Lamp,Bubble Machine Fish Lamp 90cm,,PIECES,,Unknown,55,55, VAT,5,Inclusive,100,1,,,,
Mobiles,New,Ring Light,RGB LED Ring Light MJ45,,PIECES,,RGB,53,53, VAT,5,Inclusive,150,1,,,,
Mobiles,New,Ring Light,LED Ring Light LJJ-45,,PIECES,,LED Light,60,60, VAT,5,Inclusive,180,1,,,,
Mobiles,New,Ring Light,Softbox Ring Light RL-100,,PIECES,,Softbox,35,35, VAT,5,Inclusive,150,1,,,,
Mobiles,New,Ring Light,Plokama Ring Light LIVE-P19,,PIECES,,Plokama,50,50, VAT,5,Inclusive,150,1,,,,
Mobiles,New,Ring Light,Plokama Ring Light LIVE-R56 Pro,,PIECES,,Plokama,90,90, VAT,5,Inclusive,250,1,,,,
Mobiles,New,Ring Light,Plokama Ring Light LIVE-R56,,PIECES,,Plokama,80,80, VAT,5,Inclusive,240,1,,,,
Mobiles,New,Ring Light,RGB LED Ring Light PM-60,,PIECES,,RGB,80,80, VAT,5,Inclusive,240,1,,,,
Mobiles,New,Ring Light,RGB Spotlight LED Light FSD-168,,PIECES,,RGB,60,60, VAT,5,Inclusive,200,1,,,,
Mobiles,New,Ring Light,Highlighting Lamp LED Light MM-RC-A,,PIECES,,LED Light,195,195, VAT,5,Inclusive,350,1,,,,
Computers,New,Cooling Fan,Hanging Light Laptop Cooling Fan N18,,PIECES,,Unknown,22,22, VAT,5,Inclusive,75,1,,,,
Mobiles,New,Smartphone,Samsung Galaxy A07 (4GB/128GB),,PIECES,,Samsung,400,400, VAT,5,Inclusive,500,1,,3.53E+14,,
Mobiles,New,Smartphone,Samsung Galaxy A07 (4GB/128GB),,PIECES,,Samsung,400,400, VAT,5,Inclusive,500,1,,3.58E+14,,
Mobiles,New,Smartphone,Samsung Galaxy A07 5G (6GB/128GB),,PIECES,,Samsung,570,570, VAT,5,Inclusive,670,1,,3.53E+14,,
Mobiles,New,Smartphone,Samsung Galaxy A17 (6GB/128GB),,PIECES,,Samsung,583,583, VAT,5,Inclusive,680,1,,3.55E+14,,
Mobiles,New,Smartphone,Samsung Galaxy A17 (4GB/128GB),,PIECES,,Samsung,513,513, VAT,5,Inclusive,615,1,,3.54E+14,,
Mobiles,New,Smartphone,Samsung Galaxy A17 (4GB/128GB),,PIECES,,Samsung,513,513, VAT,5,Inclusive,615,1,,3.50E+14,,
Mobiles,Used,Smartphone,Honor X7D 5G,,PIECES,,Honor,250,250, VAT,5,Inclusive,500,1,,256/8+8GB,,
Mobiles,New,Smartphone,Realme C71 4G,,PIECES,,Realme,562,562, VAT,5,Inclusive,650,1,,8.68E+14,,
Mobiles,New,Smartphone,Realme C71 4G,,PIECES,,Realme,562,562, VAT,5,Inclusive,650,1,,8.68E+14,,
Mobiles,New,Tablet Glass,Samsung Galaxy Tab 3 Glass,,PIECES,,Samsung,5,5, VAT,5,Inclusive,25,1,,,,
Mobiles,New,Tablet Glass,Samsung Galaxy Tab A 9.7 Glass,,PIECES,,Samsung,5,5, VAT,5,Inclusive,25,1,,,,
Mobiles,New,Tablet Glass,Samsung Galaxy Tab S6 Glass,,PIECES,,Samsung,5,5, VAT,5,Inclusive,25,1,,,,
Mobiles,New,Tablet Glass,Samsung Galaxy Tab A 10.1 Glass,,PIECES,,Samsung,5,5, VAT,5,Inclusive,25,11,,,,
Mobiles,New,Tablet Glass,Samsung Galaxy Tab S6 Glass,,PIECES,,Samsung,5,5, VAT,5,Inclusive,25,2,,,,
Mobiles,New,Tablet Glass,Samsung Galaxy Tab A 10.5 Glass,,PIECES,,Samsung,5,5, VAT,5,Inclusive,25,15,,,,
Mobiles,New,Tablet Glass,Samsung Galaxy Tab S9 FE Tempered Glass,,PIECES,,Samsung,5,5, VAT,5,Inclusive,25,3,,,,
Mobiles,New,Tablet Glass,Samsung Galaxy Tab S10 Lite Glass,,PIECES,,Samsung,5,5, VAT,5,Inclusive,25,2,,,,
Mobiles,New,Tablet Glass,Samsung Galaxy Tab A9+ Tempered Glass,,PIECES,,Samsung,5,5, VAT,5,Inclusive,25,4,,,,
Mobiles,New,Tablet Glass,Samsung Galaxy Tab S10 Tempered Glass,,PIECES,,Samsung,5,5, VAT,5,Inclusive,25,2,,,,
Mobiles,New,Tablet Glass,Samsung Galaxy Tab 4 10.1 Tempered Glass,,PIECES,,Samsung,5,5, VAT,5,Inclusive,25,2,,,,
Mobiles,New,Tablet Glass,Samsung Galaxy Tab 3 10.1 Tempered Glass,,PIECES,,Samsung,5,5, VAT,5,Inclusive,25,2,,,,
Mobiles,New,Tablet Glass,Samsung Galaxy Tab 5 10.1 Tempered Glass,,PIECES,,Samsung,5,5, VAT,5,Inclusive,25,3,,,,
Mobiles,New,Tablet Glass,Samsung Galaxy Tab A10-70 Tempered Glass,,PIECES,,Samsung,5,5, VAT,5,Inclusive,25,4,,,,
Mobiles,New,Tablet Glass,Samsung Galaxy Tab E 9.6 Glass,,PIECES,,Samsung,5,5, VAT,5,Inclusive,25,7,,,,
Mobiles,New,Tablet Glass,Samsung Galaxy Tab A7 Tempered Glass,,PIECES,,Samsung,5,5, VAT,5,Inclusive,25,17,,,,
Mobiles,New,Tablet Glass,Samsung Galaxy Tab A 10.1 Glass,,PIECES,,Samsung,5,5, VAT,5,Inclusive,25,4,,,,
Mobiles,New,Tablet Glass,Samsung Tab 3 8.0 / T310 / T3 9.6 Glass,,PIECES,,Samsung,5,5, VAT,5,Inclusive,25,3,,,,
Mobiles,New,Tablet Glass,Samsung Galaxy Tab S3 Glass,,PIECES,,Samsung,5,5, VAT,5,Inclusive,25,3,,,,
Mobiles,New,Tablet Glass,Samsung Galaxy Tab A8 Tempered Glass,,PIECES,,Samsung,5,5, VAT,5,Inclusive,25,6,,,,
Mobiles,New,Tablet Glass,Samsung Galaxy Tab S Glass,,PIECES,,Samsung,5,5, VAT,5,Inclusive,25,3,,,,
Mobiles,New,Tablet Glass,Samsung Galaxy Tab S5e Glass,,PIECES,,Samsung,5,5, VAT,5,Inclusive,25,6,,,,
Mobiles,New,Tablet Glass,Samsung Galaxy Tab S7 Tempered Glass,,PIECES,,Samsung,5,5, VAT,5,Inclusive,25,10,,,,
Mobiles,New,Tablet Glass,Samsung Galaxy Tab S10+ Tempered Glass,,PIECES,,Samsung,5,5, VAT,5,Inclusive,25,4,,,,
Mobiles,New,Tablet Glass,Samsung Galaxy Tab A 10.1 Glass,,PIECES,,Samsung,5,5, VAT,5,Inclusive,25,1,,,,
Mobiles,New,Tablet Glass,Samsung Galaxy Tab S7 FE Tempered Glass,,PIECES,,Samsung,5,5, VAT,5,Inclusive,25,8,,,,
Mobiles,New,Tablet Glass,Samsung Galaxy Tab S7+ Tempered Glass,,PIECES,,Samsung,5,5, VAT,5,Inclusive,25,4,,,,
Mobiles,New,Tablet Glass,Huawei MediaPad T5 10 Tempered Glass,,PIECES,,Huawei,5,5, VAT,5,Inclusive,25,4,,,,
Mobiles,New,Tablet Glass,Huawei MatePad SE 10.4 Tempered Glass,,PIECES,,Huawei,5,5, VAT,5,Inclusive,25,1,,,,
Mobiles,New,Tablet Glass,Huawei MatePad SE Tempered Glass,,PIECES,,Huawei,5,5, VAT,5,Inclusive,25,2,,,,
Mobiles,New,Tablet Glass,Huawei MatePad SE 11 Tempered Glass,,PIECES,,Huawei,5,5, VAT,5,Inclusive,25,3,,,,
Mobiles,New,Tablet Glass,Huawei MatePad SE 11.5 Tempered Glass,,PIECES,,Huawei,5,5, VAT,5,Inclusive,25,5,,,,
Mobiles,New,Tablet Glass,Huawei MediaPad M5 Pro 10 Tempered Glass,,PIECES,,Huawei,5,5, VAT,5,Inclusive,25,1,,,,
Mobiles,New,Tablet Glass,Huawei MatePad T10 / T10S Tempered Glass,,PIECES,,Huawei,5,5, VAT,5,Inclusive,25,5,,,,
Mobiles,New,Tablet Glass,Huawei MediaPad M5 Lite Tempered Glass,,PIECES,,Huawei,5,5, VAT,5,Inclusive,25,6,,,,
Mobiles,New,Tablet Glass,Huawei MatePad Pro 12.6 Glass,,PIECES,,Huawei,5,5, VAT,5,Inclusive,25,3,,,,
Mobiles,New,Tablet Glass,Honor Pad X8a Tempered Glass,,PIECES,,Honor,5,5, VAT,5,Inclusive,25,1,,,,
Mobiles,New,Tablet Glass,Honor Pad X9a Tempered Glass,,PIECES,,Honor,5,5, VAT,5,Inclusive,25,5,,,,
Mobiles,New,Tablet Glass,Honor Pad X9 Tempered Glass,,PIECES,,Honor,5,5, VAT,5,Inclusive,25,2,,,,
Mobiles,New,Tablet Glass,Xiaomi Pad 7 Tempered Glass,,PIECES,,Mi,5,5, VAT,5,Inclusive,25,1,,,,
Mobiles,New,Tablet Glass,Apple iPad Pro 11 Tempered Glass,,PIECES,,ipad,5,5, VAT,5,Inclusive,25,2,,,,
Mobiles,New,Tablet Glass,Apple iPad Air 3 Glass,,PIECES,,ipad,5,5, VAT,5,Inclusive,25,1,,,,
Mobiles,New,Tablet Glass,Lenovo Tab P11 Tempered Glass,,PIECES,,ipad,5,5, VAT,5,Inclusive,25,2,,,,
Mobiles,New,Tablet Glass,Apple iPad Air Tempered Glass,,PIECES,,ipad,5,5, VAT,5,Inclusive,25,2,,,,
Mobiles,New,Tablet Glass,Apple iPad Pro 11 (2022) Tempered Glass,,PIECES,,ipad,5,5, VAT,5,Inclusive,25,5,,,,
Mobiles,New,Tablet Glass,Apple iPad 10th Gen Tempered Glass,,PIECES,,ipad,5,5, VAT,5,Inclusive,25,7,,,,
Mobiles,New,Tablet Glass,Apple iPad 2 / 3 / 4 Tempered Glass,,PIECES,,ipad,5,5, VAT,5,Inclusive,25,8,,,,
Mobiles,New,Tablet Glass,Apple iPad Pro 10.9 Tempered Glass,,PIECES,,ipad,5,5, VAT,5,Inclusive,25,1,,,,
Mobiles,New,Tablet Glass,Apple iPad 10.2 Tempered Glass,,PIECES,,ipad,5,5, VAT,5,Inclusive,25,7,,,,
Mobiles,New,Tablet Glass,Apple iPad 9.7 Tempered Glass,,PIECES,,ipad,5,5, VAT,5,Inclusive,25,5,,,,
Mobiles,New,Tablet Glass,Apple iPad Air 13 (2024) Tempered Glass,,PIECES,,ipad,5,5, VAT,5,Inclusive,25,3,,,,
Mobiles,New,Tablet Glass,Apple iPad Air 13 (2024) Tempered Glass,,PIECES,,ipad,5,5, VAT,5,Inclusive,25,2,,,,
Mobiles,New,Tablet Glass,Apple iPad Pro 12.9 Tempered Glass,,PIECES,,ipad,5,5, VAT,5,Inclusive,25,3,,,,
Mobiles,New,Tablet Glass,Apple iPad Pro 12.9 Glass,,PIECES,,ipad,5,5, VAT,5,Inclusive,25,4,,,,
Mobiles,New,Tablet Glass,Apple iPad Pro 12.9 Tempered Glass,,PIECES,,ipad,5,5, VAT,5,Inclusive,25,1,,,,
Mobiles,New,Glass,Samsung Galaxy S23 Ultra UV Glass,,PIECES,,Samsung,10,10, VAT,5,Inclusive,40,3,,,,
Mobiles,New,Mobile Cable,Apple USB-C to Lightning Cable,,PIECES,,Apple,5,5, VAT,5,Inclusive,40,6,,,,
Mobiles,New,Tablet Glass,Lenovo Tab 730M Tempered Glass,,PIECES,,Lenovo,5,5, VAT,5,Inclusive,25,4,,,,
Mobiles,New,Tablet Glass,Lenovo Phab 2 Plus Tempered Glass,,PIECES,,Lenovo,5,5, VAT,5,Inclusive,25,4,,,,
Mobiles,New,Tablet Glass,Lenovo Tab 3 710 Tempered Glass,,PIECES,,Lenovo,5,5, VAT,5,Inclusive,25,3,,,,
Mobiles,New,Tablet Glass,Samsung Galaxy Tab A7-30TC Glass,,PIECES,,Samsung,5,5, VAT,5,Inclusive,25,2,,,,
Mobiles,New,Tablet Glass,Lenovo Tab X104 Tempered Glass,,PIECES,,Lenovo,5,5, VAT,5,Inclusive,25,1,,,,
Mobiles,New,Tablet Glass,Lenovo Tab K10 Tempered Glass,,PIECES,,Lenovo,5,5, VAT,5,Inclusive,25,1,,,,
Mobiles,New,Tablet Glass,Lenovo Tab M10 Tempered Glass,,PIECES,,Lenovo,5,5, VAT,5,Inclusive,25,14,,,,
Mobiles,New,Tablet Glass,Lenovo Tab M10 Plus Tempered Glass,,PIECES,,Lenovo,5,5, VAT,5,Inclusive,25,9,,,,
Mobiles,New,Tablet Glass,Lenovo Tab P585 Tempered Glass,,PIECES,,Lenovo,5,5, VAT,5,Inclusive,25,3,,,,
Mobiles,New,Tablet Glass,Lenovo Tab 336 Tempered Glass,,PIECES,,Lenovo,5,5, VAT,5,Inclusive,25,3,,,,
Mobiles,New,Tablet Glass,Lenovo Tab P11 Tempered Glass,,PIECES,,Lenovo,5,5, VAT,5,Inclusive,25,3,,,,
Mobiles,New,Tablet Glass,Lenovo Tab M10 Pro Tempered Glass,,PIECES,,Lenovo,5,5, VAT,5,Inclusive,25,2,,,,
Mobiles,New,Tablet Glass,Lenovo Tab 8504X Tempered Glass,,PIECES,,Lenovo,5,5, VAT,5,Inclusive,25,1,,,,
Mobiles,New,Tablet Glass,Lenovo Tab M8 Tempered Glass,,PIECES,,Lenovo,5,5, VAT,5,Inclusive,25,1,,,,
Mobiles,New,Tablet Glass,Lenovo Tab 8504X Tempered Glass,,PIECES,,Lenovo,5,5, VAT,5,Inclusive,25,1,,,,
Mobiles,New,Tablet Glass,Lenovo Tab M7 Tempered Glass,,PIECES,,Lenovo,5,5, VAT,5,Inclusive,25,1,,,,
Mobiles,New,Tablet Glass,Lenovo Tab T387 Tempered Glass,,PIECES,,Lenovo,5,5, VAT,5,Inclusive,25,1,,,,
Mobiles,New,Tablet Glass,Lenovo Tab T575 Tempered Glass,,PIECES,,Lenovo,5,5, VAT,5,Inclusive,25,2,,,,
Mobiles,New,Tablet Glass,Lenovo Tab 730M Tempered Glass,,PIECES,,Lenovo,5,5, VAT,5,Inclusive,25,1,,,,
Mobiles,New,Tablet Glass,Lenovo Tab T350 Tempered Glass,,PIECES,,Lenovo,5,5, VAT,5,Inclusive,25,1,,,,
Mobiles,New,Tablet Glass,Lenovo Tab T8-8 Tempered Glass,,PIECES,,Lenovo,5,5, VAT,5,Inclusive,25,1,,,,
Mobiles,New,Tablet Glass,Lenovo Tab T288 Tempered Glass,,PIECES,,Lenovo,5,5, VAT,5,Inclusive,25,1,,,,
Mobiles,New,Tablet Glass,Lenovo Phab Plus Tempered Glass,,PIECES,,Lenovo,5,5, VAT,5,Inclusive,25,1,,,,
Mobiles,New,Tablet Glass,Apple iPad Mini 4 Tempered Glass,,PIECES,,ipad,5,5, VAT,5,Inclusive,25,2,,,,
Mobiles,New,Tablet Glass,Apple iPad Mini 5 Tempered Glass,,PIECES,,ipad,5,5, VAT,5,Inclusive,25,3,,,,
Mobiles,New,Tablet Glass,Apple iPad Mini 6 Tempered Glass,,PIECES,,ipad,5,5, VAT,5,Inclusive,25,8,,,,
Mobiles,New,Tablet Glass,Samsung Galaxy Tab A7 Lite Glass,,PIECES,,Samsung,5,5, VAT,5,Inclusive,25,11,,,,
Mobiles,New,Tablet Glass,Samsung Galaxy Tab A9 Tempered Glass,,PIECES,,Samsung,5,5, VAT,5,Inclusive,25,7,,,,
Mobiles,New,Tablet Glass,Samsung Galaxy Z Fold3 Tempered Glass,,PIECES,,Samsung,5,5, VAT,5,Inclusive,25,1,,,,
Mobiles,New,Tablet Glass,Samsung Galaxy Z Fold4 Tempered Glass,,PIECES,,Samsung,5,5, VAT,5,Inclusive,25,1,,,,
Mobiles,New,Tablet Glass,Samsung Galaxy Z Fold5 Tempered Glass,,PIECES,,Samsung,5,5, VAT,5,Inclusive,25,1,,,,
Mobiles,New,Tablet Glass,Huawei MatePad T8 Tempered Glass,,PIECES,,Huawei,5,5, VAT,5,Inclusive,25,1,,,,
Mobiles,New,Tablet Glass,Huawei MediaPad P3200 Tempered Glass,,PIECES,,Huawei,5,5, VAT,5,Inclusive,25,1,,,,
Mobiles,New,Tablet Glass,Huawei Mate X2 / E20X Tempered Glass,,PIECES,,Huawei,5,5, VAT,5,Inclusive,25,3,,,,
Mobiles,New,Tablet Glass,Lenovo Tab 710L Tempered Glass,,PIECES,,Lenovo,5,5, VAT,5,Inclusive,25,4,,,,
Mobiles,New,Tablet Glass,Lenovo Tab T307 Tempered Glass,,PIECES,,Lenovo,5,5, VAT,5,Inclusive,25,3,,,,
Mobiles,New,Tablet Glass,Samsung Galaxy Tab A7-20 Tempered Glass,,PIECES,,Samsung,5,5, VAT,5,Inclusive,25,2,,,,
Mobiles,New,Tablet Glass,Lenovo Tab T700 Tempered Glass,,PIECES,,Lenovo,5,5, VAT,5,Inclusive,25,2,,,,
Mobiles,New,Tablet Glass,Lenovo Tab M8 Tempered Glass,,PIECES,,Lenovo,5,5, VAT,5,Inclusive,25,3,,,,
Mobiles,New,Tablet Glass,Samsung Galaxy Tab S8-50 Tempered Glass,,PIECES,,Samsung,5,5, VAT,5,Inclusive,25,2,,,,
Mobiles,New,Tablet Glass,Samsung Galaxy Tab A 8.0 Glass,,PIECES,,Samsung,5,5, VAT,5,Inclusive,25,2,,,,
Mobiles,New,Tablet Glass,Lenovo Tab 3 7 Plus Tempered Glass,,PIECES,,Lenovo,5,5, VAT,5,Inclusive,25,5,,,,
Mobiles,New,Tablet Glass,Lenovo Tab 3 8 Tempered Glass,,PIECES,,Lenovo,5,5, VAT,5,Inclusive,25,3,,,,
Mobiles,New,Tablet Glass,Samsung Galaxy Tab A 8.0 Glass,,PIECES,,Lenovo,5,5, VAT,5,Inclusive,25,4,,,,
Mobiles,New,Tablet Glass,Samsung Galaxy Tab 3 Glass,,PIECES,,Lenovo,5,5, VAT,5,Inclusive,25,2,,,,
Mobiles,New,Tablet Glass,Universal 8-inch Tablet Tempered Glass,,PIECES,,Lenovo,5,5, VAT,5,Inclusive,25,2,,,,
Mobiles,New,Wired Earphone,SAAFO SF0445 Wired Earphone,,PIECES,,SAAFO,30,30, VAT,5,Inclusive,70,1,,,,
Mobiles,New,Wired Earphone,Apple Lightning Earphones,,PIECES,,Apple,10,10, VAT,5,Inclusive,50,5,,,,
Mobiles,New,Wired Earphone,Apple USB-C Earphones,,PIECES,,Apple,10,10, VAT,5,Inclusive,50,7,,,,
Mobiles,New,Wired Earphone,Oraimo 3.5mm Jack Earphones,,PIECES,,Oraimo,68,68, VAT,5,Inclusive,20,68,,,,
Mobiles,New,Wired Earphone,Single EM-01 Wired Earphone,,PIECES,,Single,3,3, VAT,5,Inclusive,20,4,,,,
Mobiles,New,Wired Earphone,Oraimo OEP-E21P Wired Earphone,,PIECES,,Oraimo,6,6, VAT,5,Inclusive,30,5,,,,
Mobiles,New,Wired Earphone,Borofone BM62 Wired Earphone,,PIECES,,Borofone,5,5, VAT,5,Inclusive,25,3,,,,
Mobiles,New,Wired Earphone,Borofone DM99 Pro Wired Earphone,,PIECES,,Borofone,20,20, VAT,5,Inclusive,50,4,,,,
Mobiles,New,Wired Earphone,Borofone BM42 Wired Earphone,,PIECES,,Borofone,8,8, VAT,5,Inclusive,30,7,,,,
Mobiles,New,Wired Earphone,FoneTech 3.5mm Jack Earphone,,PIECES,,FoneTech,14,14, VAT,5,Inclusive,40,1,,,,
Mobiles,New,Wired Earphone,ICONIX IC-HF-1232 Wired Earphone,,PIECES,,ICONIX,10,10, VAT,5,Inclusive,30,2,,,,
Mobiles,New,Wired Earphone,VIDVIE Stereo Wired Earphone,,PIECES,,VIDVIE,5,5, VAT,5,Inclusive,25,2,,,,
Mobiles,New,Wired Earphone,VIDVIE H5662 Wired Earphone,,PIECES,,VIDVIE,5,5, VAT,5,Inclusive,25,2,,,,
Mobiles,New,Wired Earphone,New Brand NB506 Wired Earphone,,PIECES,,New Brand,12,12, VAT,5,Inclusive,40,1,,,,
Mobiles,New,Wired Earphone,New Brand Magnetic Earphone,,PIECES,,New Brand,16,16, VAT,5,Inclusive,50,1,,,,
Mobiles,New,Wired Earphone,Starfire SF-E1194 Wired Earphone,,PIECES,,Starfire,5,5, VAT,5,Inclusive,20,1,,,,
Mobiles,New,Wired Earphone,Starfire USB-C Earphone,,PIECES,,Starfire,8,8, VAT,5,Inclusive,30,19,,,,
Mobiles,New,Wired Earphone,Lycka USB-C Earphone,,PIECES,,Lycka,20,20, VAT,5,Inclusive,40,1,,,,
Mobiles,New,Wired Earphone,Lycka 3.5mm Jack Earphone,,PIECES,,Lycka,15,15, VAT,5,Inclusive,40,3,,,,
Mobiles,New,Wired Earphone,SAAFO SF0300 Wired Earphone,,PIECES,,SAAFO,43,43, VAT,5,Inclusive,70,1,,,,
Mobiles,New,Wired Earphone,OneSam USB-C Earphone,,PIECES,,OneSam,8,8, VAT,5,Inclusive,30,2,,,,
Mobiles,New,Wired Earphone,OneSam 3.5mm Jack Earphone,,PIECES,,OneSam,4,4, VAT,5,Inclusive,20,4,,,,
Mobiles,New,Wired Earphone,OneSam OS-E22 Wired Earphone,,PIECES,,OneSam,4,4, VAT,5,Inclusive,25,1,,,,
Mobiles,New,Wired Earphone,INKAX USB-C Earphone,,PIECES,,INKAX,8,8, VAT,5,Inclusive,25,10,,,,
Mobiles,New,Wired Earphone,Original 3.5mm Jack Earphone,,PIECES,,Original,4,4, VAT,5,Inclusive,20,11,,,,
Mobiles,New,Wired Earphone,Godes GD-EP501 Wired Earphone,,PIECES,,Godes,22,22, VAT,5,Inclusive,50,3,,,,
Mobiles,New,Wired Earphone,Godes GD-EP208 Wired Earphone,,PIECES,,Godes,12,12, VAT,5,Inclusive,40,1,,,,
Mobiles,New,Wired Earphone,Godes USB-C Earphone,,PIECES,,Godes,12,12, VAT,5,Inclusive,40,1,,,,
Mobiles,New,Wired Earphone,Grabit USB-C Earphone,,PIECES,,Grabit,12,12, VAT,5,Inclusive,40,2,,,,
Mobiles,New,Wired Earphone,Unknown Neck band,,PIECES,,Unknown,20,20, VAT,5,Inclusive,50,10,,,,
Mobiles,New,Wired Earphone,AKG USB-C Earphone,,PIECES,,AKG,15,15, VAT,5,Inclusive,40,2,,,,
Mobiles,New,Wired Earphone,H-Tune Pro Wired Earphone,,PIECES,,H-Tune,48,48, VAT,5,Inclusive,70,5,,,,
Mobiles,New,Wired Earphone,OKU USB-C Earphone,,PIECES,,OKU,5,5, VAT,5,Inclusive,25,6,,,,
Mobiles,New,Charger,Samsung 45W Fast Charger,,PIECES,,Samsung,15,15, VAT,5,Inclusive,50,9,,,,
Mobiles,New,Charger,Samsung 65W Fast Charger,,PIECES,,Samsung,20,20, VAT,5,Inclusive,70,4,,,,
Mobiles,New,Charger,Samsung 45W Fast Charger,,PIECES,,Samsung,17,17, VAT,5,Inclusive,60,6,,,,
Mobiles,New,Charger,Samsung 25W Fast Charger,,PIECES,,Samsung,15,15, VAT,5,Inclusive,50,4,,,,
Mobiles,New,Charger,Apple 40W USB-C Charger,,PIECES,,Apple,15,15, VAT,5,Inclusive,75,7,,,,
Mobiles,New,Charger,Apple 35W USB-C Charger,,PIECES,,Apple,15,15, VAT,5,Inclusive,75,5,,,,
Mobiles,New,Charger,Apple 35W USB-C Charger,,PIECES,,Apple,17,17, VAT,5,Inclusive,60,2,,,,
Mobiles,New,Charger,Apple 20W USB-C Charger,,PIECES,,Apple,15,15, VAT,5,Inclusive,50,1,,,,
Mobiles,New,Charger,Apple iphone 17 Charger,,PIECES,,Apple,17,17, VAT,5,Inclusive,60,5,,,,
Mobiles,New,Back Cover,iPhone 13 Pro Max Case,,PIECES,,iphone,5,5, VAT,5,Inclusive,20,3,,,,
Mobiles,New,Back Cover,iPhone 17 Pro Max Case,,PIECES,,iphone,5,5, VAT,5,Inclusive,20,5,,,,
Mobiles,New,Back Cover,Samsung Galaxy S23 Ultra Case,,PIECES,,Samsung,5,5, VAT,5,Inclusive,20,3,,,,
Mobiles,New,Back Cover,Samsung Galaxy S22 Ultra Case,,PIECES,,Samsung,5,5, VAT,5,Inclusive,20,3,,,,
Mobiles,New,Back Cover,Samsung Clear Case,,PIECES,,Samsung,5,5, VAT,5,Inclusive,25,1,,,,
Mobiles,New,Screen Protector,iPhone 12 Pro Privacy Screen Protector,,PIECES,,iphone,5,5, VAT,5,Inclusive,20,10,,,,
Mobiles,New,Glass,iPhone 16 Pro Tempered Glass,,PIECES,,iphone,5,5, VAT,5,Inclusive,20,10,,,,
Computers,New,Web Camera,Web Camera for Windows 10/8/7 & macOS,,PIECES,,Unknown,20,20, VAT,5,Inclusive,70,1,,,,
Computers,New,Web Camera,Q1 Web Camera,,PIECES,,Q1,25,25, VAT,5,Inclusive,75,1,,,,
Computers,New,Web Camera,A6 Web Camera,,PIECES,,A6,20,20, VAT,5,Inclusive,70,1,,,,
Mobiles,New,Power Bank,Starfire SF-PB575 Power Bank,,PIECES,,Starfire,40,40, VAT,5,Inclusive,100,6,,,,
Mobiles,New,Back Cover,Samsung Galaxy Z Fold7 Case,,PIECES,,Samsung,16,16, VAT,5,Inclusive,60,1,,,,
Watches,New,Charger,FCOM F062 Smart Watch Charger,,PIECES,,FCOM,8,8, VAT,5,Inclusive,40,3,,,,
Watches,New,Charger,W26 Smart Watch Charger,,PIECES,,White Bag,6,6, VAT,5,Inclusive,35,1,,,,
Watches,New,Charger,X6 Smart Watch Charger,,PIECES,,White Bag,6,6, VAT,5,Inclusive,35,1,,,,
Mobiles,New,Mobile Phone Grip,360° Mobile Phone Grip,,PIECES,,360,2.5,2.5, VAT,5,Inclusive,10,4,,,,
Mobiles,New,Back Cover,Apple Special Edition Case,,PIECES,,Apple,12,12, VAT,5,Inclusive,60,2,,,,
Mobiles,New,Back Cover,Apple Special Edition Case,,PIECES,,Apple,11,11, VAT,5,Inclusive,60,3,,,,
Mobiles,New,Back Cover,National Geographic Back Cover,,PIECES,,Samsung,6,6, VAT,5,Inclusive,50,2,,,,
Mobiles,New,Back Cover,Motorola Edge 50 Pro Back Cover,,PIECES,,Samsung,6,6, VAT,5,Inclusive,30,2,,,,
Mobiles,New,Back Cover,Motorola Moto E20 Back Cover,,PIECES,,Samsung,6,6, VAT,5,Inclusive,25,3,,,,
Mobiles,New,Back Cover,Lenovo K14 Back Cover,,PIECES,,Samsung,6,6, VAT,5,Inclusive,25,1,,,,
Mobiles,New,Back Cover,Samsung Galaxy S23 Back Cover,,PIECES,,Samsung,6,6, VAT,5,Inclusive,25,2,,,,
Mobiles,New,Back Cover,Google Pixel 6A Back Cover,,PIECES,,Samsung,6,6, VAT,5,Inclusive,25,1,,,,
Mobiles,New,Back Cover,Samsung Galaxy Z Fold7 Back Cover,,PIECES,,Samsung,10,10, VAT,5,Inclusive,120,2,,,,
Mobiles,New,Back Cover,Samsung Galaxy Z Fold7 Back Cover,,PIECES,,Samsung,10,10, VAT,5,Inclusive,100,2,,,,
Mobiles,New,Back Cover,Samsung Galaxy Z Flip7 Back Cover,,PIECES,,Samsung,10,10, VAT,5,Inclusive,100,2,,,,
Mobiles,New,Back Cover,Samsung Galaxy Z Fold6 Back Cover,,PIECES,,Samsung,10,10, VAT,5,Inclusive,120,2,,,,
Mobiles,New,Back Cover,Samsung Galaxy Z Fold6 Back Cover,,PIECES,,Samsung,10,10, VAT,5,Inclusive,40,4,,,,
Mobiles,New,Back Cover,Samsung Galaxy Z Flip6 Back Cover,,PIECES,,Samsung,10,10, VAT,5,Inclusive,100,3,,,,
Mobiles,New,Back Cover,Samsung Galaxy Z Flip6 Back Cover,,PIECES,,Samsung,10,10, VAT,5,Inclusive,40,1,,,,
Mobiles,New,Back Cover,Samsung Galaxy Z Flip5 Back Cover,,PIECES,,Samsung,10,10, VAT,5,Inclusive,40,1,,,,
Mobiles,New,Back Cover,Samsung Galaxy Z Flip4 Back Cover,,PIECES,,Samsung,10,10, VAT,5,Inclusive,100,1,,,,
Mobiles,New,Back Cover,Samsung Galaxy Z Flip4 Back Cover,,PIECES,,Samsung,10,10, VAT,5,Inclusive,40,1,,,,
Mobiles,New,Back Cover,Samsung Galaxy Z Flip3 Back Cover,,PIECES,,Samsung,10,10, VAT,5,Inclusive,100,2,,,,
Mobiles,New,Back Cover,Samsung Galaxy Note 8 Back Cover,,PIECES,,Samsung,6,6, VAT,5,Inclusive,25,1,,,,
Mobiles,New,Back Cover,Samsung Galaxy Note 8 Back Cover,,PIECES,,Samsung,6,6, VAT,5,Inclusive,25,1,,,,
Mobiles,New,Back Cover,Samsung Galaxy Note 9 Back Cover,,PIECES,,Samsung,6,6, VAT,5,Inclusive,25,3,,,,
Mobiles,New,Back Cover,Samsung Galaxy Note 10 Back Cover,,PIECES,,Samsung,6,6, VAT,5,Inclusive,25,5,,,,
Mobiles,New,Back Cover,Samsung Galaxy Note 10 Back Cover,,PIECES,,Samsung,6,6, VAT,5,Inclusive,25,1,,,,
Mobiles,New,Back Cover,Samsung Galaxy Note 10 Back Cover,,PIECES,,Samsung,6,6, VAT,5,Inclusive,25,3,,,,
Mobiles,New,Back Cover,Samsung Galaxy Note 10 Back Cover,,PIECES,,Samsung,6,6, VAT,5,Inclusive,25,2,,,,
Mobiles,New,Back Cover,Samsung Galaxy Note 10 Back Cover,,PIECES,,Samsung,6,6, VAT,5,Inclusive,25,1,,,,
Mobiles,New,Back Cover,Samsung Galaxy Note 10 Plus Back Cover,,PIECES,,Samsung,6,6, VAT,5,Inclusive,25,1,,,,
Mobiles,New,Back Cover,Samsung Galaxy Note 10 Plus Back Cover,,PIECES,,Samsung,6,6, VAT,5,Inclusive,25,5,,,,
Mobiles,New,Back Cover,Samsung Galaxy Note 10 Plus Back Cover,,PIECES,,Samsung,6,6, VAT,5,Inclusive,25,1,,,,
Mobiles,New,Back Cover,Samsung Galaxy Note 10 Plus Back Cover,,PIECES,,Samsung,6,6, VAT,5,Inclusive,25,1,,,,
Mobiles,New,Back Cover,Samsung Galaxy Note 20 Back Cover,,PIECES,,Samsung,6,6, VAT,5,Inclusive,25,2,,,,
Mobiles,New,Back Cover,Samsung Galaxy Note 20 Back Cover,,PIECES,,Samsung,6,6, VAT,5,Inclusive,25,2,,,,
Mobiles,New,Back Cover,Samsung Galaxy Note 20 Back Cover,,PIECES,,Samsung,6,6, VAT,5,Inclusive,25,2,,,,
Mobiles,New,Back Cover,Samsung Galaxy Note 20 Back Cover,,PIECES,,Samsung,6,6, VAT,5,Inclusive,25,1,,,,
Mobiles,New,Back Cover,Samsung Galaxy Z Fold2 Back Cover,,PIECES,,Samsung,6,6, VAT,5,Inclusive,30,1,,,,
Mobiles,New,Back Cover,Samsung Galaxy Z Fold2 Back Cover,,PIECES,,Samsung,6,6, VAT,5,Inclusive,30,1,,,,
Mobiles,New,Back Cover,Samsung Galaxy J2 Prime Back Cover,,PIECES,,Samsung,6,6, VAT,5,Inclusive,25,1,,,,
Mobiles,New,Back Cover,Samsung Galaxy J5 Pro Back Cover,,PIECES,,Samsung,6,6, VAT,5,Inclusive,25,1,,,,
Mobiles,New,Back Cover,Samsung Galaxy J5 Pro Back Cover,,PIECES,,Samsung,6,6, VAT,5,Inclusive,25,4,,,,
Mobiles,New,Back Cover,Samsung Galaxy J5 Prime Back Cover,,PIECES,,Samsung,6,6, VAT,5,Inclusive,25,1,,,,
Mobiles,New,Back Cover,Samsung Galaxy J6 Back Cover,,PIECES,,Samsung,6,6, VAT,5,Inclusive,25,1,,,,
Mobiles,New,Back Cover,Samsung Galaxy J6 Back Cover,,PIECES,,Samsung,6,6, VAT,5,Inclusive,25,2,,,,
Mobiles,New,Back Cover,Samsung Galaxy J7 Pro Back Cover,,PIECES,,Samsung,6,6, VAT,5,Inclusive,25,1,,,,
Mobiles,New,Back Cover,Samsung Galaxy A01 Back Cover,,PIECES,,Samsung,6,6, VAT,5,Inclusive,25,1,,,,
Mobiles,New,Back Cover,Samsung Galaxy A02 Back Cover,,PIECES,,Samsung,6,6, VAT,5,Inclusive,25,1,,,,
Mobiles,New,Back Cover,Samsung Galaxy A02s Back Cover,,PIECES,,Samsung,6,6, VAT,5,Inclusive,25,1,,,,
Mobiles,New,Back Cover,Samsung Galaxy A02s Back Cover,,PIECES,,Samsung,6,6, VAT,5,Inclusive,25,2,,,,
Mobiles,New,Back Cover,Samsung Galaxy A02s Back Cover,,PIECES,,Samsung,6,6, VAT,5,Inclusive,25,2,,,,
Mobiles,New,Back Cover,Samsung Galaxy A02s Back Cover,,PIECES,,Samsung,6,6, VAT,5,Inclusive,25,1,,,,
Mobiles,New,Back Cover,Samsung Galaxy A02s Back Cover,,PIECES,,Samsung,6,6, VAT,5,Inclusive,25,1,,,,
Mobiles,New,Back Cover,Samsung Galaxy A03 Back Cover,,PIECES,,Samsung,6,6, VAT,5,Inclusive,25,4,,,,
Mobiles,New,Back Cover,Samsung Galaxy A03 Back Cover,,PIECES,,Samsung,6,6, VAT,5,Inclusive,25,3,,,,
Mobiles,New,Back Cover,Samsung Galaxy A03 Back Cover,,PIECES,,Samsung,6,6, VAT,5,Inclusive,25,2,,,,
Mobiles,New,Back Cover,Samsung Galaxy A03 Core Back Cover,,PIECES,,Samsung,6,6, VAT,5,Inclusive,25,3,,,,
Mobiles,New,Back Cover,Samsung Galaxy A03 Core Back Cover,,PIECES,,Samsung,6,6, VAT,5,Inclusive,25,2,,,,
Mobiles,New,Back Cover,Samsung Galaxy A03 Core Back Cover,,PIECES,,Samsung,6,6, VAT,5,Inclusive,25,1,,,,
Mobiles,New,Back Cover,Samsung Galaxy A04 Back Cover,,PIECES,,Samsung,6,6, VAT,5,Inclusive,25,3,,,,
Mobiles,New,Back Cover,Samsung Galaxy A04 Back Cover,,PIECES,,Samsung,6,6, VAT,5,Inclusive,25,1,,,,
Mobiles,New,Back Cover,Samsung Galaxy A04 Back Cover,,PIECES,,Samsung,6,6, VAT,5,Inclusive,25,1,,,,
Mobiles,New,Back Cover,Samsung Galaxy A04e Back Cover,,PIECES,,Samsung,6,6, VAT,5,Inclusive,25,5,,,,
Mobiles,New,Back Cover,Samsung Galaxy A04 4G Back Cover,,PIECES,,Samsung,6,6, VAT,5,Inclusive,25,2,,,,
Mobiles,New,Back Cover,Samsung Galaxy A04 / A04s Back Cover,,PIECES,,Samsung,6,6, VAT,5,Inclusive,25,2,,,,
Mobiles,New,Back Cover,Samsung Galaxy A04 / A04s Back Cover,,PIECES,,Samsung,6,6, VAT,5,Inclusive,25,1,,,,
Mobiles,New,Back Cover,Samsung Galaxy A04 / A04s Back Cover,,PIECES,,Samsung,6,6, VAT,5,Inclusive,30,2,,,,
Mobiles,New,Back Cover,Samsung Galaxy A04 / A04s Back Cover,,PIECES,,Samsung,6,6, VAT,5,Inclusive,25,2,,,,
Mobiles,New,Back Cover,Samsung Galaxy A05 Back Cover,,PIECES,,Samsung,6,6, VAT,5,Inclusive,25,1,,,,
Mobiles,New,Back Cover,Samsung Galaxy A05 Back Cover,,PIECES,,Samsung,6,6, VAT,5,Inclusive,25,2,,,,
Mobiles,New,Back Cover,Samsung Galaxy A05 Back Cover,,PIECES,,Samsung,6,6, VAT,5,Inclusive,25,6,,,,
Mobiles,New,Back Cover,Samsung Galaxy A05s Back Cover,,PIECES,,Samsung,6,6, VAT,5,Inclusive,25,2,,,,
Mobiles,New,Back Cover,Samsung Galaxy A05s Back Cover,,PIECES,,Samsung,6,6, VAT,5,Inclusive,25,3,,,,
Mobiles,New,Back Cover,Samsung Galaxy A05s Back Cover,,PIECES,,Samsung,6,6, VAT,5,Inclusive,25,1,,,,
Mobiles,New,Back Cover,Samsung Galaxy A05s Back Cover,,PIECES,,Samsung,6,6, VAT,5,Inclusive,25,1,,,,
Mobiles,New,Back Cover,Samsung Galaxy A05s Back Cover,,PIECES,,Samsung,6,6, VAT,5,Inclusive,25,1,,,,
Mobiles,New,Back Cover,Samsung Galaxy A05s Back Cover,,PIECES,,Samsung,6,6, VAT,5,Inclusive,25,3,,,,
Mobiles,New,Back Cover,Samsung Galaxy A05s Back Cover,,PIECES,,Samsung,6,6, VAT,5,Inclusive,25,1,,,,
Mobiles,New,Back Cover,Samsung Galaxy A05s Back Cover,,PIECES,,Samsung,6,6, VAT,5,Inclusive,25,1,,,,
Mobiles,New,Back Cover,Samsung Galaxy A06 4G/5G Back Cover,,PIECES,,Samsung,5,5, VAT,5,Inclusive,25,2,,,,
Mobiles,New,Back Cover,Samsung Galaxy A06 4G/5G Back Cover,,PIECES,,Samsung,5,5, VAT,5,Inclusive,25,1,,,,
Mobiles,New,Back Cover,Samsung Galaxy A06 4G/5G Back Cover,,PIECES,,Samsung,6,6, VAT,5,Inclusive,20,16,,,,
Mobiles,New,Back Cover,Samsung Galaxy A06 4G/5G Back Cover,,PIECES,,Samsung,5,5, VAT,5,Inclusive,25,1,,,,
Mobiles,New,Back Cover,Samsung Galaxy A06 4G/5G Back Cover,,PIECES,,Samsung,5,5, VAT,5,Inclusive,25,6,,,,
Mobiles,New,Back Cover,Samsung Galaxy A06 4G/5G Back Cover,,PIECES,,Samsung,5,5, VAT,5,Inclusive,30,1,,,,
Mobiles,New,Back Cover,Samsung Galaxy A06 4G/5G Back Cover,,PIECES,,Samsung,5,5, VAT,5,Inclusive,25,1,,,,
Mobiles,New,Back Cover,Samsung Galaxy A06 4G/5G Back Cover,,PIECES,,Samsung,5,5, VAT,5,Inclusive,20,3,,,,
Mobiles,New,Back Cover,Samsung Galaxy A07 4G Back Cover,,PIECES,,Samsung,5,5, VAT,5,Inclusive,20,1,,,,
Mobiles,New,Back Cover,Samsung Galaxy A07 4G Back Cover,,PIECES,,Samsung,5,5, VAT,5,Inclusive,30,2,,,,
Mobiles,New,Back Cover,Samsung Galaxy A6 Back Cover,,PIECES,,Samsung,6,6, VAT,5,Inclusive,25,2,,,,
Mobiles,New,Back Cover,Samsung Galaxy A7 (2017) Back Cover,,PIECES,,Samsung,6,6, VAT,5,Inclusive,25,1,,,,
Mobiles,New,Back Cover,Samsung Galaxy A7 (2018) Back Cover,,PIECES,,Samsung,6,6, VAT,5,Inclusive,25,1,,,,
Mobiles,New,Back Cover,Samsung Galaxy A7 (2018) Back Cover,,PIECES,,Samsung,6,6, VAT,5,Inclusive,25,2,,,,
Mobiles,New,Back Cover,Samsung Galaxy A10 Back Cover,,PIECES,,Samsung,6,6, VAT,5,Inclusive,25,2,,,,
Mobiles,New,Back Cover,Samsung Galaxy A10 Back Cover,,PIECES,,Samsung,6,6, VAT,5,Inclusive,25,1,,,,
Mobiles,New,Back Cover,Samsung Galaxy A10 Back Cover,,PIECES,,Samsung,6,6, VAT,5,Inclusive,25,2,,,,
Mobiles,New,Back Cover,Samsung Galaxy A10 Back Cover,,PIECES,,Samsung,6,6, VAT,5,Inclusive,25,1,,,,
Mobiles,New,Back Cover,Samsung Galaxy A11 / M11 Back Cover,,PIECES,,Samsung,6,6, VAT,5,Inclusive,25,1,,,,
Mobiles,New,Back Cover,Samsung Galaxy M14 Back Cover,,PIECES,,Samsung,6,6, VAT,5,Inclusive,25,2,,,,
Mobiles,New,Back Cover,Samsung Galaxy A10s Back Cover,,PIECES,,Samsung,6,6, VAT,5,Inclusive,25,1,,,,
Mobiles,New,Back Cover,Samsung Galaxy A10s Back Cover,,PIECES,,Samsung,6,6, VAT,5,Inclusive,25,3,,,,
Mobiles,New,Back Cover,Samsung Galaxy A10s Back Cover,,PIECES,,Samsung,6,6, VAT,5,Inclusive,25,4,,,,
Mobiles,New,Back Cover,Samsung Galaxy A11 Back Cover,,PIECES,,Samsung,6,6, VAT,5,Inclusive,25,3,,,,
Mobiles,New,Back Cover,Samsung Galaxy A11 Back Cover,,PIECES,,Samsung,6,6, VAT,5,Inclusive,25,3,,,,
Mobiles,New,Back Cover,Samsung Galaxy A12 4G Back Cover,,PIECES,,Samsung,6,6, VAT,5,Inclusive,25,2,,,,
Mobiles,New,Back Cover,Samsung Galaxy A12 4G Back Cover,,PIECES,,Samsung,6,6, VAT,5,Inclusive,25,1,,,,
Mobiles,New,Back Cover,Samsung Galaxy A12 4G Back Cover,,PIECES,,Samsung,6,6, VAT,5,Inclusive,25,1,,,,
Mobiles,New,Back Cover,Samsung Galaxy A12 4G Back Cover,,PIECES,,Samsung,6,6, VAT,5,Inclusive,25,2,,,,
Mobiles,New,Back Cover,Samsung Galaxy A13 4G Back Cover,,PIECES,,Samsung,6,6, VAT,5,Inclusive,25,1,,,,
Mobiles,New,Back Cover,Samsung Galaxy A13 4G Back Cover,,PIECES,,Samsung,6,6, VAT,5,Inclusive,25,2,,,,
Mobiles,New,Back Cover,Samsung Galaxy A13 4G Back Cover,,PIECES,,Samsung,6,6, VAT,5,Inclusive,25,1,,,,
Mobiles,New,Back Cover,Samsung Galaxy A13 4G Back Cover,,PIECES,,Samsung,6,6, VAT,5,Inclusive,25,2,,,,
Mobiles,New,Back Cover,Samsung Galaxy A14 Back Cover,,PIECES,,Samsung,6,6, VAT,5,Inclusive,25,2,,,,
Mobiles,New,Back Cover,Samsung Galaxy A14 Back Cover,,PIECES,,Samsung,6,6, VAT,5,Inclusive,25,2,,,,
Mobiles,New,Back Cover,Samsung Galaxy A14 Back Cover,,PIECES,,Samsung,6,6, VAT,5,Inclusive,25,2,,,,
Mobiles,New,Back Cover,Samsung Galaxy A14 Back Cover,,PIECES,,Samsung,6,6, VAT,5,Inclusive,25,5,,,,
Mobiles,New,Back Cover,Samsung Galaxy A14 Back Cover,,PIECES,,Samsung,6,6, VAT,5,Inclusive,25,1,,,,
Mobiles,New,Back Cover,Samsung Galaxy M14 Back Cover,,PIECES,,Samsung,6,6, VAT,5,Inclusive,25,2,,,,
Mobiles,New,Back Cover,Samsung Galaxy A15 Back Cover,,PIECES,,Samsung,6,6, VAT,5,Inclusive,25,3,,,,
Mobiles,New,Back Cover,Samsung Galaxy A15 Back Cover,,PIECES,,Samsung,6,6, VAT,5,Inclusive,25,1,,,,
Mobiles,New,Back Cover,Samsung Galaxy A15 Back Cover,,PIECES,,Samsung,6,6, VAT,5,Inclusive,25,1,,,,
Mobiles,New,Back Cover,Samsung Galaxy A16 Back Cover,,PIECES,,Samsung,6,6, VAT,5,Inclusive,30,1,,,,
Mobiles,New,Back Cover,Samsung Galaxy A16 Back Cover,,PIECES,,Samsung,6,6, VAT,5,Inclusive,25,1,,,,
Mobiles,New,Back Cover,Samsung Galaxy A16 Back Cover,,PIECES,,Samsung,6,6, VAT,5,Inclusive,25,1,,,,
Mobiles,New,Back Cover,Samsung Galaxy A16 Back Cover,,PIECES,,Samsung,6,6, VAT,5,Inclusive,25,1,,,,
Mobiles,New,Back Cover,Samsung Galaxy A16 Back Cover,,PIECES,,Samsung,6,6, VAT,5,Inclusive,25,3,,,,
Mobiles,New,Back Cover,Samsung Galaxy A16 Back Cover,,PIECES,,Samsung,6,6, VAT,5,Inclusive,25,1,,,,
Mobiles,New,Back Cover,Samsung Galaxy A16 Back Cover,,PIECES,,Samsung,6,6, VAT,5,Inclusive,25,3,,,,
Mobiles,New,Back Cover,Samsung Galaxy A16 Back Cover,,PIECES,,Samsung,6,6, VAT,5,Inclusive,30,1,,,,
Mobiles,New,Back Cover,Samsung Galaxy A16 Back Cover,,PIECES,,Samsung,6,6, VAT,5,Inclusive,25,1,,,,
Mobiles,New,Back Cover,Samsung Galaxy A16 Back Cover,,PIECES,,Samsung,6,6, VAT,5,Inclusive,25,1,,,,
Mobiles,New,Back Cover,Samsung Galaxy A17 Back Cover,,PIECES,,Samsung,5,5, VAT,5,Inclusive,20,5,,,,
Mobiles,New,Back Cover,Samsung Galaxy A17 Back Cover,,PIECES,,Samsung,6,6, VAT,5,Inclusive,25,2,,,,
Mobiles,New,Back Cover,Samsung Galaxy A17 Back Cover,,PIECES,,Samsung,6,6, VAT,5,Inclusive,40,3,,,,
Mobiles,New,Back Cover,Samsung Galaxy A20 / A30 Back Cover,,PIECES,,Samsung,6,6, VAT,5,Inclusive,20,1,,,,
Mobiles,New,Back Cover,Samsung Galaxy A20 / A30 Back Cover,,PIECES,,Samsung,6,6, VAT,5,Inclusive,20,2,,,,
Mobiles,New,Back Cover,Samsung Galaxy A20 Back Cover,,PIECES,,Samsung,6,6, VAT,5,Inclusive,20,1,,,,
Mobiles,New,Back Cover,Samsung Galaxy M20 Back Cover,,PIECES,,Samsung,6,6, VAT,5,Inclusive,20,1,,,,
Mobiles,New,Back Cover,Samsung Galaxy M20 Back Cover,,PIECES,,Samsung,6,6, VAT,5,Inclusive,20,2,,,,
Mobiles,New,Back Cover,Samsung Galaxy A20s Back Cover,,PIECES,,Samsung,6,6, VAT,5,Inclusive,20,1,,,,
Mobiles,New,Back Cover,Samsung Galaxy A20s Back Cover,,PIECES,,Samsung,6,6, VAT,5,Inclusive,20,1,,,,
Mobiles,New,Back Cover,Samsung Galaxy A20s Back Cover,,PIECES,,Samsung,6,6, VAT,5,Inclusive,20,1,,,,
Mobiles,New,Back Cover,Samsung Galaxy A20s Back Cover,,PIECES,,Samsung,6,6, VAT,5,Inclusive,20,1,,,,
Mobiles,New,Back Cover,Samsung Galaxy A20s Back Cover,,PIECES,,Samsung,6,6, VAT,5,Inclusive,20,1,,,,
Mobiles,New,Back Cover,Samsung Galaxy A21 Back Cover,,PIECES,,Samsung,6,6, VAT,5,Inclusive,20,3,,,,
Mobiles,New,Back Cover,Samsung Galaxy A21 Back Cover,,PIECES,,Samsung,6,6, VAT,5,Inclusive,20,3,,,,
Mobiles,New,Back Cover,Samsung Galaxy A21s Back Cover,,PIECES,,Samsung,6,6, VAT,5,Inclusive,20,1,,,,
Mobiles,New,Back Cover,Samsung Galaxy A21s Back Cover,,PIECES,,Samsung,6,6, VAT,5,Inclusive,20,1,,,,
Mobiles,New,Back Cover,Samsung Galaxy A22 4G Back Cover,,PIECES,,Samsung,6,6, VAT,5,Inclusive,20,1,,,,
Mobiles,New,Back Cover,Samsung Galaxy A22 4G Back Cover,,PIECES,,Samsung,6,6, VAT,5,Inclusive,20,3,,,,
Mobiles,New,Back Cover,Samsung Galaxy A22 5G Back Cover,,PIECES,,Samsung,6,6, VAT,5,Inclusive,25,1,,,,
Mobiles,New,Back Cover,Samsung Galaxy A22 5G Back Cover,,PIECES,,Samsung,6,6, VAT,5,Inclusive,25,2,,,,
Mobiles,New,Back Cover,Samsung Galaxy A22 5G Back Cover,,PIECES,,Samsung,6,6, VAT,5,Inclusive,25,3,,,,
Mobiles,New,Back Cover,Samsung Galaxy A22 5G Back Cover,,PIECES,,Samsung,6,6, VAT,5,Inclusive,20,2,,,,
Mobiles,New,Back Cover,Samsung Galaxy A22 5G Back Cover,,PIECES,,Samsung,6,6, VAT,5,Inclusive,25,1,,,,
Mobiles,New,Back Cover,Samsung Galaxy A23 Back Cover,,PIECES,,Samsung,6,6, VAT,5,Inclusive,30,3,,,,
Mobiles,New,Back Cover,Samsung Galaxy A23 Back Cover,,PIECES,,Samsung,6,6, VAT,5,Inclusive,30,1,,,,
Mobiles,New,Back Cover,Samsung Galaxy A23 Back Cover,,PIECES,,Samsung,6,6, VAT,5,Inclusive,30,3,,,,
Mobiles,New,Back Cover,Samsung Galaxy A23 Back Cover,,PIECES,,Samsung,6,6, VAT,5,Inclusive,30,3,,,,
Mobiles,New,Back Cover,Samsung Galaxy A24 Back Cover,,PIECES,,Samsung,6,6, VAT,5,Inclusive,25,3,,,,
Mobiles,New,Back Cover,Samsung Galaxy A24 Back Cover,,PIECES,,Samsung,6,6, VAT,5,Inclusive,25,1,,,,
Mobiles,New,Back Cover,Samsung Galaxy A24 Back Cover,,PIECES,,Samsung,6,6, VAT,5,Inclusive,25,2,,,,
Mobiles,New,Back Cover,Samsung Galaxy A24 Back Cover,,PIECES,,Samsung,6,6, VAT,5,Inclusive,25,3,,,,
Mobiles,New,Back Cover,Samsung Galaxy A24 Back Cover,,PIECES,,Samsung,6,6, VAT,5,Inclusive,25,2,,,,
Mobiles,New,Back Cover,Samsung Galaxy A25 Back Cover,,PIECES,,Samsung,6,6, VAT,5,Inclusive,30,4,,,,
Mobiles,New,Back Cover,Samsung Galaxy A25 Back Cover,,PIECES,,Samsung,6,6, VAT,5,Inclusive,30,4,,,,
Mobiles,New,Back Cover,Samsung Galaxy A25 Back Cover,,PIECES,,Samsung,6,6, VAT,5,Inclusive,30,1,,,,
Mobiles,New,Back Cover,Samsung Galaxy A25 Back Cover,,PIECES,,Samsung,6,6, VAT,5,Inclusive,30,1,,,,
Mobiles,New,Back Cover,Samsung Galaxy A25 Back Cover,,PIECES,,Samsung,6,6, VAT,5,Inclusive,30,3,,,,
Mobiles,New,Back Cover,Samsung Galaxy A25 Back Cover,,PIECES,,Samsung,6,6, VAT,5,Inclusive,30,1,,,,
Mobiles,New,Back Cover,Samsung Galaxy A26 Back Cover,,PIECES,,Samsung,6,6, VAT,5,Inclusive,30,1,,,,
Mobiles,New,Back Cover,Samsung Galaxy A26 Back Cover,,PIECES,,Samsung,6,6, VAT,5,Inclusive,30,1,,,,
Mobiles,New,Back Cover,Samsung Galaxy A26 Back Cover,,PIECES,,Samsung,6,6, VAT,5,Inclusive,20,2,,,,
Mobiles,New,Back Cover,Samsung Galaxy A26 Back Cover,,PIECES,,Samsung,6,6, VAT,5,Inclusive,25,2,,,,
Mobiles,New,Back Cover,Samsung Galaxy A30 Back Cover,,PIECES,,Samsung,6,6, VAT,5,Inclusive,25,2,,,,
Mobiles,New,Back Cover,Samsung Galaxy A30 Back Cover,,PIECES,,Samsung,6,6, VAT,5,Inclusive,25,1,,,,
Mobiles,New,Back Cover,Samsung Galaxy M30 Back Cover,,PIECES,,Samsung,6,6, VAT,5,Inclusive,25,1,,,,
Mobiles,New,Back Cover,Samsung Galaxy M30 Back Cover,,PIECES,,Samsung,6,6, VAT,5,Inclusive,25,1,,,,
Mobiles,New,Back Cover,Samsung Galaxy M30 Back Cover,,PIECES,,Samsung,6,6, VAT,5,Inclusive,25,1,,,,
Mobiles,New,Back Cover,Samsung Galaxy M30 Back Cover,,PIECES,,Samsung,6,6, VAT,5,Inclusive,25,1,,,,
Mobiles,New,Back Cover,Samsung Galaxy M30 Back Cover,,PIECES,,Samsung,6,6, VAT,5,Inclusive,25,1,,,,
Mobiles,New,Back Cover,Samsung Galaxy A30s Back Cover,,PIECES,,Samsung,6,6, VAT,5,Inclusive,25,1,,,,
Mobiles,New,Back Cover,Samsung Galaxy A30s Back Cover,,PIECES,,Samsung,6,6, VAT,5,Inclusive,25,1,,,,
Mobiles,New,Back Cover,Samsung Galaxy A30s Back Cover,,PIECES,,Samsung,6,6, VAT,5,Inclusive,25,1,,,,
Mobiles,New,Back Cover,Samsung Galaxy M30s Back Cover,,PIECES,,Samsung,6,6, VAT,5,Inclusive,25,2,,,,
Mobiles,New,Back Cover,Samsung Galaxy M31 Back Cover,,PIECES,,Samsung,6,6, VAT,5,Inclusive,25,1,,,,
Mobiles,New,Back Cover,Samsung Galaxy M31 Back Cover,,PIECES,,Samsung,6,6, VAT,5,Inclusive,25,1,,,,
Mobiles,New,Back Cover,Samsung Galaxy M31 Back Cover,,PIECES,,Samsung,6,6, VAT,5,Inclusive,25,1,,,,
Mobiles,New,Back Cover,Samsung Galaxy M31 Back Cover,,PIECES,,Samsung,6,6, VAT,5,Inclusive,25,2,,,,
Mobiles,New,Back Cover,Samsung Galaxy M31s Back Cover,,PIECES,,Samsung,6,6, VAT,5,Inclusive,25,2,,,,
Mobiles,New,Back Cover,Samsung Galaxy A31 Back Cover,,PIECES,,Samsung,6,6, VAT,5,Inclusive,30,1,,,,
Mobiles,New,Back Cover,Samsung Galaxy A31 Back Cover,,PIECES,,Samsung,6,6, VAT,5,Inclusive,25,1,,,,
Mobiles,New,Back Cover,Samsung Galaxy A31 Back Cover,,PIECES,,Samsung,6,6, VAT,5,Inclusive,25,3,,,,
Mobiles,New,Back Cover,Samsung Galaxy A31 Back Cover,,PIECES,,Samsung,6,6, VAT,5,Inclusive,25,1,,,,
Mobiles,New,Back Cover,Samsung Galaxy A31 Back Cover,,PIECES,,Samsung,6,6, VAT,5,Inclusive,25,3,,,,
Mobiles,New,Back Cover,Samsung Galaxy A32 4G Back Cover,,PIECES,,Samsung,6,6, VAT,5,Inclusive,25,2,,,,
Mobiles,New,Back Cover,Samsung Galaxy A32 4G Back Cover,,PIECES,,Samsung,6,6, VAT,5,Inclusive,25,1,,,,
Mobiles,New,Back Cover,Samsung Galaxy A32 4G Back Cover,,PIECES,,Samsung,6,6, VAT,5,Inclusive,25,7,,,,
Mobiles,New,Back Cover,Samsung Galaxy A32 4G Back Cover,,PIECES,,Samsung,6,6, VAT,5,Inclusive,25,2,,,,
Mobiles,New,Back Cover,Samsung Galaxy A32 4G Back Cover,,PIECES,,Samsung,6,6, VAT,5,Inclusive,25,4,,,,
Mobiles,New,Back Cover,Samsung Galaxy M32 5G Back Cover,,PIECES,,Samsung,6,6, VAT,5,Inclusive,25,1,,,,
Mobiles,New,Back Cover,Samsung Galaxy M33 5G Back Cover,,PIECES,,Samsung,6,6, VAT,5,Inclusive,25,1,,,,
Mobiles,New,Back Cover,Samsung Galaxy M33 5G Back Cover,,PIECES,,Samsung,6,6, VAT,5,Inclusive,25,1,,,,
Mobiles,New,Back Cover,Samsung Galaxy A33 Back Cover,,PIECES,,Samsung,6,6, VAT,5,Inclusive,25,1,,,,
Mobiles,New,Back Cover,Samsung Galaxy A33 Back Cover,,PIECES,,Samsung,6,6, VAT,5,Inclusive,25,1,,,,
Mobiles,New,Back Cover,Samsung Galaxy A33 Back Cover,,PIECES,,Samsung,6,6, VAT,5,Inclusive,25,1,,,,
Mobiles,New,Back Cover,Samsung Galaxy A33 Back Cover,,PIECES,,Samsung,6,6, VAT,5,Inclusive,25,1,,,,
Mobiles,New,Back Cover,Samsung Galaxy A34 Back Cover,,PIECES,,Samsung,6,6, VAT,5,Inclusive,25,1,,,,
Mobiles,New,Back Cover,Samsung Galaxy A34 Back Cover,,PIECES,,Samsung,6,6, VAT,5,Inclusive,25,1,,,,
Mobiles,New,Back Cover,Samsung Galaxy A34 Back Cover,,PIECES,,Samsung,6,6, VAT,5,Inclusive,25,2,,,,
Mobiles,New,Back Cover,Samsung Galaxy A34 Back Cover,,PIECES,,Samsung,6,6, VAT,5,Inclusive,25,1,,,,
Mobiles,New,Back Cover,Samsung Galaxy A34 Back Cover,,PIECES,,Samsung,6,6, VAT,5,Inclusive,30,1,,,,
Mobiles,New,Back Cover,Samsung Galaxy A34 Back Cover,,PIECES,,Samsung,6,6, VAT,5,Inclusive,30,2,,,,
Mobiles,New,Back Cover,Samsung Galaxy A34 Back Cover,,PIECES,,Samsung,6,6, VAT,5,Inclusive,25,4,,,,
Mobiles,New,Back Cover,Samsung Galaxy A35 Back Cover,,PIECES,,Samsung,6,6, VAT,5,Inclusive,25,3,,,,
Mobiles,New,Back Cover,Samsung Galaxy A35 Back Cover,,PIECES,,Samsung,6,6, VAT,5,Inclusive,25,1,,,,
Mobiles,New,Back Cover,Samsung Galaxy A35 Back Cover,,PIECES,,Samsung,6,6, VAT,5,Inclusive,25,2,,,,
Mobiles,New,Back Cover,Samsung Galaxy A35 Back Cover,,PIECES,,Samsung,6,6, VAT,5,Inclusive,25,5,,,,
Mobiles,New,Back Cover,Samsung Galaxy A35 Back Cover,,PIECES,,Samsung,6,6, VAT,5,Inclusive,25,1,,,,
Mobiles,New,Back Cover,Samsung Galaxy A35 Back Cover,,PIECES,,Samsung,6,6, VAT,5,Inclusive,25,1,,,,
Mobiles,New,Back Cover,Samsung Galaxy A35 Back Cover,,PIECES,,Samsung,6,6, VAT,5,Inclusive,20,1,,,,
Mobiles,New,Back Cover,Samsung Galaxy A36 Back Cover,,PIECES,,Samsung,6,6, VAT,5,Inclusive,30,1,,,,
Mobiles,New,Back Cover,Samsung Galaxy A36 Back Cover,,PIECES,,Samsung,6,6, VAT,5,Inclusive,25,5,,,,
Mobiles,New,Back Cover,Samsung Galaxy A36 Back Cover,,PIECES,,Samsung,6,6, VAT,5,Inclusive,25,3,,,,
Mobiles,New,Back Cover,Samsung Galaxy A36 Back Cover,,PIECES,,Samsung,6,6, VAT,5,Inclusive,25,2,,,,
Mobiles,New,Back Cover,Samsung Galaxy A36 Back Cover,,PIECES,,Samsung,6,6, VAT,5,Inclusive,25,1,,,,
Mobiles,New,Back Cover,Samsung Galaxy A37 Back Cover,,PIECES,,Samsung,6,6, VAT,5,Inclusive,35,6,,,,
Mobiles,New,Back Cover,Samsung Galaxy A42 Back Cover,,PIECES,,Samsung,6,6, VAT,5,Inclusive,25,1,,,,
Mobiles,New,Back Cover,Samsung Galaxy A50 / A505 Back Cover,,PIECES,,Samsung,6,6, VAT,5,Inclusive,20,4,,,,
Mobiles,New,Back Cover,Samsung Galaxy A51 4G Back Cover,,PIECES,,Samsung,6,6, VAT,5,Inclusive,25,3,,,,
Mobiles,New,Back Cover,Samsung Galaxy A51 4G Back Cover,,PIECES,,Samsung,6,6, VAT,5,Inclusive,25,2,,,,
Mobiles,New,Back Cover,Samsung Galaxy A51 4G Back Cover,,PIECES,,Samsung,6,6, VAT,5,Inclusive,25,3,,,,
Mobiles,New,Back Cover,Samsung Galaxy A51 4G Back Cover,,PIECES,,Samsung,6,6, VAT,5,Inclusive,25,1,,,,
Mobiles,New,Back Cover,Samsung Galaxy A51 4G Back Cover,,PIECES,,Samsung,6,6, VAT,5,Inclusive,25,1,,,,
Mobiles,New,Back Cover,Samsung Galaxy A51 4G Back Cover,,PIECES,,Samsung,6,6, VAT,5,Inclusive,25,1,,,,
Mobiles,New,Back Cover,Samsung Galaxy M51 Back Cover,,PIECES,,Samsung,6,6, VAT,5,Inclusive,25,1,,,,
Mobiles,New,Back Cover,Samsung Galaxy A52 / A52s Back Cover,,PIECES,,Samsung,6,6, VAT,5,Inclusive,25,2,,,,
Mobiles,New,Back Cover,Samsung Galaxy A52 / A52s Back Cover,,PIECES,,Samsung,6,6, VAT,5,Inclusive,25,2,,,,
Mobiles,New,Back Cover,Samsung Galaxy A52 / A52s Back Cover,,PIECES,,Samsung,6,6, VAT,5,Inclusive,25,2,,,,
Mobiles,New,Back Cover,Samsung Galaxy A52 / A52s Back Cover,,PIECES,,Samsung,6,6, VAT,5,Inclusive,25,1,,,,
Mobiles,New,Back Cover,Samsung Galaxy A52 / A52s Back Cover,,PIECES,,Samsung,6,6, VAT,5,Inclusive,25,2,,,,
Mobiles,New,Back Cover,Samsung Galaxy A52 / A52s Back Cover,,PIECES,,Samsung,6,6, VAT,5,Inclusive,25,1,,,,
Mobiles,New,Back Cover,Samsung Galaxy A52s Back Cover,,PIECES,,Samsung,6,6, VAT,5,Inclusive,25,2,,,,
Mobiles,New,Back Cover,Samsung Galaxy M53 5G Back Cover,,PIECES,,Samsung,6,6, VAT,5,Inclusive,25,2,,,,
Mobiles,New,Back Cover,Samsung Galaxy M53 5G Back Cover,,PIECES,,Samsung,6,6, VAT,5,Inclusive,25,1,,,,
Mobiles,New,Back Cover,Samsung Galaxy A53 Back Cover,,PIECES,,Samsung,6,6, VAT,5,Inclusive,25,2,,,,
Mobiles,New,Back Cover,Samsung Galaxy A53 Back Cover,,PIECES,,Samsung,6,6, VAT,5,Inclusive,25,1,,,,
Mobiles,New,Back Cover,Samsung Galaxy A53 Back Cover,,PIECES,,Samsung,5,5, VAT,5,Inclusive,25,9,,,,
Mobiles,New,Back Cover,Samsung Galaxy A53 5G Back Cover,,PIECES,,Samsung,5,5, VAT,5,Inclusive,25,2,,,,
Mobiles,New,Back Cover,Samsung Galaxy A53 Back Cover,,PIECES,,Samsung,5,5, VAT,5,Inclusive,25,6,,,,
Mobiles,New,Back Cover,Samsung Galaxy A53 Back Cover,,PIECES,,Samsung,6,6, VAT,5,Inclusive,25,1,,,,
Mobiles,New,Back Cover,Samsung Galaxy A53 Back Cover,,PIECES,,Samsung,6,6, VAT,5,Inclusive,25,1,,,,
Mobiles,New,Back Cover,Samsung Galaxy A54 Back Cover,,PIECES,,Samsung,6,6, VAT,5,Inclusive,25,2,,,,
Mobiles,New,Back Cover,Samsung Galaxy A54 Back Cover,,PIECES,,Samsung,6,6, VAT,5,Inclusive,25,3,,,,
Mobiles,New,Back Cover,Samsung Galaxy A54 Back Cover,,PIECES,,Samsung,6,6, VAT,5,Inclusive,25,2,,,,
Mobiles,New,Back Cover,Samsung Galaxy A54 Back Cover,,PIECES,,Samsung,6,6, VAT,5,Inclusive,25,2,,,,
Mobiles,New,Back Cover,Samsung Galaxy A54 Back Cover,,PIECES,,Samsung,6,6, VAT,5,Inclusive,25,1,,,,
Mobiles,New,Back Cover,Samsung Galaxy A54 Back Cover,,PIECES,,Samsung,6,6, VAT,5,Inclusive,25,1,,,,
Mobiles,New,Back Cover,Samsung Galaxy A55 Back Cover,,PIECES,,Samsung,6,6, VAT,5,Inclusive,30,3,,,,
Mobiles,New,Back Cover,Samsung Galaxy A55 Back Cover,,PIECES,,Samsung,6,6, VAT,5,Inclusive,30,5,,,,
Mobiles,New,Back Cover,Samsung Galaxy A55 Back Cover,,PIECES,,Samsung,6,6, VAT,5,Inclusive,30,1,,,,
Mobiles,New,Back Cover,Samsung Galaxy A55 Back Cover,,PIECES,,Samsung,6,6, VAT,5,Inclusive,30,1,,,,
Mobiles,New,Back Cover,Samsung Galaxy A55 Back Cover,,PIECES,,Samsung,6,6, VAT,5,Inclusive,30,1,,,,
Mobiles,New,Back Cover,Samsung Galaxy A55 Back Cover,,PIECES,,Samsung,6,6, VAT,5,Inclusive,30,3,,,,
Mobiles,New,Back Cover,Samsung Galaxy A55 Back Cover,,PIECES,,Samsung,6,6, VAT,5,Inclusive,30,2,,,,
Mobiles,New,Back Cover,Samsung Galaxy A55 Back Cover,,PIECES,,Samsung,6,6, VAT,5,Inclusive,20,2,,,,
Mobiles,New,Back Cover,Samsung Galaxy A56 Back Cover,,PIECES,,Samsung,6,6, VAT,5,Inclusive,25,3,,,,
Mobiles,New,Back Cover,Samsung Galaxy A56 Back Cover,,PIECES,,Samsung,6,6, VAT,5,Inclusive,25,2,,,,
Mobiles,New,Back Cover,Samsung Galaxy A56 Back Cover,,PIECES,,Samsung,6,6, VAT,5,Inclusive,20,1,,,,
Mobiles,New,Back Cover,Samsung Galaxy A56 Back Cover,,PIECES,,Samsung,6,6, VAT,5,Inclusive,20,1,,,,
Mobiles,New,Back Cover,Samsung Galaxy A56 Back Cover,,PIECES,,Samsung,6,6, VAT,5,Inclusive,35,3,,,,
Mobiles,New,Back Cover,Samsung Galaxy A56 Back Cover,,PIECES,,Samsung,6,6, VAT,5,Inclusive,25,2,,,,
Mobiles,New,Back Cover,Samsung Galaxy A56 Back Cover,,PIECES,,Samsung,6,6, VAT,5,Inclusive,25,1,,,,
Mobiles,New,Back Cover,Samsung Galaxy A57 Back Cover,,PIECES,,Samsung,6,6, VAT,5,Inclusive,35,5,,,,
Mobiles,New,Back Cover,Samsung Galaxy A57 Back Cover,,PIECES,,Samsung,6,6, VAT,5,Inclusive,30,2,,,,
Mobiles,New,Back Cover,Samsung Galaxy M62 Back Cover,,PIECES,,Samsung,6,6, VAT,5,Inclusive,20,1,,,,
Mobiles,New,Back Cover,Samsung Galaxy A70 Back Cover,,PIECES,,Samsung,6,6, VAT,5,Inclusive,30,1,,,,
Mobiles,New,Back Cover,Samsung Galaxy A70 Back Cover,,PIECES,,Samsung,6,6, VAT,5,Inclusive,25,1,,,,
Mobiles,New,Back Cover,Samsung Galaxy A70 Back Cover,,PIECES,,Samsung,6,6, VAT,5,Inclusive,25,1,,,,
Mobiles,New,Back Cover,Samsung Galaxy A70 Back Cover,,PIECES,,Samsung,6,6, VAT,5,Inclusive,30,2,,,,
Mobiles,New,Back Cover,Samsung Galaxy A70 Back Cover,,PIECES,,Samsung,6,6, VAT,5,Inclusive,25,1,,,,
Mobiles,New,Back Cover,Samsung Galaxy A70s Back Cover,,PIECES,,Samsung,4,4, VAT,5,Inclusive,25,2,,,,
Mobiles,New,Back Cover,Samsung Galaxy A71 4G Back Cover,,PIECES,,Samsung,6,6, VAT,5,Inclusive,25,1,,,,
Mobiles,New,Back Cover,Samsung Galaxy A71 4G Back Cover,,PIECES,,Samsung,6,6, VAT,5,Inclusive,25,2,,,,
Mobiles,New,Back Cover,Samsung Galaxy A71 4G Back Cover,,PIECES,,Samsung,6,6, VAT,5,Inclusive,25,2,,,,
Mobiles,New,Back Cover,Samsung Galaxy A71 5G Back Cover,,PIECES,,Samsung,6,6, VAT,5,Inclusive,25,1,,,,
Mobiles,New,Back Cover,Samsung Galaxy A71 5G Back Cover,,PIECES,,Samsung,6,6, VAT,5,Inclusive,25,1,,,,
Mobiles,New,Back Cover,Samsung Galaxy A71 5G Back Cover,,PIECES,,Samsung,6,6, VAT,5,Inclusive,25,2,,,,
Mobiles,New,Back Cover,Samsung Galaxy A72 Back Cover,,PIECES,,Samsung,6,6, VAT,5,Inclusive,25,2,,,,
Mobiles,New,Back Cover,Samsung Galaxy A72 Back Cover,,PIECES,,Samsung,6,6, VAT,5,Inclusive,25,1,,,,
Mobiles,New,Back Cover,Samsung Galaxy A72 Back Cover,,PIECES,,Samsung,6,6, VAT,5,Inclusive,25,3,,,,
Mobiles,New,Back Cover,Samsung Galaxy A72 Back Cover,,PIECES,,Samsung,6,6, VAT,5,Inclusive,25,2,,,,
Mobiles,New,Back Cover,Samsung Galaxy A72 Back Cover,,PIECES,,Samsung,6,6, VAT,5,Inclusive,25,2,,,,
Mobiles,New,Back Cover,Samsung Galaxy A73 Back Cover,,PIECES,,Samsung,6,6, VAT,5,Inclusive,30,2,,,,
Mobiles,New,Back Cover,Samsung Galaxy A73 Back Cover,,PIECES,,Samsung,6,6, VAT,5,Inclusive,25,1,,,,
Mobiles,New,Back Cover,Samsung Galaxy A73 Back Cover,,PIECES,,Samsung,6,6, VAT,5,Inclusive,25,1,,,,
Mobiles,New,Back Cover,Samsung Galaxy A73 Back Cover,,PIECES,,Samsung,6,6, VAT,5,Inclusive,25,5,,,,
Mobiles,New,Back Cover,Samsung Galaxy A73 Back Cover,,PIECES,,Samsung,6,6, VAT,5,Inclusive,30,1,,,,
Mobiles,New,Back Cover,Samsung Galaxy S26 Ultra Back Cover,,PIECES,,Samsung,6,6, VAT,5,Inclusive,35,6,,,,
Mobiles,New,Back Cover,Samsung Galaxy S26 Ultra Back Cover,,PIECES,,Samsung,10,10, VAT,5,Inclusive,60,9,,,,
Mobiles,New,Back Cover,Samsung Galaxy S26 Ultra Back Cover,,PIECES,,Samsung,6,6, VAT,5,Inclusive,20,10,,,,
Mobiles,New,Back Cover,Samsung Galaxy S26 Ultra Back Cover,,PIECES,,Samsung,6,6, VAT,5,Inclusive,30,2,,,,
Mobiles,New,Back Cover,Samsung Galaxy S26 Ultra Back Cover,,PIECES,,Samsung,6,6, VAT,5,Inclusive,35,1,,,,
Mobiles,New,Back Cover,Samsung Galaxy S26 Ultra Back Cover,,PIECES,,Samsung,6,6, VAT,5,Inclusive,30,7,,,,
Mobiles,New,Back Cover,Samsung Galaxy S26 Ultra Back Cover,,PIECES,,Samsung,5,5, VAT,5,Inclusive,20,1,,,,
Mobiles,New,Back Cover,Samsung Galaxy S26 Ultra Back Cover,,PIECES,,Samsung,6,6, VAT,5,Inclusive,25,1,,,,
Mobiles,New,Back Cover,Samsung Galaxy S26 Back Cover,,PIECES,,Samsung,5,5, VAT,5,Inclusive,20,1,,,,
Mobiles,New,Back Cover,Samsung Galaxy S25 Ultra Back Cover,,PIECES,,Samsung,6,6, VAT,5,Inclusive,30,4,,,,
Mobiles,New,Back Cover,Samsung Galaxy S25 Ultra Back Cover,,PIECES,,Samsung,15,15, VAT,5,Inclusive,60,6,,,,
Mobiles,New,Back Cover,Samsung Galaxy S25 Ultra Back Cover,,PIECES,,Samsung,15,15, VAT,5,Inclusive,50,4,,,,
Mobiles,New,Back Cover,Samsung Galaxy S25 Ultra Back Cover,,PIECES,,Samsung,6,6, VAT,5,Inclusive,25,3,,,,
Mobiles,New,Back Cover,Samsung Galaxy S25 Ultra Back Cover,,PIECES,,Samsung,10,10, VAT,5,Inclusive,35,1,,,,
Mobiles,New,Back Cover,Samsung Galaxy S25 Ultra Back Cover,,PIECES,,Samsung,5,5, VAT,5,Inclusive,20,4,,,,
Mobiles,New,Back Cover,Samsung Galaxy S25 Ultra Back Cover,,PIECES,,Samsung,5,5, VAT,5,Inclusive,25,1,,,,
Mobiles,New,Back Cover,Samsung Galaxy S25 Ultra Back Cover,,PIECES,,Samsung,5,5, VAT,5,Inclusive,25,1,,,,
Mobiles,New,Back Cover,Samsung Galaxy S25 Ultra Back Cover,,PIECES,,Samsung,6,6, VAT,5,Inclusive,30,7,,,,
Mobiles,New,Back Cover,Samsung Galaxy S25 Ultra Back Cover,,PIECES,,Samsung,6,6, VAT,5,Inclusive,20,3,,,,
Mobiles,New,Back Cover,Samsung Galaxy S25 Plus Back Cover,,PIECES,,Samsung,6,6, VAT,5,Inclusive,35,1,,,,
Mobiles,New,Back Cover,Samsung Galaxy S25 Plus Back Cover,,PIECES,,Samsung,6,6, VAT,5,Inclusive,20,1,,,,
Mobiles,New,Back Cover,Samsung Galaxy S25 Plus Back Cover,,PIECES,,Samsung,6,6, VAT,5,Inclusive,30,1,,,,
Mobiles,New,Back Cover,Samsung Galaxy S25 FE Back Cover,,PIECES,,Samsung,6,6, VAT,5,Inclusive,30,2,,,,
Mobiles,New,Back Cover,Samsung Galaxy S25 FE Back Cover,,PIECES,,Samsung,6,6, VAT,5,Inclusive,20,3,,,,
Mobiles,New,Back Cover,Samsung Galaxy S25 FE Back Cover,,PIECES,,Samsung,6,6, VAT,5,Inclusive,20,1,,,,
Mobiles,New,Back Cover,Samsung Galaxy S25 FE Back Cover,,PIECES,,Samsung,6,6, VAT,5,Inclusive,30,3,,,,
Mobiles,New,Back Cover,Samsung Galaxy S25 FE Back Cover,,PIECES,,Samsung,6,6, VAT,5,Inclusive,25,2,,,,
Mobiles,New,Back Cover,Samsung Galaxy S25 FE Back Cover,,PIECES,,Samsung,6,6, VAT,5,Inclusive,25,1,,,,
Mobiles,New,Back Cover,Samsung Galaxy S25 FE Back Cover,,PIECES,,Samsung,6,6, VAT,5,Inclusive,30,1,,,,
Mobiles,New,Back Cover,Samsung Galaxy S25 FE Back Cover,,PIECES,,Samsung,6,6, VAT,5,Inclusive,30,1,,,,
Mobiles,New,Back Cover,Samsung Galaxy S25 Back Cover,,PIECES,,Samsung,6,6, VAT,5,Inclusive,25,1,,,,
Mobiles,New,Back Cover,Samsung Galaxy S25 Back Cover,,PIECES,,Samsung,10,10, VAT,5,Inclusive,35,1,,,,
Mobiles,New,Back Cover,Samsung Galaxy S25 Back Cover,,PIECES,,Samsung,10,10, VAT,5,Inclusive,35,1,,,,
Mobiles,New,Back Cover,Samsung Galaxy S25 Back Cover,,PIECES,,Samsung,5,5, VAT,5,Inclusive,25,1,,,,
Mobiles,New,Back Cover,Samsung Galaxy S25 Back Cover,,PIECES,,Samsung,5,5, VAT,5,Inclusive,25,1,,,,
Mobiles,New,Back Cover,Samsung Galaxy S25 Back Cover,,PIECES,,Samsung,6,6, VAT,5,Inclusive,20,3,,,,
Mobiles,New,Back Cover,Samsung Galaxy S25 Back Cover,,PIECES,,Samsung,7,7, VAT,5,Inclusive,30,1,,,,
Mobiles,New,Back Cover,Samsung Galaxy S24 Ultra Back Cover,,PIECES,,Samsung,6,6, VAT,5,Inclusive,25,1,,,,
Mobiles,New,Back Cover,Samsung Galaxy S24 Ultra Back Cover,,PIECES,,Samsung,6,6, VAT,5,Inclusive,25,2,,,,
Mobiles,New,Back Cover,Samsung Galaxy S24 Ultra Back Cover,,PIECES,,Samsung,6,6, VAT,5,Inclusive,25,3,,,,
Mobiles,New,Back Cover,Samsung Galaxy S24 Ultra Back Cover,,PIECES,,Samsung,6,6, VAT,5,Inclusive,25,4,,,,
Mobiles,New,Back Cover,Samsung Galaxy S24 Ultra Back Cover,,PIECES,,Samsung,6,6, VAT,5,Inclusive,60,2,,,,
Mobiles,New,Back Cover,Samsung Galaxy S24 Ultra Back Cover,,PIECES,,Samsung,6,6, VAT,5,Inclusive,20,1,,,,
Mobiles,New,Back Cover,Samsung Galaxy S24 Ultra Back Cover,,PIECES,,Samsung,6,6, VAT,5,Inclusive,20,1,,,,
Mobiles,New,Back Cover,Samsung Galaxy S24 Ultra Back Cover,,PIECES,,Samsung,10,10, VAT,5,Inclusive,60,11,,,,
Mobiles,New,Back Cover,Samsung Galaxy S24 Ultra Back Cover,,PIECES,,Samsung,6,6, VAT,5,Inclusive,20,3,,,,
Mobiles,New,Back Cover,Samsung Galaxy S24 Ultra Back Cover,,PIECES,,Samsung,125,125, VAT,5,Inclusive,150,1,,,,
Mobiles,New,Back Cover,Samsung Galaxy S24 Ultra Back Cover,,PIECES,,Samsung,6,6, VAT,5,Inclusive,30,5,,,,
Mobiles,New,Back Cover,Samsung Galaxy S24 Ultra Back Cover,,PIECES,,Samsung,6,6, VAT,5,Inclusive,25,1,,,,
Mobiles,New,Back Cover,Samsung Galaxy S24 Ultra Back Cover,,PIECES,,Samsung,6,6, VAT,5,Inclusive,25,1,,,,
Mobiles,New,Back Cover,Samsung Galaxy S24 Plus Back Cover,,PIECES,,Samsung,6,6, VAT,5,Inclusive,25,2,,,,
Mobiles,New,Back Cover,Samsung Galaxy S24 Plus Back Cover,,PIECES,,Samsung,6,6, VAT,5,Inclusive,25,4,,,,
Mobiles,New,Back Cover,Samsung Galaxy S24 Plus Back Cover,,PIECES,,Samsung,6,6, VAT,5,Inclusive,30,5,,,,
Mobiles,New,Back Cover,Samsung Galaxy S24 Plus Back Cover,,PIECES,,Samsung,6,6, VAT,5,Inclusive,25,3,,,,
Mobiles,New,Back Cover,Samsung Galaxy S24 Plus Back Cover,,PIECES,,Samsung,6,6, VAT,5,Inclusive,25,1,,,,
Mobiles,New,Back Cover,Samsung Galaxy S24 Plus Back Cover,,PIECES,,Samsung,6,6, VAT,5,Inclusive,30,2,,,,
Mobiles,New,Back Cover,Samsung Galaxy S24 Plus Back Cover,,PIECES,,Samsung,6,6, VAT,5,Inclusive,20,2,,,,
Mobiles,New,Back Cover,Samsung Galaxy S24 Plus Back Cover,,PIECES,,Samsung,6,6, VAT,5,Inclusive,30,1,,,,
Mobiles,New,Back Cover,Samsung Galaxy S24 Plus Back Cover,,PIECES,,Samsung,6,6, VAT,5,Inclusive,30,1,,,,
Mobiles,New,Back Cover,Samsung Galaxy S24 Back Cover,,PIECES,,Samsung,6,6, VAT,5,Inclusive,20,6,,,,
Mobiles,New,Back Cover,Samsung Galaxy S24 Back Cover,,PIECES,,Samsung,6,6, VAT,5,Inclusive,20,1,,,,
Mobiles,New,Back Cover,Samsung Galaxy S24 Back Cover,,PIECES,,Samsung,6,6, VAT,5,Inclusive,25,3,,,,
Mobiles,New,Back Cover,Samsung Galaxy S24 Back Cover,,PIECES,,Samsung,6,6, VAT,5,Inclusive,20,1,,,,
Mobiles,New,Back Cover,Samsung Galaxy S24 Back Cover,,PIECES,,Samsung,6,6, VAT,5,Inclusive,30,2,,,,
Mobiles,New,Back Cover,Samsung Galaxy S24 Back Cover,,PIECES,,Samsung,6,6, VAT,5,Inclusive,25,1,,,,
Mobiles,New,Back Cover,Samsung Galaxy S24 Back Cover,,PIECES,,Samsung,6,6, VAT,5,Inclusive,25,1,,,,
Mobiles,New,Back Cover,Samsung Galaxy S24 Back Cover,,PIECES,,Samsung,6,6, VAT,5,Inclusive,20,1,,,,
Mobiles,New,Back Cover,Samsung Galaxy S24 Back Cover,,PIECES,,Samsung,6,6, VAT,5,Inclusive,25,1,,,,
Mobiles,New,Back Cover,Samsung Galaxy S23 Ultra Back Cover,,PIECES,,Samsung,10,10, VAT,5,Inclusive,30,4,,,,
Mobiles,New,Back Cover,Samsung Galaxy S23 Ultra Back Cover,,PIECES,,Samsung,10,10, VAT,5,Inclusive,30,1,,,,
Mobiles,New,Back Cover,Samsung Galaxy S23 Ultra Back Cover,,PIECES,,Samsung,10,10, VAT,5,Inclusive,30,5,,,,
Mobiles,New,Back Cover,Samsung Galaxy S23 Ultra Back Cover,,PIECES,,Samsung,6,6, VAT,5,Inclusive,40,1,,,,
Mobiles,New,Back Cover,Samsung Galaxy S23 Ultra Back Cover,,PIECES,,Samsung,15,15, VAT,5,Inclusive,60,10,,,,
Mobiles,New,Back Cover,Samsung Galaxy S23 Ultra Back Cover,,PIECES,,Samsung,5,5, VAT,5,Inclusive,25,5,,,,
Mobiles,New,Back Cover,Samsung Galaxy S23 Ultra Back Cover,,PIECES,,Samsung,5,5, VAT,5,Inclusive,20,2,,,,
Mobiles,New,Back Cover,Samsung Galaxy S23 Ultra Back Cover,,PIECES,,Samsung,5,5, VAT,5,Inclusive,30,7,,,,
Mobiles,New,Back Cover,Samsung Galaxy S23 Ultra Back Cover,,PIECES,,Samsung,10,10, VAT,5,Inclusive,40,1,,,,
Mobiles,New,Back Cover,Samsung Galaxy S23 Ultra Back Cover,,PIECES,,Samsung,5,5, VAT,5,Inclusive,30,1,,,,
Mobiles,New,Back Cover,Samsung Galaxy S23 FE Back Cover,,PIECES,,Samsung,6,6, VAT,5,Inclusive,30,1,,,,
Mobiles,New,Back Cover,Samsung Galaxy S23 FE Back Cover,,PIECES,,Samsung,6,6, VAT,5,Inclusive,25,2,,,,
Mobiles,New,Back Cover,Samsung Galaxy S23 FE Back Cover,,PIECES,,Samsung,6,6, VAT,5,Inclusive,30,1,,,,
Mobiles,New,Back Cover,Samsung Galaxy S23 FE Back Cover,,PIECES,,Samsung,6,6, VAT,5,Inclusive,30,1,,,,
Mobiles,New,Back Cover,Samsung Galaxy S23 Plus Back Cover,,PIECES,,Samsung,6,6, VAT,5,Inclusive,20,2,,,,
Mobiles,New,Back Cover,Samsung Galaxy S23 Back Cover,,PIECES,,Samsung,6,6, VAT,5,Inclusive,25,7,,,,
Mobiles,New,Back Cover,Samsung Galaxy S23 Back Cover,,PIECES,,Samsung,6,6, VAT,5,Inclusive,25,1,,,,
Mobiles,New,Back Cover,Samsung Galaxy S23 Back Cover,,PIECES,,Samsung,6,6, VAT,5,Inclusive,25,8,,,,
Mobiles,New,Back Cover,Samsung Galaxy S23 Back Cover,,PIECES,,Samsung,6,6, VAT,5,Inclusive,20,2,,,,
Mobiles,New,Back Cover,Samsung Galaxy S23 Back Cover,,PIECES,,Samsung,6,6, VAT,5,Inclusive,25,1,,,,
Mobiles,New,Back Cover,Samsung Galaxy S23 Back Cover,,PIECES,,Samsung,6,6, VAT,5,Inclusive,20,1,,,,
Mobiles,New,Back Cover,Samsung Galaxy S22 Ultra Back Cover,,PIECES,,Samsung,6,6, VAT,5,Inclusive,25,5,,,,
Mobiles,New,Back Cover,Samsung Galaxy S22 Ultra Back Cover,,PIECES,,Samsung,6,6, VAT,5,Inclusive,20,7,,,,
Mobiles,New,Back Cover,Samsung Galaxy S22 Ultra Back Cover,,PIECES,,Samsung,6,6, VAT,5,Inclusive,30,2,,,,
Mobiles,New,Back Cover,Samsung Galaxy S22 Ultra Back Cover,,PIECES,,Samsung,6,6, VAT,5,Inclusive,25,1,,,,
Mobiles,New,Back Cover,Samsung Galaxy S22 Ultra Back Cover,,PIECES,,Samsung,6,6, VAT,5,Inclusive,30,2,,,,
Mobiles,New,Back Cover,Samsung Galaxy S22 Ultra Back Cover,,PIECES,,Samsung,6,6, VAT,5,Inclusive,35,1,,,,
Mobiles,New,Back Cover,Samsung Galaxy S22 Ultra Back Cover,,PIECES,,Samsung,15,15, VAT,5,Inclusive,60,10,,,,
Mobiles,New,Back Cover,Samsung Galaxy S22 Ultra Back Cover,,PIECES,,Samsung,6,6, VAT,5,Inclusive,35,1,,,,
Mobiles,New,Back Cover,Samsung Galaxy S21 Ultra Back Cover,,PIECES,,Samsung,6,6, VAT,5,Inclusive,25,1,,,,
Mobiles,New,Back Cover,Samsung Galaxy S21 Ultra Back Cover,,PIECES,,Samsung,6,6, VAT,5,Inclusive,30,1,,,,
Mobiles,New,Back Cover,Samsung Galaxy S21 Ultra Back Cover,,PIECES,,Samsung,6,6, VAT,5,Inclusive,25,1,,,,
Mobiles,New,Back Cover,Samsung Galaxy S21 Ultra Back Cover,,PIECES,,Samsung,6,6, VAT,5,Inclusive,25,2,,,,
Mobiles,New,Back Cover,Samsung Galaxy S21 Ultra Back Cover,,PIECES,,Samsung,6,6, VAT,5,Inclusive,20,3,,,,
Mobiles,New,Back Cover,Samsung Galaxy S21 Ultra Back Cover,,PIECES,,Samsung,6,6, VAT,5,Inclusive,20,8,,,,
Mobiles,New,Back Cover,Samsung Galaxy S21 Ultra Back Cover,,PIECES,,Samsung,6,6, VAT,5,Inclusive,30,1,,,,
Mobiles,New,Back Cover,Samsung Galaxy S22 Ultra Back Cover,,PIECES,,Samsung,6,6, VAT,5,Inclusive,20,1,,,,
Mobiles,New,Back Cover,Samsung Galaxy S20 Ultra Back Cover,,PIECES,,Samsung,6,6, VAT,5,Inclusive,20,1,,,,
Mobiles,New,Back Cover,Samsung Galaxy S20 Ultra Back Cover,,PIECES,,Samsung,6,6, VAT,5,Inclusive,20,3,,,,
Mobiles,New,Back Cover,Samsung Galaxy S20 Ultra Back Cover,,PIECES,,Samsung,6,6, VAT,5,Inclusive,20,3,,,,
Mobiles,New,Back Cover,Samsung Galaxy S20 Ultra Back Cover,,PIECES,,Samsung,6,6, VAT,5,Inclusive,20,1,,,,
Mobiles,New,Back Cover,Samsung Galaxy S20 Ultra Back Cover,,PIECES,,Samsung,6,6, VAT,5,Inclusive,25,3,,,,
Mobiles,New,Back Cover,Samsung Galaxy S20 Ultra Back Cover,,PIECES,,Samsung,6,6, VAT,5,Inclusive,20,1,,,,
Mobiles,New,Back Cover,Samsung Galaxy S20 Ultra Back Cover,,PIECES,,Samsung,6,6, VAT,5,Inclusive,20,2,,,,
Mobiles,New,Back Cover,Samsung Galaxy S8 Back Cover,,PIECES,,Samsung,6,6, VAT,5,Inclusive,20,1,,,,
Mobiles,New,Back Cover,Samsung Galaxy S8 Back Cover,,PIECES,,Samsung,6,6, VAT,5,Inclusive,20,9,,,,
Mobiles,New,Back Cover,Samsung Galaxy S8 Back Cover,,PIECES,,Samsung,6,6, VAT,5,Inclusive,20,2,,,,
Mobiles,New,Back Cover,Samsung Galaxy S8 Back Cover,,PIECES,,Samsung,6,6, VAT,5,Inclusive,20,2,,,,
Mobiles,New,Back Cover,Samsung Galaxy S8 Plus Back Cover,,PIECES,,Samsung,6,6, VAT,5,Inclusive,20,5,,,,
Mobiles,New,Back Cover,Samsung Galaxy S8 Plus Back Cover,,PIECES,,Samsung,6,6, VAT,5,Inclusive,20,1,,,,
Mobiles,New,Back Cover,Samsung Galaxy S8 Plus Back Cover,,PIECES,,Samsung,6,6, VAT,5,Inclusive,20,1,,,,
Mobiles,New,Back Cover,Samsung Galaxy S8 Plus Back Cover,,PIECES,,Samsung,6,6, VAT,5,Inclusive,20,3,,,,
Mobiles,New,Back Cover,Samsung Galaxy S9 Back Cover,,PIECES,,Samsung,6,6, VAT,5,Inclusive,20,2,,,,
Mobiles,New,Back Cover,Samsung Galaxy S9 Back Cover,,PIECES,,Samsung,6,6, VAT,5,Inclusive,20,5,,,,
Mobiles,New,Back Cover,Samsung Galaxy S9 Back Cover,,PIECES,,Samsung,6,6, VAT,5,Inclusive,20,2,,,,
Mobiles,New,Back Cover,Samsung Galaxy S9 Back Cover,,PIECES,,Samsung,6,6, VAT,5,Inclusive,20,3,,,,
Mobiles,New,Back Cover,Samsung Galaxy S9 Back Cover,,PIECES,,Samsung,6,6, VAT,5,Inclusive,20,3,,,,
Mobiles,New,Back Cover,Samsung Galaxy S9 Plus Back Cover,,PIECES,,Samsung,6,6, VAT,5,Inclusive,20,1,,,,
Mobiles,New,Back Cover,Samsung Galaxy S9 Plus Back Cover,,PIECES,,Samsung,6,6, VAT,5,Inclusive,20,2,,,,
Mobiles,New,Back Cover,Samsung Galaxy S9 Plus Back Cover,,PIECES,,Samsung,6,6, VAT,5,Inclusive,20,4,,,,
Mobiles,New,Back Cover,Samsung Galaxy S9 Plus Back Cover,,PIECES,,Samsung,6,6, VAT,5,Inclusive,20,1,,,,
Mobiles,New,Back Cover,Samsung Galaxy S9 Plus Back Cover,,PIECES,,Samsung,6,6, VAT,5,Inclusive,20,2,,,,
Mobiles,New,Back Cover,Samsung Galaxy S10 Back Cover,,PIECES,,Samsung,6,6, VAT,5,Inclusive,20,3,,,,
Mobiles,New,Back Cover,Samsung Galaxy S10 Back Cover,,PIECES,,Samsung,6,6, VAT,5,Inclusive,20,3,,,,
Mobiles,New,Back Cover,Samsung Galaxy S10 Back Cover,,PIECES,,Samsung,6,6, VAT,5,Inclusive,20,3,,,,
Mobiles,New,Back Cover,Samsung Galaxy S10 Plus Back Cover,,PIECES,,Samsung,6,6, VAT,5,Inclusive,20,1,,,,
Mobiles,New,Back Cover,Samsung Galaxy S10 Plus Back Cover,,PIECES,,Samsung,6,6, VAT,5,Inclusive,20,2,,,,
Mobiles,New,Back Cover,Samsung Galaxy S10 Plus Back Cover,,PIECES,,Samsung,6,6, VAT,5,Inclusive,20,2,,,,
Mobiles,New,Back Cover,Samsung Galaxy S10 Plus Back Cover,,PIECES,,Samsung,6,6, VAT,5,Inclusive,20,1,,,,
Mobiles,New,Back Cover,Samsung Galaxy S10 Plus Back Cover,,PIECES,,Samsung,6,6, VAT,5,Inclusive,20,1,,,,
Mobiles,New,Back Cover,Samsung Galaxy S20 Back Cover,,PIECES,,Samsung,6,6, VAT,5,Inclusive,20,1,,,,
Mobiles,New,Back Cover,Samsung Galaxy S20 Back Cover,,PIECES,,Samsung,6,6, VAT,5,Inclusive,20,7,,,,
Mobiles,New,Back Cover,Samsung Galaxy S20 Back Cover,,PIECES,,Samsung,6,6, VAT,5,Inclusive,20,2,,,,
Mobiles,New,Back Cover,Samsung Galaxy S20 Back Cover,,PIECES,,Samsung,5,5, VAT,5,Inclusive,20,1,,,,
Mobiles,New,Back Cover,Samsung Galaxy S20 Back Cover,,PIECES,,Samsung,6,6, VAT,5,Inclusive,20,1,,,,
Mobiles,New,Back Cover,Samsung Galaxy S20 Back Cover,,PIECES,,Samsung,5,5, VAT,5,Inclusive,20,2,,,,
Mobiles,New,Back Cover,Samsung Galaxy S20 Plus Back Cover,,PIECES,,Samsung,6,6, VAT,5,Inclusive,20,1,,,,
Mobiles,New,Back Cover,Samsung Galaxy S20 Plus Back Cover,,PIECES,,Samsung,6,6, VAT,5,Inclusive,20,2,,,,
Mobiles,New,Back Cover,Samsung Galaxy S20 Plus Back Cover,,PIECES,,Samsung,6,6, VAT,5,Inclusive,20,3,,,,
Mobiles,New,Back Cover,Samsung Galaxy S20 Plus Back Cover,,PIECES,,Samsung,6,6, VAT,5,Inclusive,20,1,,,,
Mobiles,New,Back Cover,Samsung Galaxy S20 Plus Back Cover,,PIECES,,Samsung,6,6, VAT,5,Inclusive,20,1,,,,
Mobiles,New,Back Cover,Samsung Galaxy S20 Plus Back Cover,,PIECES,,Samsung,6,6, VAT,5,Inclusive,20,1,,,,
Mobiles,New,Back Cover,Samsung Galaxy S20 FE Back Cover,,PIECES,,Samsung,6,6, VAT,5,Inclusive,20,3,,,,
Mobiles,New,Back Cover,Samsung Galaxy S20 FE Back Cover,,PIECES,,Samsung,6,6, VAT,5,Inclusive,20,1,,,,
Mobiles,New,Back Cover,Samsung Galaxy S20 FE Back Cover,,PIECES,,Samsung,6,6, VAT,5,Inclusive,20,2,,,,
Mobiles,New,Back Cover,Samsung Galaxy S20 FE Back Cover,,PIECES,,Samsung,6,6, VAT,5,Inclusive,20,2,,,,
Mobiles,New,Back Cover,Samsung Galaxy S21 Back Cover,,PIECES,,Samsung,6,6, VAT,5,Inclusive,20,6,,,,
Mobiles,New,Back Cover,Samsung Galaxy S21 Back Cover,,PIECES,,Samsung,6,6, VAT,5,Inclusive,20,1,,,,
Mobiles,New,Back Cover,Samsung Galaxy S21 Back Cover,,PIECES,,Samsung,6,6, VAT,5,Inclusive,20,2,,,,
Mobiles,New,Back Cover,Samsung Galaxy S21 Back Cover,,PIECES,,Samsung,6,6, VAT,5,Inclusive,20,3,,,,
Mobiles,New,Back Cover,Samsung Galaxy S21 Back Cover,,PIECES,,Samsung,6,6, VAT,5,Inclusive,20,2,,,,
Mobiles,New,Back Cover,Samsung Galaxy S21 Plus Back Cover,,PIECES,,Samsung,6,6, VAT,5,Inclusive,20,1,,,,
Mobiles,New,Back Cover,Samsung Galaxy S21 Plus Back Cover,,PIECES,,Samsung,6,6, VAT,5,Inclusive,20,7,,,,
Mobiles,New,Back Cover,Samsung Galaxy S21 Plus Back Cover,,PIECES,,Samsung,6,6, VAT,5,Inclusive,20,1,,,,
Mobiles,New,Back Cover,Samsung Galaxy S21 Plus Back Cover,,PIECES,,Samsung,6,6, VAT,5,Inclusive,20,2,,,,
Mobiles,New,Back Cover,Samsung Galaxy S21 Plus Back Cover,,PIECES,,Samsung,6,6, VAT,5,Inclusive,20,1,,,,
Mobiles,New,Back Cover,Samsung Galaxy S21 Plus Back Cover,,PIECES,,Samsung,6,6, VAT,5,Inclusive,20,4,,,,
Mobiles,New,Back Cover,Samsung Galaxy S21 Plus Back Cover,,PIECES,,Samsung,6,6, VAT,5,Inclusive,30,1,,,,
Mobiles,New,Back Cover,Samsung Galaxy S21 FE Back Cover,,PIECES,,Samsung,6,6, VAT,5,Inclusive,25,3,,,,
Mobiles,New,Back Cover,Samsung Galaxy S21 FE Back Cover,,PIECES,,Samsung,6,6, VAT,5,Inclusive,25,4,,,,
Mobiles,New,Back Cover,Samsung Galaxy S21 FE Back Cover,,PIECES,,Samsung,6,6, VAT,5,Inclusive,20,1,,,,
Mobiles,New,Back Cover,Samsung Galaxy S22 Back Cover,,PIECES,,Samsung,6,6, VAT,5,Inclusive,20,4,,,,
Mobiles,New,Back Cover,Samsung Galaxy S22 Back Cover,,PIECES,,Samsung,6,6, VAT,5,Inclusive,20,1,,,,
Mobiles,New,Back Cover,Samsung Galaxy S22 Back Cover,,PIECES,,Samsung,6,6, VAT,5,Inclusive,20,1,,,,
Mobiles,New,Back Cover,Samsung Galaxy S22 Back Cover,,PIECES,,Samsung,6,6, VAT,5,Inclusive,20,1,,,,
Mobiles,New,Back Cover,Samsung Galaxy S22 Back Cover,,PIECES,,Samsung,6,6, VAT,5,Inclusive,20,3,,,,
Mobiles,New,Back Cover,Samsung Galaxy S22 Back Cover,,PIECES,,Samsung,6,6, VAT,5,Inclusive,20,4,,,,
Mobiles,New,Back Cover,Samsung Galaxy S22 Plus Back Cover,,PIECES,,Samsung,6,6, VAT,5,Inclusive,20,1,,,,
Mobiles,New,Back Cover,Samsung Galaxy S22 Plus Back Cover,,PIECES,,Samsung,6,6, VAT,5,Inclusive,20,1,,,,
Mobiles,New,Back Cover,Samsung Galaxy S22 Plus Back Cover,,PIECES,,Samsung,6,6, VAT,5,Inclusive,20,1,,,,
Mobiles,New,Back Cover,Samsung Galaxy S22 Plus Back Cover,,PIECES,,Samsung,6,6, VAT,5,Inclusive,20,2,,,,
Mobiles,New,Back Cover,Samsung Galaxy S22 Plus Back Cover,,PIECES,,Samsung,6,6, VAT,5,Inclusive,25,1,,,,
Mobiles,New,Back Cover,Samsung Galaxy S22 Plus Back Cover,,PIECES,,Samsung,6,6, VAT,5,Inclusive,25,3,,,,
Mobiles,New,Back Cover,Samsung Galaxy S23 Plus Back Cover,,PIECES,,Samsung,6,6, VAT,5,Inclusive,25,2,,,,
Mobiles,New,Back Cover,Samsung Galaxy S23 Plus Back Cover,,PIECES,,Samsung,6,6, VAT,5,Inclusive,25,2,,,,
Mobiles,New,Back Cover,Samsung Galaxy S23 Plus Back Cover,,PIECES,,Samsung,6,6, VAT,5,Inclusive,25,1,,,,
Mobiles,New,Back Cover,Samsung Galaxy S23 Plus Back Cover,,PIECES,,Samsung,6,6, VAT,5,Inclusive,25,1,,,,
Mobiles,New,Back Cover,Samsung Galaxy S23 Plus Back Cover,,PIECES,,Samsung,6,6, VAT,5,Inclusive,25,2,,,,
Mobiles,New,Back Cover,Xiaomi Mi 6 Back Cover,,PIECES,,Mi,6,6, VAT,5,Inclusive,20,2,,,,
Mobiles,New,Back Cover,Xiaomi Redmi Note 8 Back Cover,,PIECES,,Mi,6,6, VAT,5,Inclusive,25,1,,,,
Mobiles,New,Back Cover,Xiaomi Mi A3 Back Cover,,PIECES,,Mi,6,6, VAT,5,Inclusive,25,2,,,,
Mobiles,New,Back Cover,Xiaomi Mi 8 Pro Back Cover,,PIECES,,Mi,6,6, VAT,5,Inclusive,25,1,,,,
Mobiles,New,Back Cover,Xiaomi Redmi 9A Back Cover,,PIECES,,Mi,6,6, VAT,5,Inclusive,25,1,,,,
Mobiles,New,Back Cover,Xiaomi Mi 10T / 10T Pro Back Cover,,PIECES,,Mi,6,6, VAT,5,Inclusive,25,1,,,,
Mobiles,New,Back Cover,Xiaomi Mi 10T / 10T Pro Back Cover,,PIECES,,Mi,6,6, VAT,5,Inclusive,25,5,,,,
Mobiles,New,Back Cover,Xiaomi Redmi Note 10 4G Back Cover,,PIECES,,Mi,6,6, VAT,5,Inclusive,25,1,,,,
Mobiles,New,Back Cover,Xiaomi Redmi Note 10 5G Back Cover,,PIECES,,Mi,6,6, VAT,5,Inclusive,25,2,,,,
Mobiles,New,Back Cover,Xiaomi Redmi Note 10 5G Back Cover,,PIECES,,Mi,6,6, VAT,5,Inclusive,25,1,,,,
Mobiles,New,Back Cover,Xiaomi Mi 11 Back Cover,,PIECES,,Mi,6,6, VAT,5,Inclusive,25,1,,,,
Mobiles,New,Back Cover,Xiaomi Mi 11 Back Cover,,PIECES,,Mi,6,6, VAT,5,Inclusive,25,1,,,,
Mobiles,New,Back Cover,Xiaomi Mi 11 Back Cover,,PIECES,,Mi,6,6, VAT,5,Inclusive,25,1,,,,
Mobiles,New,Back Cover,Xiaomi Mi 11 Back Cover,,PIECES,,Mi,6,6, VAT,5,Inclusive,30,1,,,,
Mobiles,New,Back Cover,Xiaomi Mi 11 Lite 5G Back Cover,,PIECES,,Mi,6,6, VAT,5,Inclusive,25,1,,,,
Mobiles,New,Back Cover,Xiaomi Mi 11 Lite 5G Back Cover,,PIECES,,Mi,6,6, VAT,5,Inclusive,25,1,,,,
Mobiles,New,Back Cover,Xiaomi Mi 11T / 11T Pro Back Cover,,PIECES,,Mi,6,6, VAT,5,Inclusive,25,4,,,,
Mobiles,New,Back Cover,Xiaomi Mi 13 Back Cover,,PIECES,,Mi,6,6, VAT,5,Inclusive,25,1,,,,
Mobiles,New,Back Cover,Xiaomi Mi 13 Back Cover,,PIECES,,Mi,6,6, VAT,5,Inclusive,25,1,,,,
Mobiles,New,Back Cover,POCO 13T Back Cover,,PIECES,,POCO,6,6, VAT,5,Inclusive,25,2,,,,
Mobiles,New,Back Cover,POCO C71 Back Cover,,PIECES,,POCO,6,6, VAT,5,Inclusive,25,1,,,,
Mobiles,New,Back Cover,POCO M4 5G / M5 4G Back Cover,,PIECES,,POCO,6,6, VAT,5,Inclusive,25,1,,,,
Mobiles,New,Back Cover,POCO X3 Back Cover,,PIECES,,POCO,6,6, VAT,5,Inclusive,30,1,,,,
Mobiles,New,Back Cover,POCO M3 Back Cover,,PIECES,,POCO,6,6, VAT,5,Inclusive,25,1,,,,
Mobiles,New,Back Cover,POCO M3 / 9T Back Cover,,PIECES,,POCO,6,6, VAT,5,Inclusive,25,3,,,,
Mobiles,New,Back Cover,POCO M3 Pro Back Cover,,PIECES,,POCO,6,6, VAT,5,Inclusive,25,1,,,,
Mobiles,New,Back Cover,POCO X3 GT Back Cover,,PIECES,,POCO,6,6, VAT,5,Inclusive,25,1,,,,
Mobiles,New,Back Cover,Redmi X4 Pro 5G Back Cover,,PIECES,,Redmi,6,6, VAT,5,Inclusive,25,2,,,,
Mobiles,New,Back Cover,Redmi A1 Back Cover,,PIECES,,Redmi,6,6, VAT,5,Inclusive,25,1,,,,
Mobiles,New,Back Cover,Redmi A3 Back Cover,,PIECES,,Redmi,6,6, VAT,5,Inclusive,25,1,,,,
Mobiles,New,Back Cover,Redmi A3 Back Cover,,PIECES,,Redmi,6,6, VAT,5,Inclusive,25,2,,,,
Mobiles,New,Back Cover,Redmi A3 Back Cover,,PIECES,,Redmi,6,6, VAT,5,Inclusive,25,5,,,,
Mobiles,New,Back Cover,Redmi A4 Back Cover,,PIECES,,Redmi,6,6, VAT,5,Inclusive,25,2,,,,
Mobiles,New,Back Cover,Redmi A4 Back Cover,,PIECES,,Redmi,6,6, VAT,5,Inclusive,25,3,,,,
Mobiles,New,Back Cover,Redmi A5 4G Back Cover,,PIECES,,Redmi,6,6, VAT,5,Inclusive,25,1,,,,
Mobiles,New,Back Cover,Redmi A5 4G Back Cover,,PIECES,,Redmi,6,6, VAT,5,Inclusive,25,2,,,,
Mobiles,New,Back Cover,Redmi A5 4G Back Cover,,PIECES,,Redmi,6,6, VAT,5,Inclusive,25,1,,,,
Mobiles,New,Back Cover,Redmi A5 4G Back Cover,,PIECES,,Redmi,6,6, VAT,5,Inclusive,25,4,,,,
Mobiles,New,Back Cover,Redmi A5 4G Back Cover,,PIECES,,Redmi,6,6, VAT,5,Inclusive,20,1,,,,
Mobiles,New,Back Cover,Redmi 6X Back Cover,,PIECES,,Redmi,6,6, VAT,5,Inclusive,25,2,,,,
Mobiles,New,Back Cover,Redmi 9 Power Back Cover,,PIECES,,Redmi,6,6, VAT,5,Inclusive,25,2,,,,
Mobiles,New,Back Cover,Redmi 9 Power Back Cover,,PIECES,,Redmi,6,6, VAT,5,Inclusive,25,1,,,,
Mobiles,New,Back Cover,Redmi 9A Back Cover,,PIECES,,Redmi,6,6, VAT,5,Inclusive,25,1,,,,
Mobiles,New,Back Cover,Redmi 9A Back Cover,,PIECES,,Redmi,6,6, VAT,5,Inclusive,25,2,,,,
Mobiles,New,Back Cover,Redmi 9 Back Cover,,PIECES,,Redmi,6,6, VAT,5,Inclusive,25,1,,,,
Mobiles,New,Back Cover,Redmi 9 Back Cover,,PIECES,,Redmi,6,6, VAT,5,Inclusive,25,1,,,,
Mobiles,New,Back Cover,Redmi 9 Prime Back Cover,,PIECES,,Redmi,6,6, VAT,5,Inclusive,25,2,,,,
Mobiles,New,Back Cover,Redmi 9 Prime Back Cover,,PIECES,,Redmi,6,6, VAT,5,Inclusive,25,1,,,,
Mobiles,New,Back Cover,Redmi 9 Prime Back Cover,,PIECES,,Redmi,6,6, VAT,5,Inclusive,25,1,,,,
Mobiles,New,Back Cover,Redmi 9T Back Cover,,PIECES,,Redmi,6,6, VAT,5,Inclusive,25,2,,,,
Mobiles,New,Back Cover,Redmi 10 5G Back Cover,,PIECES,,Redmi,6,6, VAT,5,Inclusive,25,1,,,,
Mobiles,New,Back Cover,Redmi 10 Power Back Cover,,PIECES,,Redmi,6,6, VAT,5,Inclusive,25,1,,,,
Mobiles,New,Back Cover,Redmi 10 Prime+ 5G Back Cover,,PIECES,,Redmi,6,6, VAT,5,Inclusive,25,2,,,,
Mobiles,New,Back Cover,Redmi 12 5G Back Cover,,PIECES,,Redmi,6,6, VAT,5,Inclusive,25,2,,,,
Mobiles,New,Back Cover,Redmi 12 5G Back Cover,,PIECES,,Redmi,6,6, VAT,5,Inclusive,25,2,,,,
Mobiles,New,Back Cover,Redmi 12 5G Back Cover,,PIECES,,Redmi,6,6, VAT,5,Inclusive,25,1,,,,
Mobiles,New,Back Cover,Redmi 12 5G Back Cover,,PIECES,,Redmi,6,6, VAT,5,Inclusive,30,1,,,,
Mobiles,New,Back Cover,Redmi 13 4G Back Cover,,PIECES,,Redmi,6,6, VAT,5,Inclusive,25,1,,,,
Mobiles,New,Back Cover,Redmi 13 5G Back Cover,,PIECES,,Redmi,6,6, VAT,5,Inclusive,25,1,,,,
Mobiles,New,Back Cover,Redmi Note 7 Back Cover,,PIECES,,Redmi,6,6, VAT,5,Inclusive,25,2,,,,
Mobiles,New,Back Cover,Redmi S2 Back Cover,,PIECES,,Redmi,6,6, VAT,5,Inclusive,25,1,,,,
Mobiles,New,Back Cover,Redmi A1+ Back Cover,,PIECES,,Redmi,6,6, VAT,5,Inclusive,25,2,,,,
Mobiles,New,Back Cover,Redmi A1+ Back Cover,,PIECES,,Redmi,6,6, VAT,5,Inclusive,25,1,,,,
Mobiles,New,Back Cover,Redmi A1+ Back Cover,,PIECES,,Redmi,6,6, VAT,5,Inclusive,25,1,,,,
Mobiles,New,Back Cover,Redmi A2+ Back Cover,,PIECES,,Redmi,6,6, VAT,5,Inclusive,25,1,,,,
Mobiles,New,Back Cover,Redmi A3 Back Cover,,PIECES,,Redmi,6,6, VAT,5,Inclusive,25,2,,,,
Mobiles,New,Back Cover,Redmi Note 6 / 6 Pro Back Cover,,PIECES,,Redmi,6,6, VAT,5,Inclusive,25,3,,,,
Mobiles,New,Back Cover,Redmi Note 9 Back Cover,,PIECES,,Redmi,6,6, VAT,5,Inclusive,25,1,,,,
Mobiles,New,Back Cover,Redmi Note 7 Back Cover,,PIECES,,Redmi,6,6, VAT,5,Inclusive,25,1,,,,
Mobiles,New,Back Cover,Redmi Note 8 Pro Back Cover,,PIECES,,Redmi,6,6, VAT,5,Inclusive,25,1,,,,
Mobiles,New,Back Cover,Redmi Note 7 Back Cover,,PIECES,,Redmi,6,6, VAT,5,Inclusive,25,2,,,,
Mobiles,New,Back Cover,Redmi Note 7 Back Cover,,PIECES,,Redmi,6,6, VAT,5,Inclusive,25,1,,,,
Mobiles,New,Back Cover,Redmi Note 7 Back Cover,,PIECES,,Redmi,6,6, VAT,5,Inclusive,25,1,,,,
Mobiles,New,Back Cover,Redmi Note 7 Pro Back Cover,,PIECES,,Redmi,6,6, VAT,5,Inclusive,25,2,,,,
Mobiles,New,Back Cover,Redmi Note 8 Back Cover,,PIECES,,Redmi,6,6, VAT,5,Inclusive,25,3,,,,
Mobiles,New,Back Cover,Redmi Note 9 Back Cover,,PIECES,,Redmi,6,6, VAT,5,Inclusive,25,4,,,,
Mobiles,New,Back Cover,Redmi Note 9 Pro Back Cover,,PIECES,,Redmi,6,6, VAT,5,Inclusive,25,1,,,,
Mobiles,New,Back Cover,Redmi Note 10 Back Cover,,PIECES,,Redmi,6,6, VAT,5,Inclusive,25,1,,,,
Mobiles,New,Back Cover,Redmi Note 10 Lite Back Cover,,PIECES,,Redmi,6,6, VAT,5,Inclusive,25,1,,,,
Mobiles,New,Back Cover,Redmi Note 10 5G Back Cover,,PIECES,,Redmi,6,6, VAT,5,Inclusive,25,1,,,,
Mobiles,New,Back Cover,Redmi Note 10 5G Back Cover,,PIECES,,Redmi,6,6, VAT,5,Inclusive,25,1,,,,
Mobiles,New,Back Cover,Redmi Note 10 5G Back Cover,,PIECES,,Redmi,6,6, VAT,5,Inclusive,25,2,,,,
Mobiles,New,Back Cover,Redmi Note 10 5G Back Cover,,PIECES,,Redmi,6,6, VAT,5,Inclusive,25,3,,,,
Mobiles,New,Back Cover,Redmi Note 10 Pro Back Cover,,PIECES,,Redmi,6,6, VAT,5,Inclusive,25,3,,,,
Mobiles,New,Back Cover,Redmi Note 10 Pro Back Cover,,PIECES,,Redmi,6,6, VAT,5,Inclusive,25,1,,,,
Mobiles,New,Back Cover,Redmi Note 11 Back Cover,,PIECES,,Redmi,6,6, VAT,5,Inclusive,25,1,,,,
Mobiles,New,Back Cover,Redmi Note 10 / 10 Pro Back Cover,,PIECES,,Redmi,6,6, VAT,5,Inclusive,25,1,,,,
Mobiles,New,Back Cover,Redmi Note 11 Back Cover,,PIECES,,Redmi,6,6, VAT,5,Inclusive,25,1,,,,
Mobiles,New,Back Cover,Redmi Note 11R Back Cover,,PIECES,,Redmi,6,6, VAT,5,Inclusive,25,1,,,,
Mobiles,New,Back Cover,Redmi Note 11S Back Cover,,PIECES,,Redmi,6,6, VAT,5,Inclusive,25,1,,,,
Mobiles,New,Back Cover,Redmi Note 11S Back Cover,,PIECES,,Redmi,6,6, VAT,5,Inclusive,25,1,,,,
Mobiles,New,Back Cover,Redmi Note 11S Back Cover,,PIECES,,Redmi,6,6, VAT,5,Inclusive,25,1,,,,
Mobiles,New,Back Cover,Redmi Note 11S Back Cover,,PIECES,,Redmi,6,6, VAT,5,Inclusive,25,1,,,,
Mobiles,New,Back Cover,Redmi Note 11 SE Back Cover,,PIECES,,Redmi,6,6, VAT,5,Inclusive,25,1,,,,
Mobiles,New,Back Cover,Redmi Note 11 SE Back Cover,,PIECES,,Redmi,6,6, VAT,5,Inclusive,25,1,,,,
Mobiles,New,Back Cover,Redmi Note 11 Pro (2022) Back Cover,,PIECES,,Redmi,6,6, VAT,5,Inclusive,25,1,,,,
Mobiles,New,Back Cover,Redmi Note 11E 5G Back Cover,,PIECES,,Redmi,6,6, VAT,5,Inclusive,25,1,,,,
Mobiles,New,Back Cover,Redmi Note 11E 5G Back Cover,,PIECES,,Redmi,6,6, VAT,5,Inclusive,25,2,,,,
Mobiles,New,Back Cover,Redmi Note 11E 5G Back Cover,,PIECES,,Redmi,6,6, VAT,5,Inclusive,25,2,,,,
Mobiles,New,Back Cover,Redmi Note 11 SE Back Cover,,PIECES,,Redmi,6,6, VAT,5,Inclusive,25,1,,,,
Mobiles,New,Back Cover,Redmi Note 11 Pro 4G Back Cover,,PIECES,,Redmi,6,6, VAT,5,Inclusive,25,1,,,,
Mobiles,New,Back Cover,Redmi Note 11 Pro 4G Back Cover,,PIECES,,Redmi,6,6, VAT,5,Inclusive,25,1,,,,
Mobiles,New,Back Cover,Redmi 10 5G Back Cover,,PIECES,,Redmi,6,6, VAT,5,Inclusive,25,1,,,,
Mobiles,New,Back Cover,Redmi Note 12 Pro Back Cover,,PIECES,,Redmi,6,6, VAT,5,Inclusive,25,1,,,,
Mobiles,New,Back Cover,Redmi Note 12 5G Back Cover,,PIECES,,Redmi,6,6, VAT,5,Inclusive,25,2,,,,
Mobiles,New,Back Cover,Redmi Note 12 5G Back Cover,,PIECES,,Redmi,6,6, VAT,5,Inclusive,25,1,,,,
Mobiles,New,Back Cover,Redmi Note 12 Back Cover,,PIECES,,Redmi,6,6, VAT,5,Inclusive,25,2,,,,
Mobiles,New,Back Cover,Redmi Note 12S Back Cover,,PIECES,,Redmi,6,6, VAT,5,Inclusive,25,1,,,,
Mobiles,New,Back Cover,Redmi Note 13 Back Cover,,PIECES,,Redmi,6,6, VAT,5,Inclusive,30,1,,,,
Mobiles,New,Back Cover,Redmi Note 13 Back Cover,,PIECES,,Redmi,6,6, VAT,5,Inclusive,25,1,,,,
Mobiles,New,Back Cover,Redmi Note 13 4G Back Cover,,PIECES,,Redmi,6,6, VAT,5,Inclusive,25,1,,,,
Mobiles,New,Back Cover,Redmi Note 13 4G Back Cover,,PIECES,,Redmi,6,6, VAT,5,Inclusive,25,2,,,,
Mobiles,New,Back Cover,Redmi Note 13 4G Back Cover,,PIECES,,Redmi,6,6, VAT,5,Inclusive,25,5,,,,
Mobiles,New,Back Cover,Redmi Note 13 4G Back Cover,,PIECES,,Redmi,6,6, VAT,5,Inclusive,25,3,,,,
Mobiles,New,Back Cover,Redmi Note 13 5G Back Cover,,PIECES,,Redmi,6,6, VAT,5,Inclusive,25,1,,,,
Mobiles,New,Back Cover,Redmi Note 13 5G Back Cover,,PIECES,,Redmi,6,6, VAT,5,Inclusive,25,3,,,,
Mobiles,New,Back Cover,Redmi Note 13 Pro Back Cover,,PIECES,,Redmi,6,6, VAT,5,Inclusive,20,4,,,,
Mobiles,New,Back Cover,Redmi Note 13 Pro Back Cover,,PIECES,,Redmi,6,6, VAT,5,Inclusive,20,4,,,,
Mobiles,New,Back Cover,Redmi Note 13 Pro 4G Back Cover,,PIECES,,Redmi,6,6, VAT,5,Inclusive,20,2,,,,
Mobiles,New,Back Cover,Redmi Note 13 Pro+ 5G Back Cover,,PIECES,,Redmi,6,6, VAT,5,Inclusive,20,1,,,,
Mobiles,New,Back Cover,Redmi Note 13 Pro+ Back Cover,,PIECES,,Redmi,6,6, VAT,5,Inclusive,25,1,,,,
Mobiles,New,Back Cover,Redmi Note 14 Back Cover,,PIECES,,Redmi,6,6, VAT,5,Inclusive,20,3,,,,
Mobiles,New,Back Cover,Redmi Note 14 4G Back Cover,,PIECES,,Redmi,6,6, VAT,5,Inclusive,20,2,,,,
Mobiles,New,Back Cover,Redmi Note 14 4G Back Cover,,PIECES,,Redmi,6,6, VAT,5,Inclusive,25,2,,,,
Mobiles,New,Back Cover,Redmi Note 14 5G Back Cover,,PIECES,,Redmi,6,6, VAT,5,Inclusive,20,2,,,,
Mobiles,New,Back Cover,Redmi Note 14 5G Back Cover,,PIECES,,Redmi,6,6, VAT,5,Inclusive,25,2,,,,
Mobiles,New,Back Cover,Redmi Note 14 5G Back Cover,,PIECES,,Redmi,6,6, VAT,5,Inclusive,25,2,,,,
Mobiles,New,Back Cover,Redmi Note 14S Back Cover,,PIECES,,Redmi,6,6, VAT,5,Inclusive,30,3,,,,
Mobiles,New,Back Cover,Redmi Note 14S Back Cover,,PIECES,,Redmi,6,6, VAT,5,Inclusive,20,1,,,,
Mobiles,New,Back Cover,Redmi Note 14 Pro Back Cover,,PIECES,,Redmi,6,6, VAT,5,Inclusive,25,4,,,,
Mobiles,New,Back Cover,Redmi Note 14 Pro Back Cover,,PIECES,,Redmi,6,6, VAT,5,Inclusive,25,1,,,,
Mobiles,New,Back Cover,Redmi Note 14 Pro Plus Back Cover,,PIECES,,Redmi,6,6, VAT,5,Inclusive,25,1,,,,
Mobiles,New,Back Cover,Redmi Note 14 Pro Back Cover,,PIECES,,Redmi,6,6, VAT,5,Inclusive,25,2,,,,
Mobiles,New,Back Cover,Redmi Note 14 Pro Back Cover,,PIECES,,Redmi,6,6, VAT,5,Inclusive,25,1,,,,
Mobiles,New,Back Cover,Redmi Note 14 Pro+ Back Cover,,PIECES,,Redmi,6,6, VAT,5,Inclusive,25,1,,,,
Mobiles,New,Back Cover,Redmi Note 14 Pro+ Back Cover,,PIECES,,Redmi,6,6, VAT,5,Inclusive,25,1,,,,
Mobiles,New,Back Cover,Redmi Note 14 Pro+ Back Cover,,PIECES,,Redmi,6,6, VAT,5,Inclusive,25,5,,,,
Mobiles,New,Back Cover,Redmi 9C Back Cover,,PIECES,,Redmi,6,6, VAT,5,Inclusive,25,1,,,,
Mobiles,New,Back Cover,Redmi 9C Back Cover,,PIECES,,Redmi,6,6, VAT,5,Inclusive,25,3,,,,
Mobiles,New,Back Cover,Redmi 10C Back Cover,,PIECES,,Redmi,6,6, VAT,5,Inclusive,25,1,,,,
Mobiles,New,Back Cover,Redmi 10C Back Cover,,PIECES,,Redmi,6,6, VAT,5,Inclusive,25,1,,,,
Mobiles,New,Back Cover,Redmi 10C Back Cover,,PIECES,,Redmi,6,6, VAT,5,Inclusive,25,2,,,,
Mobiles,New,Back Cover,Redmi 12C Back Cover,,PIECES,,Redmi,6,6, VAT,5,Inclusive,25,1,,,,
Mobiles,New,Back Cover,Redmi 13C 4G Back Cover,,PIECES,,Redmi,6,6, VAT,5,Inclusive,30,1,,,,
Mobiles,New,Back Cover,Redmi 13C 5G Back Cover,,PIECES,,Redmi,6,6, VAT,5,Inclusive,25,6,,,,
Mobiles,New,Back Cover,Redmi 13C 5G Back Cover,,PIECES,,Redmi,6,6, VAT,5,Inclusive,25,2,,,,
Mobiles,New,Back Cover,Redmi 13C 5G Back Cover,,PIECES,,Redmi,6,6, VAT,5,Inclusive,25,2,,,,
Mobiles,New,Back Cover,Redmi 13C 5G Back Cover,,PIECES,,Redmi,6,6, VAT,5,Inclusive,25,1,,,,
Mobiles,New,Back Cover,Redmi 13C 5G Back Cover,,PIECES,,Redmi,6,6, VAT,5,Inclusive,25,1,,,,
Mobiles,New,Back Cover,Redmi 14C Back Cover,,PIECES,,Redmi,6,6, VAT,5,Inclusive,25,4,,,,
Mobiles,New,Back Cover,Redmi 14C Back Cover,,PIECES,,Redmi,6,6, VAT,5,Inclusive,25,2,,,,
Mobiles,New,Back Cover,Redmi 14C Back Cover,,PIECES,,Redmi,6,6, VAT,5,Inclusive,25,4,,,,
Mobiles,New,Back Cover,Redmi 14C Back Cover,,PIECES,,Redmi,6,6, VAT,5,Inclusive,25,1,,,,
Mobiles,New,Back Cover,Redmi 14C Back Cover,,PIECES,,Redmi,6,6, VAT,5,Inclusive,25,2,,,,
Mobiles,New,Back Cover,Redmi 14C Back Cover,,PIECES,,Redmi,6,6, VAT,5,Inclusive,25,1,,,,
Mobiles,New,Back Cover,Redmi 14C Back Cover,,PIECES,,Redmi,6,6, VAT,5,Inclusive,25,1,,,,
Mobiles,New,Back Cover,Redmi 15C 4G Back Cover,,PIECES,,Redmi,6,6, VAT,5,Inclusive,20,2,,,,
Mobiles,New,Back Cover,Redmi 15C 4G Back Cover,,PIECES,,Redmi,6,6, VAT,5,Inclusive,30,3,,,,
Mobiles,New,Back Cover,Redmi 15C 4G Back Cover,,PIECES,,Redmi,6,6, VAT,5,Inclusive,30,3,,,,
Mobiles,New,Back Cover,Redmi 15C 4G Back Cover,,PIECES,,Redmi,6,6, VAT,5,Inclusive,30,2,,,,
Mobiles,New,Back Cover,Redmi 15C 4G Back Cover,,PIECES,,Redmii,6,6, VAT,5,Inclusive,30,4,,,,
Mobiles,New,Back Cover,Huawei Mate 20 Back Cover,,PIECES,,Huawei,6,6, VAT,5,Inclusive,20,1,,,,
Mobiles,New,Back Cover,Huawei Mate 20 Back Cover,,PIECES,,Huawei,6,6, VAT,5,Inclusive,20,1,,,,
Mobiles,New,Back Cover,Huawei Mate 20 Pro Back Cover,,PIECES,,Huawei,6,6, VAT,5,Inclusive,20,1,,,,
Mobiles,New,Back Cover,Huawei Mate 30 Pro Back Cover,,PIECES,,Huawei,6,6, VAT,5,Inclusive,20,1,,,,
Mobiles,New,Back Cover,Huawei Mate 30 Pro Back Cover,,PIECES,,Huawei,6,6, VAT,5,Inclusive,20,1,,,,
Mobiles,New,Back Cover,Huawei Mate 40 Pro Back Cover,,PIECES,,Huawei,6,6, VAT,5,Inclusive,20,1,,,,
Mobiles,New,Back Cover,Huawei Mate 50 Back Cover,,PIECES,,Huawei,6,6, VAT,5,Inclusive,20,1,,,,
Mobiles,New,Back Cover,Huawei Mate 50 Pro Back Cover,,PIECES,,Huawei,6,6, VAT,5,Inclusive,20,1,,,,
Mobiles,New,Back Cover,Huawei Y6 Prime (2018) Back Cover,,PIECES,,Huawei,6,6, VAT,5,Inclusive,20,5,,,,
Mobiles,New,Back Cover,Huawei Y6 Prime (2018) Back Cover,,PIECES,,Huawei,6,6, VAT,5,Inclusive,20,1,,,,
Mobiles,New,Back Cover,Huawei Y6 Prime (2018) Back Cover,,PIECES,,Huawei,6,6, VAT,5,Inclusive,20,1,,,,
Mobiles,New,Back Cover,Huawei Y6s Back Cover,,PIECES,,Huawei,6,6, VAT,5,Inclusive,20,1,,,,
Mobiles,New,Back Cover,Huawei Y6s Back Cover,,PIECES,,Huawei,5,5, VAT,5,Inclusive,20,2,,,,
Mobiles,New,Back Cover,Huawei Y5 Prime (2018) Back Cover,,PIECES,,Huawei,6,6, VAT,5,Inclusive,20,1,,,,
Mobiles,New,Back Cover,Huawei Y5 (2019) Back Cover,,PIECES,,Huawei,6,6, VAT,5,Inclusive,20,1,,,,
Mobiles,New,Back Cover,Huawei Y5 (2018) Back Cover,,PIECES,,Huawei,6,6, VAT,5,Inclusive,20,3,,,,
Mobiles,New,Back Cover,Huawei Y7p Back Cover,,PIECES,,Huawei,6,6, VAT,5,Inclusive,20,1,,,,
Mobiles,New,Back Cover,Huawei Y7a Back Cover,,PIECES,,Huawei,6,6, VAT,5,Inclusive,20,1,,,,
Mobiles,New,Back Cover,Huawei Y7a Back Cover,,PIECES,,Huawei,6,6, VAT,5,Inclusive,20,2,,,,
Mobiles,New,Back Cover,Huawei Y7 (2019) Back Cover,,PIECES,,Huawei,6,6, VAT,5,Inclusive,20,2,,,,
Mobiles,New,Back Cover,Huawei Y9a Back Cover,,PIECES,,Huawei,6,6, VAT,5,Inclusive,20,1,,,,
Mobiles,New,Back Cover,Huawei Y9s Back Cover,,PIECES,,Huawei,6,6, VAT,5,Inclusive,20,2,,,,
Mobiles,New,Back Cover,Huawei Y7 (2019) Back Cover,,PIECES,,Huawei,6,6, VAT,5,Inclusive,20,2,,,,
Mobiles,New,Back Cover,Huawei Y7 (2019) Back Cover,,PIECES,,Huawei,6,6, VAT,5,Inclusive,20,1,,,,
Mobiles,New,Back Cover,Huawei Y9 (2019) Back Cover,,PIECES,,Huawei,6,6, VAT,5,Inclusive,20,1,,,,
Mobiles,New,Back Cover,Huawei Y9 (2019) Back Cover,,PIECES,,Huawei,6,6, VAT,5,Inclusive,20,1,,,,
Mobiles,New,Back Cover,Huawei Y9 (2019) Back Cover,,PIECES,,Huawei,6,6, VAT,5,Inclusive,20,1,,,,
Mobiles,New,Back Cover,Huawei Y9 Prime Back Cover,,PIECES,,Huawei,6,6, VAT,5,Inclusive,20,1,,,,
Mobiles,New,Back Cover,Huawei Y9 Prime Back Cover,,PIECES,,Huawei,6,6, VAT,5,Inclusive,20,1,,,,
Mobiles,New,Back Cover,Huawei P20 Lite Back Cover,,PIECES,,Huawei,6,6, VAT,5,Inclusive,20,1,,,,
Mobiles,New,Back Cover,Huawei Pura 70 Back Cover,,PIECES,,Nova,6,6, VAT,5,Inclusive,20,1,,,,
Mobiles,New,Back Cover,Huawei Nova 2 Plus Back Cover,,PIECES,,Nova,6,6, VAT,5,Inclusive,20,1,,,,
Mobiles,New,Back Cover,Huawei Nova 3 Back Cover,,PIECES,,Nova,6,6, VAT,5,Inclusive,20,1,,,,
Mobiles,New,Back Cover,Huawei Nova 3 Back Cover,,PIECES,,Nova,6,6, VAT,5,Inclusive,20,2,,,,
Mobiles,New,Back Cover,Huawei Nova 3 Back Cover,,PIECES,,Nova,6,6, VAT,5,Inclusive,20,5,,,,
Mobiles,New,Back Cover,Huawei Nova 3e Back Cover,,PIECES,,Nova,6,6, VAT,5,Inclusive,20,1,,,,
Mobiles,New,Back Cover,Huawei Nova 3e Back Cover,,PIECES,,Nova,6,6, VAT,5,Inclusive,20,1,,,,
Mobiles,New,Back Cover,Huawei Nova 3i Back Cover,,PIECES,,Nova,6,6, VAT,5,Inclusive,20,2,,,,
Mobiles,New,Back Cover,Huawei Nova 3i Back Cover,,PIECES,,Nova,6,6, VAT,5,Inclusive,20,2,,,,
Mobiles,New,Back Cover,Huawei Nova 5T Back Cover,,PIECES,,Nova,6,6, VAT,5,Inclusive,20,4,,,,
Mobiles,New,Back Cover,Huawei Nova 7 Back Cover,,PIECES,,Nova,6,6, VAT,5,Inclusive,20,2,,,,
Mobiles,New,Back Cover,Huawei Nova 7i Back Cover,,PIECES,,Nova,6,6, VAT,5,Inclusive,20,1,,,,
Mobiles,New,Back Cover,Huawei Nova 7a Back Cover,,PIECES,,Nova,6,6, VAT,5,Inclusive,20,1,,,,
Mobiles,New,Back Cover,Huawei Nova 8i Back Cover,,PIECES,,Nova,6,6, VAT,5,Inclusive,20,2,,,,
Mobiles,New,Back Cover,Huawei Nova 9 Pro Back Cover,,PIECES,,Nova,6,6, VAT,5,Inclusive,20,1,,,,
Mobiles,New,Back Cover,Huawei Nova 9 Pro Back Cover,,PIECES,,Nova,6,6, VAT,5,Inclusive,20,1,,,,
Mobiles,New,Back Cover,Huawei Y61 KZ Back Cover,,PIECES,,Nova,6,6, VAT,5,Inclusive,20,1,,,,
Mobiles,New,Back Cover,Huawei Y70 Back Cover,,PIECES,,Nova,6,6, VAT,5,Inclusive,25,2,,,,
Mobiles,New,Back Cover,Huawei Y70 Back Cover,,PIECES,,Nova,6,6, VAT,5,Inclusive,20,3,,,,
Mobiles,New,Back Cover,Tecno Y90 Back Cover,,PIECES,,Tecno,6,6, VAT,5,Inclusive,25,1,,,,
Mobiles,New,Back Cover,Tecno Spark 8 Back Cover,,PIECES,,Tecno,6,6, VAT,5,Inclusive,20,3,,,,
Mobiles,New,Back Cover,Tecno Spark 7 Back Cover,,PIECES,,Tecno,6,6, VAT,5,Inclusive,20,1,,,,
Mobiles,New,Back Cover,Nothing Phone (3a) Pro Back Cover,,PIECES,,Nothing,6,6, VAT,5,Inclusive,25,2,,,,
Mobiles,New,Back Cover,Nothing Phone (3a) Back Cover,,PIECES,,Nothing,6,6, VAT,5,Inclusive,25,1,,,,
Mobiles,New,Back Cover,Nothing Phone (2a) Back Cover,,PIECES,,Nothing,6,6, VAT,5,Inclusive,25,4,,,,
Mobiles,New,Back Cover,Realme 2A 5G Back Cover,,PIECES,,Realme,6,6, VAT,5,Inclusive,25,1,,,,
Mobiles,New,Back Cover,Realme X2 Pro Back Cover,,PIECES,,Realme,6,6, VAT,5,Inclusive,20,2,,,,
Mobiles,New,Back Cover,Realme 5 Plus Back Cover,,PIECES,,Realme,6,6, VAT,5,Inclusive,25,2,,,,
Mobiles,New,Back Cover,Realme 5 / 5i / C3 Back Cover,,PIECES,,Realme,6,6, VAT,5,Inclusive,25,1,,,,
Mobiles,New,Back Cover,Realme 7i Back Cover,,PIECES,,Realme,6,6, VAT,5,Inclusive,25,1,,,,
Mobiles,New,Back Cover,Realme 8 5G Back Cover,,PIECES,,Realme,6,6, VAT,5,Inclusive,25,10,,,,
Mobiles,New,Back Cover,Realme 8 Pro Back Cover,,PIECES,,Realme,6,6, VAT,5,Inclusive,25,1,,,,
Mobiles,New,Back Cover,Realme 9i / OPPO A36 / A76 4G Back Cover,,PIECES,,Realme,6,6, VAT,5,Inclusive,25,1,,,,
Mobiles,New,Back Cover,Realme 9i / A36 A76 4G A96 4G K10 Cover,,PIECES,,Realme,6,6, VAT,5,Inclusive,25,1,,,,
Mobiles,New,Back Cover,Realme 9 Pro Plus Back Cover,,PIECES,,Realme,6,6, VAT,5,Inclusive,25,1,,,,
Mobiles,New,Back Cover,Realme 12 5G Back Cover,,PIECES,,Realme,6,6, VAT,5,Inclusive,25,2,,,,
Mobiles,New,Back Cover,Realme 12 5G Back Cover,,PIECES,,Realme,6,6, VAT,5,Inclusive,25,1,,,,
Mobiles,New,Back Cover,Realme C75 Back Cover,,PIECES,,Realme,6,6, VAT,5,Inclusive,25,1,,,,
Mobiles,New,Back Cover,Realme C75 Back Cover,,PIECES,,Realme,6,6, VAT,5,Inclusive,25,1,,,,
Mobiles,New,Back Cover,Realme C75 Back Cover,,PIECES,,Realme,6,6, VAT,5,Inclusive,25,1,,,,
Mobiles,New,Back Cover,Realme C75 Back Cover,,PIECES,,Realme,6,6, VAT,5,Inclusive,30,1,,,,
Mobiles,New,Back Cover,Realme C63 4G Back Cover,,PIECES,,Realme,6,6, VAT,5,Inclusive,20,1,,,,
Mobiles,New,Back Cover,Realme C63 4G Back Cover,,PIECES,,Realme,6,6, VAT,5,Inclusive,25,2,,,,
Mobiles,New,Back Cover,Realme C65 Back Cover,,PIECES,,Realme,6,6, VAT,5,Inclusive,25,2,,,,
Mobiles,New,Back Cover,Realme C51 Back Cover,,PIECES,,Realme,6,6, VAT,5,Inclusive,25,1,,,,
Mobiles,New,Back Cover,Realme C55 Back Cover,,PIECES,,Realme,6,6, VAT,5,Inclusive,25,1,,,,
Mobiles,New,Back Cover,Realme C53 Back Cover,,PIECES,,Realme,6,6, VAT,5,Inclusive,25,1,,,,
Mobiles,New,Back Cover,Realme C53 Back Cover,,PIECES,,Realme,6,6, VAT,5,Inclusive,25,1,,,,
Mobiles,New,Back Cover,Realme C53 Back Cover,,PIECES,,Realme,6,6, VAT,5,Inclusive,25,2,,,,
Mobiles,New,Back Cover,Realme C35 Back Cover,,PIECES,,Realme,6,6, VAT,5,Inclusive,25,1,,,,
Mobiles,New,Back Cover,Realme C35 Back Cover,,PIECES,,Realme,6,6, VAT,5,Inclusive,25,4,,,,
Mobiles,New,Back Cover,Realme C31 Back Cover,,PIECES,,Realme,6,6, VAT,5,Inclusive,25,1,,,,
Mobiles,New,Back Cover,Realme C25 Back Cover,,PIECES,,Realme,6,6, VAT,5,Inclusive,25,1,,,,
Mobiles,New,Back Cover,Realme C61 4G Back Cover,,PIECES,,Realme,6,6, VAT,5,Inclusive,25,1,,,,
Mobiles,New,Back Cover,Realme GT Master Back Cover,,PIECES,,Realme,6,6, VAT,5,Inclusive,30,1,,,,
Mobiles,New,Back Cover,Realme 7i Back Cover,,PIECES,,Realme,6,6, VAT,5,Inclusive,25,1,,,,
Mobiles,New,Back Cover,OnePlus 7i Back Cover,,PIECES,,OnePlus,6,6, VAT,5,Inclusive,25,1,,,,
Mobiles,New,Back Cover,OnePlus Nord CE 5G Back Cover,,PIECES,,OnePlus,6,6, VAT,5,Inclusive,25,2,,,,
Mobiles,New,Back Cover,OnePlus Pro Back Cover,,PIECES,,OnePlus,6,6, VAT,5,Inclusive,25,2,,,,
Mobiles,New,Back Cover,OnePlus Pro Back Cover,,PIECES,,OnePlus,6,6, VAT,5,Inclusive,25,3,,,,
Mobiles,New,Back Cover,OnePlus 9R Back Cover,,PIECES,,OnePlus,6,6, VAT,5,Inclusive,25,1,,,,
Mobiles,New,Back Cover,OnePlus 8 Pro Back Cover,,PIECES,,OnePlus,6,6, VAT,5,Inclusive,25,2,,,,
Mobiles,New,Back Cover,OnePlus 8 Pro Back Cover,,PIECES,,OnePlus,6,6, VAT,5,Inclusive,25,1,,,,
Mobiles,New,Back Cover,OnePlus 7 Pro Back Cover,,PIECES,,OnePlus,6,6, VAT,5,Inclusive,25,1,,,,
Mobiles,New,Back Cover,OnePlus Pro Back Cover,,PIECES,,OnePlus,6,6, VAT,5,Inclusive,25,2,,,,
Mobiles,New,Back Cover,OnePlus 13R Back Cover,,PIECES,,OnePlus,6,6, VAT,5,Inclusive,25,6,,,,
Mobiles,New,Back Cover,OnePlus Nord CE4 Lite Back Cover,,PIECES,,OnePlus,6,6, VAT,5,Inclusive,25,1,,,,
Mobiles,New,Back Cover,Infinix Hot 20i Back Cover,,PIECES,,Infinix,6,6, VAT,5,Inclusive,25,1,,,,
Mobiles,New,Back Cover,Infinix Hot 40i Back Cover,,PIECES,,Infinix,6,6, VAT,5,Inclusive,25,1,,,,
Mobiles,New,Back Cover,Infinix Hot 40i Back Cover,,PIECES,,Infinix,6,6, VAT,5,Inclusive,25,2,,,,
Mobiles,New,Back Cover,Infinix Hot 50i Back Cover,,PIECES,,Infinix,6,6, VAT,5,Inclusive,25,2,,,,
Mobiles,New,Back Cover,Infinix Hot 50 Pro+ Back Cover,,PIECES,,Infinix,6,6, VAT,5,Inclusive,25,1,,,,
Mobiles,New,Back Cover,Infinix Note 50X Back Cover,,PIECES,,Infinix,6,6, VAT,5,Inclusive,25,2,,,,
Mobiles,New,Back Cover,Infinix KC8 Back Cover,,PIECES,,Infinix,6,6, VAT,5,Inclusive,25,1,,,,
Mobiles,New,Back Cover,Infinix Smart 9 Back Cover,,PIECES,,Infinix,6,6, VAT,5,Inclusive,25,1,,,,
Mobiles,New,Back Cover,Infinix Spark Back Cover,,PIECES,,Infinix,6,6, VAT,5,Inclusive,25,1,,,,
Mobiles,New,Back Cover,OPPO Hot 10 Play Back Cover,,PIECES,,Oppo,6,6, VAT,5,Inclusive,25,1,,,,
Mobiles,New,Back Cover,OPPO A3s Back Cover,,PIECES,,Oppo,6,6, VAT,5,Inclusive,25,2,,,,
Mobiles,New,Back Cover,OPPO A3X 5G Back Cover,,PIECES,,Oppo,6,6, VAT,5,Inclusive,25,6,,,,
Mobiles,New,Back Cover,OPPO A3X Back Cover,,PIECES,,Oppo,6,6, VAT,5,Inclusive,25,2,,,,
Mobiles,New,Back Cover,OPPO A3X Back Cover,,PIECES,,Oppo,6,6, VAT,5,Inclusive,25,2,,,,
Mobiles,New,Back Cover,OPPO A3 5G Back Cover,,PIECES,,Oppo,6,6, VAT,5,Inclusive,25,1,,,,
Mobiles,New,Back Cover,OPPO A3 5G Back Cover,,PIECES,,Oppo,6,6, VAT,5,Inclusive,25,1,,,,
Mobiles,New,Back Cover,OPPO A3 Pro Back Cover,,PIECES,,Oppo,6,6, VAT,5,Inclusive,25,1,,,,
Mobiles,New,Back Cover,OPPO A3X Pro 5G Back Cover,,PIECES,,Oppo,6,6, VAT,5,Inclusive,25,1,,,,
Mobiles,New,Back Cover,OPPO A5 5G Back Cover,,PIECES,,Oppo,6,6, VAT,5,Inclusive,25,1,,,,
Mobiles,New,Back Cover,OPPO A5 Pro Back Cover,,PIECES,,Oppo,6,6, VAT,5,Inclusive,25,1,,,,
Mobiles,New,Back Cover,OPPO A5 Pro Back Cover,,PIECES,,Oppo,6,6, VAT,5,Inclusive,25,1,,,,
Mobiles,New,Back Cover,OPPO Back Cover,,PIECES,,Oppo,6,6, VAT,5,Inclusive,25,2,,,,
Mobiles,New,Back Cover,OPPO A9 (2020) Back Cover,,PIECES,,Oppo,6,6, VAT,5,Inclusive,25,1,,,,
Mobiles,New,Back Cover,OPPO A15 Back Cover,,PIECES,,Oppo,6,6, VAT,5,Inclusive,25,1,,,,
Mobiles,New,Back Cover,OPPO A16K Back Cover,,PIECES,,Oppo,6,6, VAT,5,Inclusive,25,3,,,,
Mobiles,New,Back Cover,OPPO A16K Back Cover,,PIECES,,Oppo,6,6, VAT,5,Inclusive,25,1,,,,
Mobiles,New,Back Cover,OPPO A16 4G / A55 5G Back Cover,,PIECES,,Oppo,6,6, VAT,5,Inclusive,25,1,,,,
Mobiles,New,Back Cover,OPPO A16 Back Cover,,PIECES,,Oppo,6,6, VAT,5,Inclusive,25,1,,,,
Mobiles,New,Back Cover,OPPO A16 Back Cover,,PIECES,,Oppo,6,6, VAT,5,Inclusive,25,1,,,,
Mobiles,New,Back Cover,OPPO A17 Back Cover,,PIECES,,Oppo,6,6, VAT,5,Inclusive,25,2,,,,
Mobiles,New,Back Cover,OPPO A17 Back Cover,,PIECES,,Oppo,6,6, VAT,5,Inclusive,25,1,,,,
Mobiles,New,Back Cover,OPPO A17 Back Cover,,PIECES,,Oppo,6,6, VAT,5,Inclusive,25,1,,,,
Mobiles,New,Back Cover,OPPO A18 4G Back Cover,,PIECES,,Oppo,6,6, VAT,5,Inclusive,25,1,,,,
Mobiles,New,Back Cover,OPPO A31 / A8 (2020) Back Cover,,PIECES,,Oppo,6,6, VAT,5,Inclusive,25,2,,,,
Mobiles,New,Back Cover,OPPO A31 Back Cover,,PIECES,,Oppo,6,6, VAT,5,Inclusive,25,2,,,,
Mobiles,New,Back Cover,OPPO A37 (Old) Back Cover,,PIECES,,Oppo,6,6, VAT,5,Inclusive,30,1,,,,
Mobiles,New,Back Cover,OPPO A38 Back Cover,,PIECES,,Oppo,6,6, VAT,5,Inclusive,25,4,,,,
Mobiles,New,Back Cover,OPPO A53 Back Cover,,PIECES,,Oppo,6,6, VAT,5,Inclusive,25,1,,,,
Mobiles,New,Back Cover,OPPO A54 4G Back Cover,,PIECES,,Oppo,6,6, VAT,5,Inclusive,25,1,,,,
Mobiles,New,Back Cover,OPPO A54 4G Back Cover,,PIECES,,Oppo,6,6, VAT,5,Inclusive,25,1,,,,
Mobiles,New,Back Cover,OPPO A54 4G Back Cover,,PIECES,,Oppo,6,6, VAT,5,Inclusive,25,1,,,,
Mobiles,New,Back Cover,OPPO A54 5G Back Cover,,PIECES,,Oppo,6,6, VAT,5,Inclusive,25,4,,,,
Mobiles,New,Back Cover,OPPO A52 / A72 / A92 Back Cover,,PIECES,,Oppo,6,6, VAT,5,Inclusive,25,2,,,,
Mobiles,New,Back Cover,OPPO A55 Back Cover,,PIECES,,Oppo,6,6, VAT,5,Inclusive,25,1,,,,
Mobiles,New,Back Cover,OPPO A55 5G Back Cover,,PIECES,,Oppo,6,6, VAT,5,Inclusive,25,2,,,,
Mobiles,New,Back Cover,OPPO A57 (Old) Back Cover,,PIECES,,Oppo,6,6, VAT,5,Inclusive,25,1,,,,
Mobiles,New,Back Cover,OPPO A57 Back Cover,,PIECES,,Oppo,6,6, VAT,5,Inclusive,25,1,,,,
Mobiles,New,Back Cover,OPPO A57 Back Cover,,PIECES,,Oppo,6,6, VAT,5,Inclusive,20,1,,,,
Mobiles,New,Back Cover,OPPO A57 4G Back Cover,,PIECES,,Oppo,6,6, VAT,5,Inclusive,25,2,,,,
Mobiles,New,Back Cover,OPPO A57 5G Back Cover,,PIECES,,Oppo,6,6, VAT,5,Inclusive,25,1,,,,
Mobiles,New,Back Cover,OPPO A58 4G Back Cover,,PIECES,,Oppo,6,6, VAT,5,Inclusive,25,1,,,,
Mobiles,New,Back Cover,OPPO A58 5G Back Cover,,PIECES,,Oppo,6,6, VAT,5,Inclusive,25,2,,,,
Mobiles,New,Back Cover,OPPO A58 5G Back Cover,,PIECES,,Oppo,6,6, VAT,5,Inclusive,25,1,,,,
Mobiles,New,Back Cover,OPPO A58 5G Back Cover,,PIECES,,Oppo,6,6, VAT,5,Inclusive,25,1,,,,
Mobiles,New,Back Cover,OPPO A59 Back Cover,,PIECES,,Oppo,6,6, VAT,5,Inclusive,25,1,,,,
Mobiles,New,Back Cover,OPPO A60 4G Back Cover,,PIECES,,Oppo,6,6, VAT,5,Inclusive,25,2,,,,
Mobiles,New,Back Cover,OPPO A60 4G Back Cover,,PIECES,,Oppo,6,6, VAT,5,Inclusive,25,1,,,,
Mobiles,New,Back Cover,OPPO A73 (2020) Back Cover,,PIECES,,Oppo,6,6, VAT,5,Inclusive,25,1,,,,
Mobiles,New,Back Cover,OPPO A73 4G Back Cover,,PIECES,,Oppo,6,6, VAT,5,Inclusive,25,3,,,,
Mobiles,New,Back Cover,OPPO A74 4G Back Cover,,PIECES,,Oppo,6,6, VAT,5,Inclusive,20,1,,,,
Mobiles,New,Back Cover,OPPO A74 4G Back Cover,,PIECES,,Oppo,6,6, VAT,5,Inclusive,20,3,,,,
Mobiles,New,Back Cover,OPPO A74 4G Back Cover,,PIECES,,Oppo,6,6, VAT,5,Inclusive,20,1,,,,
Mobiles,New,Back Cover,OPPO A76 Back Cover,,PIECES,,Oppo,6,6, VAT,5,Inclusive,20,2,,,,
Mobiles,New,Back Cover,OPPO A77 Back Cover,,PIECES,,Oppo,6,6, VAT,5,Inclusive,30,4,,,,
Mobiles,New,Back Cover,OPPO A77 Back Cover,,PIECES,,Oppo,6,6, VAT,5,Inclusive,20,1,,,,
Mobiles,New,Back Cover,OPPO A77s Back Cover,,PIECES,,Oppo,6,6, VAT,5,Inclusive,20,1,,,,
Mobiles,New,Back Cover,OPPO A78 4G Back Cover,,PIECES,,Oppo,6,6, VAT,5,Inclusive,20,2,,,,
Mobiles,New,Back Cover,OPPO A78 4G Back Cover,,PIECES,,Oppo,6,6, VAT,5,Inclusive,20,1,,,,
Mobiles,New,Back Cover,OPPO A78 4G Back Cover,,PIECES,,Oppo,6,6, VAT,5,Inclusive,20,1,,,,
Mobiles,New,Back Cover,OPPO A78 5G Back Cover,,PIECES,,Oppo,6,6, VAT,5,Inclusive,20,2,,,,
Mobiles,New,Back Cover,OPPO A83 (Old) Back Cover,,PIECES,,Oppo,6,6, VAT,5,Inclusive,20,1,,,,
Mobiles,New,Back Cover,OPPO A83 Back Cover,,PIECES,,Oppo,6,6, VAT,5,Inclusive,20,1,,,,
Mobiles,New,Back Cover,OPPO A91 Back Cover,,PIECES,,Oppo,6,6, VAT,5,Inclusive,25,2,,,,
Mobiles,New,Back Cover,OPPO A92 / A52 / A72 4G Back Cover,,PIECES,,Oppo,6,6, VAT,5,Inclusive,20,1,,,,
Mobiles,New,Back Cover,OPPO A93 4G Back Cover,,PIECES,,Oppo,6,6, VAT,5,Inclusive,20,1,,,,
Mobiles,New,Back Cover,OPPO A93 5G Back Cover,,PIECES,,Oppo,6,6, VAT,5,Inclusive,20,1,,,,
Mobiles,New,Back Cover,OPPO A93 5G Back Cover,,PIECES,,Oppo,6,6, VAT,5,Inclusive,20,2,,,,
Mobiles,New,Back Cover,OPPO A94 Back Cover,,PIECES,,Oppo,6,6, VAT,5,Inclusive,20,1,,,,
Mobiles,New,Back Cover,OPPO A94 Back Cover,,PIECES,,Oppo,6,6, VAT,5,Inclusive,20,3,,,,
Mobiles,New,Back Cover,OPPO A94 Back Cover,,PIECES,,Oppo,6,6, VAT,5,Inclusive,20,2,,,,
Mobiles,New,Back Cover,OPPO A95 Back Cover,,PIECES,,Oppo,6,6, VAT,5,Inclusive,30,1,,,,
Mobiles,New,Back Cover,OPPO A95 Back Cover,,PIECES,,Oppo,6,6, VAT,5,Inclusive,20,1,,,,
Mobiles,New,Back Cover,OPPO A95 5G Back Cover,,PIECES,,Oppo,6,6, VAT,5,Inclusive,30,1,,,,
Mobiles,New,Back Cover,OPPO A95 5G Back Cover,,PIECES,,Oppo,6,6, VAT,5,Inclusive,30,2,,,,
Mobiles,New,Back Cover,OPPO A95 4G Back Cover,,PIECES,,Oppo,6,6, VAT,5,Inclusive,30,1,,,,
Mobiles,New,Back Cover,OPPO A95 4G Back Cover,,PIECES,,Oppo,6,6, VAT,5,Inclusive,30,1,,,,
Mobiles,New,Back Cover,OPPO A96 5G Back Cover,,PIECES,,Oppo,6,6, VAT,5,Inclusive,30,1,,,,
Mobiles,New,Back Cover,OPPO A96 4G Back Cover,,PIECES,,Oppo,6,6, VAT,5,Inclusive,30,1,,,,
Mobiles,New,Back Cover,OPPO A96 4G Back Cover,,PIECES,,Oppo,6,6, VAT,5,Inclusive,30,2,,,,
Mobiles,New,Back Cover,OPPO A96 5G Back Cover,,PIECES,,Oppo,6,6, VAT,5,Inclusive,30,1,,,,
Mobiles,New,Back Cover,OPPO A96 4G Back Cover,,PIECES,,Oppo,6,6, VAT,5,Inclusive,30,1,,,,
Mobiles,New,Back Cover,OPPO A96 5G Back Cover,,PIECES,,Oppo,6,6, VAT,5,Inclusive,30,2,,,,
Mobiles,New,Back Cover,OPPO A96 5G Back Cover,,PIECES,,Oppo,6,6, VAT,5,Inclusive,30,2,,,,
Mobiles,New,Back Cover,OPPO A98 5G Back Cover,,PIECES,,Oppo,6,6, VAT,5,Inclusive,30,2,,,,
Mobiles,New,Back Cover,OPPO A98 Back Cover,,PIECES,,Oppo,6,6, VAT,5,Inclusive,30,2,,,,
Mobiles,New,Back Cover,OPPO F5 Back Cover,,PIECES,,Oppo,6,6, VAT,5,Inclusive,30,1,,,,
Mobiles,New,Back Cover,OPPO F5 Back Cover,,PIECES,,Oppo,6,6, VAT,5,Inclusive,30,3,,,,
Mobiles,New,Back Cover,OPPO F7 Back Cover,,PIECES,,Oppo,6,6, VAT,5,Inclusive,30,1,,,,
Mobiles,New,Back Cover,OPPO F7 Back Cover,,PIECES,,Oppo,6,6, VAT,5,Inclusive,30,1,,,,
Mobiles,New,Back Cover,OPPO F9 Back Cover,,PIECES,,Oppo,6,6, VAT,5,Inclusive,30,1,,,,
Mobiles,New,Back Cover,OPPO F9 Back Cover,,PIECES,,Oppo,6,6, VAT,5,Inclusive,30,4,,,,
Mobiles,New,Back Cover,OPPO F11 Pro Back Cover,,PIECES,,Oppo,6,6, VAT,5,Inclusive,30,1,,,,
Mobiles,New,Back Cover,OPPO F17 Back Cover,,PIECES,,Oppo,6,6, VAT,5,Inclusive,30,1,,,,
Mobiles,New,Back Cover,OPPO Reno Back Cover,,PIECES,,Oppo,6,6, VAT,5,Inclusive,30,1,,,,
Mobiles,New,Back Cover,OPPO Reno 3 Back Cover,,PIECES,,Oppo,6,6, VAT,5,Inclusive,30,1,,,,
Mobiles,New,Back Cover,OPPO Reno 4 Back Cover,,PIECES,,Oppo,6,6, VAT,5,Inclusive,30,1,,,,
Mobiles,New,Back Cover,OPPO Reno 4 Lite Back Cover,,PIECES,,Oppo,6,6, VAT,5,Inclusive,30,1,,,,
Mobiles,New,Back Cover,OPPO Reno 4 Pro Back Cover,,PIECES,,Oppo,6,6, VAT,5,Inclusive,30,2,,,,
Mobiles,New,Back Cover,OPPO Reno 4 Pro Back Cover,,PIECES,,Oppo,6,6, VAT,5,Inclusive,30,5,,,,
Mobiles,New,Back Cover,OPPO Reno 5 5G Back Cover,,PIECES,,Oppo,6,6, VAT,5,Inclusive,30,3,,,,
Mobiles,New,Back Cover,OPPO Reno 5 Pro 5G Back Cover,,PIECES,,Oppo,6,6, VAT,5,Inclusive,30,1,,,,
Mobiles,New,Back Cover,OPPO Reno 5 5G Back Cover,,PIECES,,Oppo,6,6, VAT,5,Inclusive,30,1,,,,
Mobiles,New,Back Cover,OPPO Reno 6 5G Back Cover,,PIECES,,Oppo,6,6, VAT,5,Inclusive,30,3,,,,
Mobiles,New,Back Cover,OPPO Reno 6 Pro Back Cover,,PIECES,,Oppo,6,6, VAT,5,Inclusive,30,2,,,,
Mobiles,New,Back Cover,OPPO Reno 7 4G Back Cover,,PIECES,,Oppo,6,6, VAT,5,Inclusive,30,1,,,,
Mobiles,New,Back Cover,OPPO Reno 7 4G Back Cover,,PIECES,,Oppo,6,6, VAT,5,Inclusive,30,1,,,,
Mobiles,New,Back Cover,OPPO Reno 7 5G Back Cover,,PIECES,,Oppo,6,6, VAT,5,Inclusive,30,1,,,,
Mobiles,New,Back Cover,OPPO Reno 8T 4G Back Cover,,PIECES,,Oppo,6,6, VAT,5,Inclusive,30,1,,,,
Mobiles,New,Back Cover,OPPO Reno 8T 4G Back Cover,,PIECES,,Oppo,6,6, VAT,5,Inclusive,30,1,,,,
Mobiles,New,Back Cover,OPPO Reno 8T 4G Back Cover,,PIECES,,Oppo,6,6, VAT,5,Inclusive,30,1,,,,
Mobiles,New,Back Cover,OPPO Reno 8T Back Cover,,PIECES,,Oppo,6,6, VAT,5,Inclusive,30,1,,,,
Mobiles,New,Back Cover,OPPO Reno 8T Back Cover,,PIECES,,Oppo,6,6, VAT,5,Inclusive,30,1,,,,
Mobiles,New,Back Cover,OPPO Reno 10 Back Cover,,PIECES,,Oppo,6,6, VAT,5,Inclusive,30,1,,,,
Mobiles,New,Back Cover,OPPO Reno 10 Back Cover,,PIECES,,Oppo,6,6, VAT,5,Inclusive,30,1,,,,
Mobiles,New,Back Cover,OPPO Reno 10 5G Back Cover,,PIECES,,Oppo,6,6, VAT,5,Inclusive,30,3,,,,
Mobiles,New,Back Cover,OPPO Reno 11 Back Cover,,PIECES,,Oppo,6,6, VAT,5,Inclusive,30,1,,,,
Mobiles,New,Back Cover,OPPO Reno 11 Back Cover,,PIECES,,Oppo,6,6, VAT,5,Inclusive,25,2,,,,
Mobiles,New,Back Cover,OPPO Reno 11 Back Cover,,PIECES,,Oppo,6,6, VAT,5,Inclusive,25,3,,,,
Mobiles,New,Back Cover,OPPO Reno 11 Pro Back Cover,,PIECES,,Oppo,6,6, VAT,5,Inclusive,25,1,,,,
Mobiles,New,Back Cover,OPPO Reno 11F 5G Back Cover,,PIECES,,Oppo,6,6, VAT,5,Inclusive,25,1,,,,
Mobiles,New,Back Cover,OPPO Reno 11 Pro Back Cover,,PIECES,,Oppo,6,6, VAT,5,Inclusive,25,1,,,,
Mobiles,New,Back Cover,OPPO Reno 11 Pro Back Cover,,PIECES,,Oppo,6,6, VAT,5,Inclusive,25,1,,,,
Mobiles,New,Back Cover,OPPO Reno 11 Pro Back Cover,,PIECES,,Oppo,6,6, VAT,5,Inclusive,25,1,,,,
Mobiles,New,Back Cover,OPPO Reno 12 5G Back Cover,,PIECES,,Oppo,6,6, VAT,5,Inclusive,20,1,,,,
Mobiles,New,Back Cover,OPPO Reno 12 Back Cover,,PIECES,,Oppo,6,6, VAT,5,Inclusive,25,1,,,,
Mobiles,New,Back Cover,OPPO Reno 12 Back Cover,,PIECES,,Oppo,6,6, VAT,5,Inclusive,20,1,,,,
Mobiles,New,Back Cover,OPPO Reno 12F Back Cover,,PIECES,,Oppo,6,6, VAT,5,Inclusive,25,1,,,,
Mobiles,New,Back Cover,Vivo Reno 12F Back Cover,,PIECES,,Vivo,6,6, VAT,5,Inclusive,25,1,,,,
Mobiles,New,Back Cover,Vivo Y03 Back Cover,,PIECES,,Vivo,6,6, VAT,5,Inclusive,20,1,,,,
Mobiles,New,Back Cover,Vivo V9 Back Cover,,PIECES,,Vivo,6,6, VAT,5,Inclusive,20,1,,,,
Mobiles,New,Back Cover,Vivo Y15 Back Cover,,PIECES,,Vivo,6,6, VAT,5,Inclusive,20,1,,,,
Mobiles,New,Back Cover,Vivo Y15 Back Cover,,PIECES,,Vivo,6,6, VAT,5,Inclusive,20,1,,,,
Mobiles,New,Back Cover,Vivo Y15 Back Cover,,PIECES,,Vivo,6,6, VAT,5,Inclusive,20,2,,,,
Mobiles,New,Back Cover,Vivo Y15 Back Cover,,PIECES,,Vivo,6,6, VAT,5,Inclusive,20,1,,,,
Mobiles,New,Back Cover,Vivo Y15 Back Cover,,PIECES,,Vivo,6,6, VAT,5,Inclusive,20,1,,,,
Mobiles,New,Back Cover,Vivo Y16 Back Cover,,PIECES,,Vivo,6,6, VAT,5,Inclusive,20,1,,,,
Mobiles,New,Back Cover,Vivo Y16 Back Cover,,PIECES,,Vivo,6,6, VAT,5,Inclusive,20,1,,,,
Mobiles,New,Back Cover,Vivo Y16 Back Cover,,PIECES,,Vivo,6,6, VAT,5,Inclusive,20,1,,,,
Mobiles,New,Back Cover,Vivo V17 Back Cover,,PIECES,,Vivo,6,6, VAT,5,Inclusive,20,1,,,,
Mobiles,New,Back Cover,Vivo Y17s Back Cover,,PIECES,,Vivo,6,6, VAT,5,Inclusive,20,1,,,,
Mobiles,New,Back Cover,Vivo Y18 4G Back Cover,,PIECES,,Vivo,6,6, VAT,5,Inclusive,20,3,,,,
Mobiles,New,Back Cover,Vivo Y20 Back Cover,,PIECES,,Vivo,6,6, VAT,5,Inclusive,20,2,,,,
Mobiles,New,Back Cover,Vivo Y20 Back Cover,,PIECES,,Vivo,6,6, VAT,5,Inclusive,20,1,,,,
Mobiles,New,Back Cover,Vivo Y20 Back Cover,,PIECES,,Vivo,6,6, VAT,5,Inclusive,20,2,,,,
Mobiles,New,Back Cover,Vivo Y20 Back Cover,,PIECES,,Vivo,6,6, VAT,5,Inclusive,20,3,,,,
Mobiles,New,Back Cover,Vivo Y20 Back Cover,,PIECES,,Vivo,6,6, VAT,5,Inclusive,20,1,,,,
Mobiles,New,Back Cover,Vivo V20 Pro Back Cover,,PIECES,,Vivo,6,6, VAT,5,Inclusive,20,1,,,,
Mobiles,New,Back Cover,Vivo T21 Back Cover,,PIECES,,Vivo,6,6, VAT,5,Inclusive,20,2,,,,
Mobiles,New,Back Cover,Vivo V21 Back Cover,,PIECES,,Vivo,6,6, VAT,5,Inclusive,20,3,,,,
Mobiles,New,Back Cover,Vivo V21 Back Cover,,PIECES,,Vivo,6,6, VAT,5,Inclusive,20,1,,,,
Mobiles,New,Back Cover,Vivo V21 (2021) Back Cover,,PIECES,,Vivo,6,6, VAT,5,Inclusive,20,1,,,,
Mobiles,New,Back Cover,Vivo V23 5G Back Cover,,PIECES,,Vivo,6,6, VAT,5,Inclusive,20,1,,,,
Mobiles,New,Back Cover,Vivo V23 Back Cover,,PIECES,,Vivo,6,6, VAT,5,Inclusive,20,1,,,,
Mobiles,New,Back Cover,Vivo V23e 5G Back Cover,,PIECES,,Vivo,6,6, VAT,5,Inclusive,20,1,,,,
Mobiles,New,Back Cover,Vivo V23 New Back Cover,,PIECES,,Vivo,6,6, VAT,5,Inclusive,20,2,,,,
Mobiles,New,Back Cover,Vivo Y29 Back Cover,,PIECES,,Vivo,6,6, VAT,5,Inclusive,20,2,,,,
Mobiles,New,Back Cover,Vivo Y30 Back Cover,,PIECES,,Vivo,6,6, VAT,5,Inclusive,20,1,,,,
Mobiles,New,Back Cover,Vivo V30 Lite Back Cover,,PIECES,,Vivo,6,6, VAT,5,Inclusive,20,1,,,,
Mobiles,New,Back Cover,Vivo V30 Pro Back Cover,,PIECES,,Vivo,6,6, VAT,5,Inclusive,25,1,,,,
Mobiles,New,Back Cover,Vivo V40 Lite Back Cover,,PIECES,,Vivo,6,6, VAT,5,Inclusive,25,3,,,,
Mobiles,New,Back Cover,Vivo V50 Lite Back Cover,,PIECES,,Vivo,6,6, VAT,5,Inclusive,20,1,,,,
Mobiles,New,Back Cover,Vivo Y200 5G Back Cover,,PIECES,,Vivo,6,6, VAT,5,Inclusive,20,1,,,,
Mobiles,New,Back Cover,Vivo S12 / S23 Back Cover,,PIECES,,Vivo,6,6, VAT,5,Inclusive,20,1,,,,
Mobiles,New,Back Cover,Vivo S21 Back Cover,,PIECES,,Vivo,6,6, VAT,5,Inclusive,20,1,,,,
Mobiles,New,Back Cover,Vivo S1 Pro Back Cover,,PIECES,,Vivo,6,6, VAT,5,Inclusive,20,1,,,,
Mobiles,New,Back Cover,Vivo Y12 4G Back Cover,,PIECES,,Vivo,6,6, VAT,5,Inclusive,20,1,,,,
Mobiles,New,Back Cover,Vivo Y12s Back Cover,,PIECES,,Vivo,6,6, VAT,5,Inclusive,25,2,,,,
Mobiles,New,Back Cover,Vivo Y35 Back Cover,,PIECES,,Vivo,6,6, VAT,5,Inclusive,20,1,,,,
Mobiles,New,Back Cover,Vivo Y35 Back Cover,,PIECES,,Vivo,6,6, VAT,5,Inclusive,20,1,,,,
Mobiles,New,Back Cover,Vivo Y38 Back Cover,,PIECES,,Vivo,6,6, VAT,5,Inclusive,20,1,,,,
Mobiles,New,Back Cover,Vivo Y39 5G Back Cover,,PIECES,,Vivo,6,6, VAT,5,Inclusive,20,2,,,,
Mobiles,New,Back Cover,Vivo Y51 Back Cover,,PIECES,,Vivo,6,6, VAT,5,Inclusive,20,3,,,,
Mobiles,New,Back Cover,Vivo Y55 5G Back Cover,,PIECES,,Vivo,6,6, VAT,5,Inclusive,20,1,,,,
Mobiles,New,Back Cover,Vivo Y55 5G Back Cover,,PIECES,,Vivo,6,6, VAT,5,Inclusive,20,1,,,,
Mobiles,New,Back Cover,Vivo Y72 5G Back Cover,,PIECES,,Vivo,6,6, VAT,5,Inclusive,20,1,,,,
Mobiles,New,Back Cover,Vivo Y72 5G Back Cover,,PIECES,,Vivo,6,6, VAT,5,Inclusive,20,1,,,,
Mobiles,New,Back Cover,iPhone Y93 Back Cover,,PIECES,,iPhone,6,6, VAT,5,Inclusive,20,4,,,,
Mobiles,New,Back Cover,iPhone 17 Pro Max Back Cover,,PIECES,,iPhone,5,5, VAT,5,Inclusive,20,13,,,,
Mobiles,New,Back Cover,iPhone 17 Pro Max Back Cover,,PIECES,,iPhone,12,12, VAT,5,Inclusive,40,6,,,,
Mobiles,New,Back Cover,iPhone 17 Pro Max Back Cover,,PIECES,,iPhone,7,7, VAT,5,Inclusive,30,3,,,,
Mobiles,New,Back Cover,iPhone 17 Pro Max Back Cover,,PIECES,,iPhone,7,7, VAT,5,Inclusive,50,1,,,,
Mobiles,New,Back Cover,iPhone 17 Pro Max Back Cover,,PIECES,,iPhone,6,6, VAT,5,Inclusive,60,1,,,,
Mobiles,New,Back Cover,iPhone 17 Pro Max Back Cover,,PIECES,,iPhone,6,6, VAT,5,Inclusive,60,6,,,,
Mobiles,New,Back Cover,iPhone 17 Pro Max Back Cover,,PIECES,,iPhone,6,6, VAT,5,Inclusive,40,6,,,,
Mobiles,New,Back Cover,iPhone 17 Pro Max Back Cover,,PIECES,,iPhone,6,6, VAT,5,Inclusive,40,1,,,,
Mobiles,New,Back Cover,iPhone 17 Pro Max Back Cover,,PIECES,,iPhone,6,6, VAT,5,Inclusive,120,1,,,,
Mobiles,New,Back Cover,iPhone 17 Pro Max Back Cover,,PIECES,,iPhone,7,7, VAT,5,Inclusive,30,1,,,,
Mobiles,New,Back Cover,iPhone 17 Pro Max Back Cover,,PIECES,,iPhone,6,6, VAT,5,Inclusive,25,2,,,,
Mobiles,New,Back Cover,iPhone 17 Pro Back Cover,,PIECES,,iPhone,5,5, VAT,5,Inclusive,20,3,,,,
Mobiles,New,Back Cover,iPhone 17 Pro Back Cover,,PIECES,,iPhone,10,10, VAT,5,Inclusive,30,1,,,,
Mobiles,New,Back Cover,iPhone 17 Pro Back Cover,,PIECES,,iPhone,10,10, VAT,5,Inclusive,30,1,,,,
Mobiles,New,Back Cover,iPhone 17 Pro Back Cover,,PIECES,,iPhone,10,10, VAT,5,Inclusive,35,2,,,,
Mobiles,New,Back Cover,iPhone 17 Pro Back Cover,,PIECES,,iPhone,10,10, VAT,5,Inclusive,30,3,,,,
Mobiles,New,Back Cover,iPhone 17 Pro Back Cover,,PIECES,,iPhone,6,6, VAT,5,Inclusive,35,2,,,,
Mobiles,New,Back Cover,iPhone 17 Pro Back Cover,,PIECES,,iPhone,6,6, VAT,5,Inclusive,40,2,,,,
Mobiles,New,Back Cover,iPhone 17 Pro Back Cover,,PIECES,,iPhone,6,6, VAT,5,Inclusive,120,3,,,,
Mobiles,New,Back Cover,iPhone 17 Pro Back Cover,,PIECES,,iPhone,6,6, VAT,5,Inclusive,40,3,,,,
Mobiles,New,Back Cover,iPhone 17 Pro Back Cover,,PIECES,,iPhone,6,6, VAT,5,Inclusive,25,7,,,,
Mobiles,New,Back Cover,iPhone 17 Pro Back Cover,,PIECES,,iPhone,6,6, VAT,5,Inclusive,20,6,,,,
Mobiles,New,Back Cover,iPhone 17 Pro Back Cover,,PIECES,,iPhone,5,5, VAT,5,Inclusive,20,2,,,,
Mobiles,New,Back Cover,iPhone 17 Pro Back Cover,,PIECES,,iPhone,10,10, VAT,5,Inclusive,30,1,,,,
Mobiles,New,Back Cover,iPhone 17 Air Back Cover,,PIECES,,iPhone,5,5, VAT,5,Inclusive,25,2,,,,
Mobiles,New,Back Cover,iPhone 17 Air Back Cover,,PIECES,,iPhone,6,6, VAT,5,Inclusive,25,1,,,,
Mobiles,New,Back Cover,iPhone 17 Air Back Cover,,PIECES,,iPhone,6,6, VAT,5,Inclusive,40,1,,,,
Mobiles,New,Back Cover,iPhone 17 Air Back Cover,,PIECES,,iPhone,6,6, VAT,5,Inclusive,35,3,,,,
Mobiles,New,Back Cover,iPhone 17 Air Back Cover,,PIECES,,iPhone,6,6, VAT,5,Inclusive,40,2,,,,
Mobiles,New,Back Cover,iPhone 17 Air Back Cover,,PIECES,,iPhone,6,6, VAT,5,Inclusive,25,2,,,,
Mobiles,New,Back Cover,iPhone 17 Air Back Cover,,PIECES,,iPhone,5,5, VAT,5,Inclusive,20,2,,,,
Mobiles,New,Back Cover,iPhone 17 Air Back Cover,,PIECES,,iPhone,6,6, VAT,5,Inclusive,40,1,,,,
Mobiles,New,Back Cover,iPhone 17 Air Back Cover,,PIECES,,iPhone,6,6, VAT,5,Inclusive,25,1,,,,
Mobiles,New,Back Cover,iPhone 17 Air Back Cover,,PIECES,,iPhone,10,10, VAT,5,Inclusive,30,2,,,,
Mobiles,New,Back Cover,iPhone 17 Air Back Cover,,PIECES,,iPhone,6,6, VAT,5,Inclusive,20,3,,,,
Mobiles,New,Back Cover,iPhone 17 Air Back Cover,,PIECES,,iPhone,10,10, VAT,5,Inclusive,30,1,,,,
Mobiles,New,Back Cover,iPhone 17 Back Cover,,PIECES,,iPhone,5,5, VAT,5,Inclusive,20,1,,,,
Mobiles,New,Back Cover,iPhone 17 Back Cover,,PIECES,,iPhone,6,6, VAT,5,Inclusive,20,4,,,,
Mobiles,New,Back Cover,iPhone 17 Back Cover,,PIECES,,iPhone,5,5, VAT,5,Inclusive,25,1,,,,
Mobiles,New,Back Cover,iPhone 17 Back Cover,,PIECES,,iPhone,6,6, VAT,5,Inclusive,25,3,,,,
Mobiles,New,Back Cover,iPhone 17 Back Cover,,PIECES,,iPhone,6,6, VAT,5,Inclusive,30,1,,,,
Mobiles,New,Back Cover,iPhone 17 Back Cover,,PIECES,,iPhone,5,5, VAT,5,Inclusive,25,2,,,,
Mobiles,New,Back Cover,iPhone 16 Pro Max Back Cover,,PIECES,,iPhone,5,5, VAT,5,Inclusive,35,2,,,,
Mobiles,New,Back Cover,iPhone 16 Pro Max Back Cover,,PIECES,,iPhone,12,12, VAT,5,Inclusive,40,9,,,,
Mobiles,New,Back Cover,iPhone 16 Pro Max Back Cover,,PIECES,,iPhone,5,5, VAT,5,Inclusive,20,6,,,,
Mobiles,New,Back Cover,iPhone 16 Pro Max Back Cover,,PIECES,,iPhone,6,6, VAT,5,Inclusive,35,1,,,,
Mobiles,New,Back Cover,iPhone 16 Pro Max Back Cover,,PIECES,,iPhone,5,5, VAT,5,Inclusive,20,7,,,,
Mobiles,New,Back Cover,iPhone 16 Pro Max Back Cover,,PIECES,,iPhone,15,15, VAT,5,Inclusive,60,4,,,,
Mobiles,New,Back Cover,iPhone 16 Pro Max Back Cover,,PIECES,,iPhone,6,6, VAT,5,Inclusive,35,2,,,,
Mobiles,New,Back Cover,iPhone 16 Pro Max Back Cover,,PIECES,,iPhone,6,6, VAT,5,Inclusive,60,2,,,,
Mobiles,New,Back Cover,iPhone 16 Pro Max Back Cover,,PIECES,,iPhone,6,6, VAT,5,Inclusive,35,2,,,,
Mobiles,New,Back Cover,iPhone 16 Pro Max Back Cover,,PIECES,,iPhone,6,6, VAT,5,Inclusive,35,1,,,,
Mobiles,New,Back Cover,iPhone 16 Pro Max Back Cover,,PIECES,,iPhone,6,6, VAT,5,Inclusive,35,1,,,,
Mobiles,New,Back Cover,iPhone 16 Pro Max Back Cover,,PIECES,,iPhone,6,6, VAT,5,Inclusive,30,1,,,,
Mobiles,New,Back Cover,iPhone 16 Pro Max Back Cover,,PIECES,,iPhone,10,10, VAT,5,Inclusive,35,1,,,,
Mobiles,New,Back Cover,iPhone 16 Pro Max Back Cover,,PIECES,,iPhone,6,6, VAT,5,Inclusive,25,4,,,,
Mobiles,New,Back Cover,iPhone 16 Pro Max Back Cover,,PIECES,,iPhone,10,10, VAT,5,Inclusive,35,1,,,,
Mobiles,New,Back Cover,iPhone 16 Pro Max Back Cover,,PIECES,,iPhone,10,10, VAT,5,Inclusive,60,2,,,,
Mobiles,New,Back Cover,iPhone 16 Pro Max Back Cover,,PIECES,,iPhone,10,10, VAT,5,Inclusive,50,2,,,,
Mobiles,New,Back Cover,iPhone 16 Pro Max Back Cover,,PIECES,,iPhone,10,10, VAT,5,Inclusive,50,13,,,,
Mobiles,New,Back Cover,iPhone 16 Pro Back Cover,,PIECES,,iPhone,27,27, VAT,5,Inclusive,120,3,,,,
Mobiles,New,Back Cover,iPhone 16 Pro Back Cover,,PIECES,,iPhone,6,6, VAT,5,Inclusive,30,2,,,,
Mobiles,New,Back Cover,iPhone 16 Pro Back Cover,,PIECES,,iPhone,10,10, VAT,5,Inclusive,50,6,,,,
Mobiles,New,Back Cover,iPhone 16 Pro Back Cover,,PIECES,,iPhone,10,10, VAT,5,Inclusive,40,1,,,,
Mobiles,New,Back Cover,iPhone 16 Pro Back Cover,,PIECES,,iPhone,5,5, VAT,5,Inclusive,20,3,,,,
Mobiles,New,Back Cover,iPhone 16 Pro Back Cover,,PIECES,,iPhone,5,5, VAT,5,Inclusive,30,2,,,,
Mobiles,New,Back Cover,iPhone 16 Pro Back Cover,,PIECES,,iPhone,6,6, VAT,5,Inclusive,25,1,,,,
Mobiles,New,Back Cover,iPhone 16 Pro Back Cover,,PIECES,,iPhone,6,6, VAT,5,Inclusive,40,4,,,,
Mobiles,New,Back Cover,iPhone 16 Pro Back Cover,,PIECES,,iPhone,6,6, VAT,5,Inclusive,40,1,,,,
Mobiles,New,Back Cover,iPhone 16 Pro Back Cover,,PIECES,,iPhone,6,6, VAT,5,Inclusive,25,2,,,,
Mobiles,New,Back Cover,iPhone 16 Pro Back Cover,,PIECES,,iPhone,6,6, VAT,5,Inclusive,40,3,,,,
Mobiles,New,Back Cover,iPhone 16 Pro Back Cover,,PIECES,,iPhone,5,5, VAT,5,Inclusive,30,3,,,,
Mobiles,New,Back Cover,iPhone 16 Pro Back Cover,,PIECES,,iPhone,6,6, VAT,5,Inclusive,40,2,,,,
Mobiles,New,Back Cover,iPhone 16 Pro Back Cover,,PIECES,,iPhone,5,5, VAT,5,Inclusive,35,3,,,,
Mobiles,New,Back Cover,iPhone 16 Pro Back Cover,,PIECES,,iPhone,6,6, VAT,5,Inclusive,20,6,,,,
Mobiles,New,Back Cover,iPhone 16 Plus Back Cover,,PIECES,,iPhone,6,6, VAT,5,Inclusive,30,1,,,,
Mobiles,New,Back Cover,iPhone 16 Plus Back Cover,,PIECES,,iPhone,6,6, VAT,5,Inclusive,25,1,,,,
Mobiles,New,Back Cover,iPhone 16 Plus Back Cover,,PIECES,,iPhone,6,6, VAT,5,Inclusive,25,2,,,,
Mobiles,New,Back Cover,iPhone 16 Plus Back Cover,,PIECES,,iPhone,6,6, VAT,5,Inclusive,30,2,,,,
Mobiles,New,Back Cover,iPhone 16 Plus Back Cover,,PIECES,,iPhone,6,6, VAT,5,Inclusive,40,2,,,,
Mobiles,New,Back Cover,iPhone 16 Plus Back Cover,,PIECES,,iPhone,6,6, VAT,5,Inclusive,30,3,,,,
Mobiles,New,Back Cover,iPhone 16 Plus Back Cover,,PIECES,,iPhone,6,6, VAT,5,Inclusive,30,1,,,,
Mobiles,New,Back Cover,iPhone 16 Plus Back Cover,,PIECES,,iPhone,6,6, VAT,5,Inclusive,20,3,,,,
Mobiles,New,Back Cover,iPhone 16 Plus Back Cover,,PIECES,,iPhone,6,6, VAT,5,Inclusive,25,8,,,,
Mobiles,New,Back Cover,iPhone 16 Plus Back Cover,,PIECES,,iPhone,6,6, VAT,5,Inclusive,30,2,,,,
Mobiles,New,Back Cover,iPhone 16 Plus Back Cover,,PIECES,,iPhone,6,6, VAT,5,Inclusive,30,1,,,,
Mobiles,New,Back Cover,iPhone 16e Back Cover,,PIECES,,iPhone,6,6, VAT,5,Inclusive,30,1,,,,
Mobiles,New,Back Cover,iPhone 16e Back Cover,,PIECES,,iPhone,6,6, VAT,5,Inclusive,30,2,,,,
Mobiles,New,Back Cover,iPhone 16e Back Cover,,PIECES,,iPhone,6,6, VAT,5,Inclusive,20,1,,,,
Mobiles,New,Back Cover,iPhone 16e Back Cover,,PIECES,,iPhone,6,6, VAT,5,Inclusive,30,1,,,,
Mobiles,New,Back Cover,iPhone 16 Back Cover,,PIECES,,iPhone,10,10, VAT,5,Inclusive,25,1,,,,
Mobiles,New,Back Cover,iPhone 16 Back Cover,,PIECES,,iPhone,10,10, VAT,5,Inclusive,30,1,,,,
Mobiles,New,Back Cover,iPhone 16 Back Cover,,PIECES,,iPhone,5,5, VAT,5,Inclusive,20,1,,,,
Mobiles,New,Back Cover,iPhone 16 Back Cover,,PIECES,,iPhone,6,6, VAT,5,Inclusive,30,1,,,,
Mobiles,New,Back Cover,iPhone 16 Back Cover,,PIECES,,iPhone,6,6, VAT,5,Inclusive,40,1,,,,
Mobiles,New,Back Cover,iPhone 16 Back Cover,,PIECES,,iPhone,6,6, VAT,5,Inclusive,30,1,,,,
Mobiles,New,Back Cover,iPhone 16 Back Cover,,PIECES,,iPhone,6,6, VAT,5,Inclusive,25,1,,,,
Mobiles,New,Back Cover,iPhone 16 Back Cover,,PIECES,,iPhone,6,6, VAT,5,Inclusive,25,5,,,,
Mobiles,New,Back Cover,iPhone 16 Back Cover,,PIECES,,iPhone,6,6, VAT,5,Inclusive,25,2,,,,
Mobiles,New,Back Cover,iPhone 16 Back Cover,,PIECES,,iPhone,6,6, VAT,5,Inclusive,20,1,,,,
Mobiles,New,Back Cover,iPhone 16 Back Cover,,PIECES,,iPhone,6,6, VAT,5,Inclusive,25,4,,,,
Mobiles,New,Back Cover,iPhone 16 Back Cover,,PIECES,,iPhone,15,15, VAT,5,Inclusive,50,2,,,,
Mobiles,New,Back Cover,iPhone 16 Back Cover,,PIECES,,iPhone,5,5, VAT,5,Inclusive,25,3,,,,
Mobiles,New,Back Cover,iPhone 15 Pro Max Back Cover,,PIECES,,iPhone,6,6, VAT,5,Inclusive,40,3,,,,
Mobiles,New,Back Cover,iPhone 15 Pro Max Back Cover,,PIECES,,iPhone,6,6, VAT,5,Inclusive,35,2,,,,
Mobiles,New,Back Cover,iPhone 15 Pro Max Back Cover,,PIECES,,iPhone,6,6, VAT,5,Inclusive,20,1,,,,
Mobiles,New,Back Cover,iPhone 15 Pro Max Back Cover,,PIECES,,iPhone,6,6, VAT,5,Inclusive,35,4,,,,
Mobiles,New,Back Cover,iPhone 15 Pro Max Back Cover,,PIECES,,iPhone,6,6, VAT,5,Inclusive,35,4,,,,
Mobiles,New,Back Cover,iPhone 15 Pro Max Back Cover,,PIECES,,iPhone,6,6, VAT,5,Inclusive,30,1,,,,
Mobiles,New,Back Cover,iPhone 15 Pro Max Back Cover,,PIECES,,iPhone,6,6, VAT,5,Inclusive,50,5,,,,
Mobiles,New,Back Cover,iPhone 15 Pro Max Back Cover,,PIECES,,iPhone,6,6, VAT,5,Inclusive,40,5,,,,
Mobiles,New,Back Cover,iPhone 15 Pro Max Back Cover,,PIECES,,iPhone,6,6, VAT,5,Inclusive,40,1,,,,
Mobiles,New,Back Cover,iPhone 15 Pro Max Back Cover,,PIECES,,iPhone,15,15, VAT,5,Inclusive,60,1,,,,
Mobiles,New,Back Cover,iPhone 15 Pro Max Back Cover,,PIECES,,iPhone,5,5, VAT,5,Inclusive,25,6,,,,
Mobiles,New,Back Cover,iPhone 15 Pro Max Back Cover,,PIECES,,iPhone,6,6, VAT,5,Inclusive,40,2,,,,
Mobiles,New,Back Cover,iPhone 15 Pro Max Back Cover,,PIECES,,iPhone,6,6, VAT,5,Inclusive,40,6,,,,
Mobiles,New,Back Cover,iPhone 15 Pro Max Back Cover,,PIECES,,iPhone,15,15, VAT,5,Inclusive,60,12,,,,
Mobiles,New,Back Cover,iPhone 15 Plus Back Cover,,PIECES,,iPhone,10,10, VAT,5,Inclusive,40,1,,,,
Mobiles,New,Back Cover,iPhone 15 Plus Back Cover,,PIECES,,iPhone,15,15, VAT,5,Inclusive,50,2,,,,
Mobiles,New,Back Cover,iPhone 15 Plus Back Cover,,PIECES,,iPhone,6,6, VAT,5,Inclusive,25,1,,,,
Mobiles,New,Back Cover,iPhone 15 Plus Back Cover,,PIECES,,iPhone,6,6, VAT,5,Inclusive,25,1,,,,
Mobiles,New,Back Cover,iPhone 15 Plus Back Cover,,PIECES,,iPhone,5,5, VAT,5,Inclusive,20,1,,,,
Mobiles,New,Back Cover,iPhone 15 Plus Back Cover,,PIECES,,iPhone,6,6, VAT,5,Inclusive,25,2,,,,
Mobiles,New,Back Cover,iPhone 15 Plus Back Cover,,PIECES,,iPhone,6,6, VAT,5,Inclusive,25,6,,,,
Mobiles,New,Back Cover,iPhone 15 Plus Back Cover,,PIECES,,iPhone,6,6, VAT,5,Inclusive,25,2,,,,
Mobiles,New,Back Cover,iPhone 15 Pro Back Cover,,PIECES,,iPhone,5,5, VAT,5,Inclusive,30,4,,,,
Mobiles,New,Back Cover,iPhone 15 Pro Back Cover,,PIECES,,iPhone,6,6, VAT,5,Inclusive,30,10,,,,
Mobiles,New,Back Cover,iPhone 15 Pro Back Cover,,PIECES,,iPhone,6,6, VAT,5,Inclusive,25,1,,,,
Mobiles,New,Back Cover,iPhone 15 Pro Back Cover,,PIECES,,iPhone,5,5, VAT,5,Inclusive,40,1,,,,
Mobiles,New,Back Cover,iPhone 15 Pro Back Cover,,PIECES,,iPhone,5,5, VAT,5,Inclusive,40,6,,,,
Mobiles,New,Back Cover,iPhone 15 Pro Back Cover,,PIECES,,iPhone,8,8, VAT,5,Inclusive,35,3,,,,
Mobiles,New,Back Cover,iPhone 15 Pro Back Cover,,PIECES,,iPhone,6,6, VAT,5,Inclusive,20,2,,,,
Mobiles,New,Back Cover,iPhone 15 Pro Back Cover,,PIECES,,iPhone,5,5, VAT,5,Inclusive,20,8,,,,
Mobiles,New,Back Cover,iPhone 15 Pro Back Cover,,PIECES,,iPhone,5,5, VAT,5,Inclusive,30,3,,,,
Mobiles,New,Back Cover,iPhone 15 Pro Back Cover,,PIECES,,iPhone,6,6, VAT,5,Inclusive,25,14,,,,
Mobiles,New,Back Cover,iPhone 15 Pro Back Cover,,PIECES,,iPhone,15,15, VAT,5,Inclusive,60,2,,,,
Mobiles,New,Back Cover,iPhone 15 Pro Back Cover,,PIECES,,iPhone,15,15, VAT,5,Inclusive,50,1,,,,
Mobiles,New,Back Cover,iPhone 15 Pro Back Cover,,PIECES,,iPhone,6,6, VAT,5,Inclusive,30,1,,,,
Mobiles,New,Back Cover,iPhone 15 Pro Back Cover,,PIECES,,iPhone,6,6, VAT,5,Inclusive,40,1,,,,
Mobiles,New,Back Cover,iPhone 15 Pro Back Cover,,PIECES,,iPhone,10,10, VAT,5,Inclusive,30,1,,,,
Mobiles,New,Back Cover,iPhone 15 Pro Back Cover,,PIECES,,iPhone,10,10, VAT,5,Inclusive,30,1,,,,
Mobiles,New,Back Cover,iPhone 15 Pro Back Cover,,PIECES,,iPhone,6,6, VAT,5,Inclusive,25,3,,,,
Mobiles,New,Back Cover,iPhone 15 Pro Back Cover,,PIECES,,iPhone,6,6, VAT,5,Inclusive,25,1,,,,
Mobiles,New,Back Cover,iPhone 15 Pro Back Cover,,PIECES,,iPhone,6,6, VAT,5,Inclusive,40,3,,,,
Mobiles,New,Back Cover,iPhone 15 Pro Back Cover,,PIECES,,iPhone,6,6, VAT,5,Inclusive,50,3,,,,
Mobiles,New,Back Cover,iPhone 15 Pro Back Cover,,PIECES,,iPhone,6,6, VAT,5,Inclusive,50,1,,,,
Mobiles,New,Back Cover,iPhone 15 Pro Back Cover,,PIECES,,iPhone,6,6, VAT,5,Inclusive,40,3,,,,
Mobiles,New,Back Cover,iPhone 15 Back Cover,,PIECES,,iPhone,6,6, VAT,5,Inclusive,30,4,,,,
Mobiles,New,Back Cover,iPhone 15 Back Cover,,PIECES,,iPhone,6,6, VAT,5,Inclusive,25,10,,,,
Mobiles,New,Back Cover,iPhone 15 Back Cover,,PIECES,,iPhone,10,10, VAT,5,Inclusive,30,3,,,,
Mobiles,New,Back Cover,iPhone 15 Back Cover,,PIECES,,iPhone,6,6, VAT,5,Inclusive,25,1,,,,
Mobiles,New,Back Cover,iPhone 15 Back Cover,,PIECES,,iPhone,6,6, VAT,5,Inclusive,30,1,,,,
Mobiles,New,Back Cover,iPhone 15 Back Cover,,PIECES,,iPhone,6,6, VAT,5,Inclusive,30,2,,,,
Mobiles,New,Back Cover,iPhone 15 Back Cover,,PIECES,,iPhone,6,6, VAT,5,Inclusive,30,1,,,,
Mobiles,New,Back Cover,iPhone 14 Pro Max Back Cover,,PIECES,,iPhone,7,7, VAT,5,Inclusive,40,1,,,,
Mobiles,New,Back Cover,iPhone 14 Pro Max Back Cover,,PIECES,,iPhone,6,6, VAT,5,Inclusive,40,2,,,,
Mobiles,New,Back Cover,iPhone 14 Pro Max Back Cover,,PIECES,,iPhone,6,6, VAT,5,Inclusive,40,2,,,,
Mobiles,New,Back Cover,iPhone 14 Pro Max Back Cover,,PIECES,,iPhone,6,6, VAT,5,Inclusive,40,2,,,,
Mobiles,New,Back Cover,iPhone 14 Pro Max Back Cover,,PIECES,,iPhone,6,6, VAT,5,Inclusive,40,1,,,,
Mobiles,New,Back Cover,iPhone 14 Pro Max Back Cover,,PIECES,,iPhone,6,6, VAT,5,Inclusive,40,2,,,,
Mobiles,New,Back Cover,iPhone 14 Pro Max Back Cover,,PIECES,,iPhone,6,6, VAT,5,Inclusive,60,13,,,,
Mobiles,New,Back Cover,iPhone 14 Pro Max Back Cover,,PIECES,,iPhone,6,6, VAT,5,Inclusive,35,5,,,,
Mobiles,New,Back Cover,iPhone 14 Pro Max Back Cover,,PIECES,,iPhone,6,6, VAT,5,Inclusive,30,2,,,,
Mobiles,New,Back Cover,iPhone 14 Pro Max Back Cover,,PIECES,,iPhone,6,6, VAT,5,Inclusive,25,1,,,,
Mobiles,New,Back Cover,iPhone 14 Pro Max Back Cover,,PIECES,,iPhone,6,6, VAT,5,Inclusive,20,6,,,,
Mobiles,New,Back Cover,iPhone 14 Pro Max Back Cover,,PIECES,,iPhone,6,6, VAT,5,Inclusive,20,6,,,,
Mobiles,New,Back Cover,iPhone 14 Pro Max Back Cover,,PIECES,,iPhone,6,6, VAT,5,Inclusive,25,1,,,,
Mobiles,New,Back Cover,iPhone 14 Pro Max Back Cover,,PIECES,,iPhone,6,6, VAT,5,Inclusive,25,2,,,,
Mobiles,New,Back Cover,iPhone 14 Pro Max Back Cover,,PIECES,,iPhone,6,6, VAT,5,Inclusive,30,3,,,,
Mobiles,New,Back Cover,iPhone 14 Pro Max Back Cover,,PIECES,,iPhone,7,7, VAT,5,Inclusive,40,10,,,,
Mobiles,New,Back Cover,iPhone 14 Pro Max Back Cover,,PIECES,,iPhone,6,6, VAT,5,Inclusive,35,1,,,,
Mobiles,New,Back Cover,iPhone 14 Pro Max Back Cover,,PIECES,,iPhone,6,6, VAT,5,Inclusive,30,5,,,,
Mobiles,New,Back Cover,iPhone 14 Plus Back Cover,,PIECES,,iPhone,5,5, VAT,5,Inclusive,25,2,,,,
Mobiles,New,Back Cover,iPhone 14 Plus Back Cover,,PIECES,,iPhone,5,5, VAT,5,Inclusive,25,1,,,,
Mobiles,New,Back Cover,iPhone 14 Plus Back Cover,,PIECES,,iPhone,5,5, VAT,5,Inclusive,25,1,,,,
Mobiles,New,Back Cover,iPhone 14 Plus Back Cover,,PIECES,,iPhone,6,6, VAT,5,Inclusive,30,5,,,,
Mobiles,New,Back Cover,iPhone 14 Plus Back Cover,,PIECES,,iPhone,5,5, VAT,5,Inclusive,25,1,,,,
Mobiles,New,Back Cover,iPhone 14 Plus Back Cover,,PIECES,,iPhone,6,6, VAT,5,Inclusive,25,1,,,,
Mobiles,New,Back Cover,iPhone 14 Plus Back Cover,,PIECES,,iPhone,5,5, VAT,5,Inclusive,25,1,,,,
Mobiles,New,Back Cover,iPhone 14 Plus Back Cover,,PIECES,,iPhone,6,6, VAT,5,Inclusive,20,2,,,,
Mobiles,New,Back Cover,iPhone 14 Plus Back Cover,,PIECES,,iPhone,6,6, VAT,5,Inclusive,30,1,,,,
Mobiles,New,Back Cover,iPhone 14 Plus Back Cover,,PIECES,,iPhone,6,6, VAT,5,Inclusive,30,2,,,,
Mobiles,New,Back Cover,iPhone 14 Pro Back Cover,,PIECES,,iPhone,6,6, VAT,5,Inclusive,25,1,,,,
Mobiles,New,Back Cover,iPhone 14 Pro Back Cover,,PIECES,,iPhone,10,10, VAT,5,Inclusive,35,10,,,,
Mobiles,New,Back Cover,iPhone 14 Pro Back Cover,,PIECES,,iPhone,12,12, VAT,5,Inclusive,40,1,,,,
Mobiles,New,Back Cover,iPhone 14 Pro Back Cover,,PIECES,,iPhone,10,10, VAT,5,Inclusive,35,1,,,,
Mobiles,New,Back Cover,iPhone 14 Pro Back Cover,,PIECES,,iPhone,5,5, VAT,5,Inclusive,25,1,,,,
Mobiles,New,Back Cover,iPhone 14 Pro Back Cover,,PIECES,,iPhone,5,5, VAT,5,Inclusive,25,1,,,,
Mobiles,New,Back Cover,iPhone 14 Pro Back Cover,,PIECES,,iPhone,5,5, VAT,5,Inclusive,30,2,,,,
Mobiles,New,Back Cover,iPhone 14 Pro Back Cover,,PIECES,,iPhone,5,5, VAT,5,Inclusive,30,2,,,,
Mobiles,New,Back Cover,iPhone 14 Pro Back Cover,,PIECES,,iPhone,6,6, VAT,5,Inclusive,20,5,,,,
Mobiles,New,Back Cover,iPhone 14 Pro Back Cover,,PIECES,,iPhone,10,10, VAT,5,Inclusive,60,2,,,,
Mobiles,New,Back Cover,iPhone 14 Pro Back Cover,,PIECES,,iPhone,6,6, VAT,5,Inclusive,25,8,,,,
Mobiles,New,Back Cover,iPhone 14 Pro Back Cover,,PIECES,,iPhone,6,6, VAT,5,Inclusive,35,4,,,,
Mobiles,New,Back Cover,iPhone 14 Pro Back Cover,,PIECES,,iPhone,6,6, VAT,5,Inclusive,35,4,,,,
Mobiles,New,Back Cover,iPhone 14 Pro Back Cover,,PIECES,,iPhone,6,6, VAT,5,Inclusive,35,3,,,,
Mobiles,New,Back Cover,iPhone 14 Pro Back Cover,,PIECES,,iPhone,6,6, VAT,5,Inclusive,20,5,,,,
Mobiles,New,Back Cover,iPhone 14 Back Cover,,PIECES,,iPhone,6,6, VAT,5,Inclusive,25,2,,,,
Mobiles,New,Back Cover,iPhone 14 Back Cover,,PIECES,,iPhone,6,6, VAT,5,Inclusive,30,1,,,,
Mobiles,New,Back Cover,iPhone 14 Back Cover,,PIECES,,iPhone,6,6, VAT,5,Inclusive,35,1,,,,
Mobiles,New,Back Cover,iPhone 14 Back Cover,,PIECES,,iPhone,6,6, VAT,5,Inclusive,30,1,,,,
Mobiles,New,Back Cover,iPhone 14 Back Cover,,PIECES,,iPhone,6,6, VAT,5,Inclusive,20,5,,,,
Mobiles,New,Back Cover,iPhone 14 Back Cover,,PIECES,,iPhone,6,6, VAT,5,Inclusive,25,1,,,,
Mobiles,New,Back Cover,iPhone 13 Pro Max Back Cover,,PIECES,,iPhone,6,6, VAT,5,Inclusive,25,1,,,,
Mobiles,New,Back Cover,iPhone 13 Pro Max Back Cover,,PIECES,,iPhone,6,6, VAT,5,Inclusive,60,1,,,,
Mobiles,New,Back Cover,iPhone 13 Pro Max Back Cover,,PIECES,,iPhone,6,6, VAT,5,Inclusive,50,1,,,,
Mobiles,New,Back Cover,iPhone 13 Pro Max Back Cover,,PIECES,,iPhone,6,6, VAT,5,Inclusive,25,3,,,,
Mobiles,New,Back Cover,iPhone 13 Pro Max Back Cover,,PIECES,,iPhone,15,15, VAT,5,Inclusive,60,6,,,,
Mobiles,New,Back Cover,iPhone 13 Pro Max Back Cover,,PIECES,,iPhone,6,6, VAT,5,Inclusive,30,1,,,,
Mobiles,New,Back Cover,iPhone 13 Pro Max Back Cover,,PIECES,,iPhone,5,5, VAT,5,Inclusive,20,5,,,,
Mobiles,New,Back Cover,iPhone 13 Pro Max Back Cover,,PIECES,,iPhone,6,6, VAT,5,Inclusive,20,3,,,,
Mobiles,New,Back Cover,iPhone 13 Pro Max Back Cover,,PIECES,,iPhone,5,5, VAT,5,Inclusive,25,1,,,,
Mobiles,New,Back Cover,iPhone 13 Pro Max Back Cover,,PIECES,,iPhone,5,5, VAT,5,Inclusive,30,2,,,,
Mobiles,New,Back Cover,iPhone 13 Pro Max Back Cover,,PIECES,,iPhone,6,6, VAT,5,Inclusive,30,2,,,,
Mobiles,New,Back Cover,iPhone 13 Pro Back Cover,,PIECES,,iPhone,7,7, VAT,5,Inclusive,40,6,,,,
Mobiles,New,Back Cover,iPhone 13 Pro Back Cover,,PIECES,,iPhone,5,5, VAT,5,Inclusive,20,1,,,,
Mobiles,New,Back Cover,iPhone 13 Pro Back Cover,,PIECES,,iPhone,6,6, VAT,5,Inclusive,30,1,,,,
Mobiles,New,Back Cover,iPhone 13 Pro Back Cover,,PIECES,,iPhone,6,6, VAT,5,Inclusive,25,1,,,,
Mobiles,New,Back Cover,iPhone 13 Pro Back Cover,,PIECES,,iPhone,6,6, VAT,5,Inclusive,20,3,,,,
Mobiles,New,Back Cover,iPhone 13 Pro Back Cover,,PIECES,,iPhone,6,6, VAT,5,Inclusive,25,1,,,,
Mobiles,New,Back Cover,iPhone 13 Pro Back Cover,,PIECES,,iPhone,6,6, VAT,5,Inclusive,25,6,,,,
Mobiles,New,Back Cover,iPhone 13 Pro Back Cover,,PIECES,,iPhone,6,6, VAT,5,Inclusive,25,2,,,,
Mobiles,New,Back Cover,iPhone 13 Pro Back Cover,,PIECES,,iPhone,6,6, VAT,5,Inclusive,30,4,,,,
Mobiles,New,Back Cover,iPhone 13 Pro Back Cover,,PIECES,,iPhone,6,6, VAT,5,Inclusive,25,1,,,,
Mobiles,New,Back Cover,iPhone 13 Pro Back Cover,,PIECES,,iPhone,6,6, VAT,5,Inclusive,25,1,,,,
Mobiles,New,Back Cover,iPhone 13 Pro Back Cover,,PIECES,,iPhone,6,6, VAT,5,Inclusive,25,2,,,,
Mobiles,New,Back Cover,iPhone 13 Pro Back Cover,,PIECES,,iPhone,7,7, VAT,5,Inclusive,30,1,,,,
Mobiles,New,Back Cover,iPhone 13 Back Cover,,PIECES,,iPhone,6,6, VAT,5,Inclusive,30,2,,,,
Mobiles,New,Back Cover,iPhone 13 Back Cover,,PIECES,,iPhone,6,6, VAT,5,Inclusive,25,4,,,,
Mobiles,New,Back Cover,iPhone 13 Back Cover,,PIECES,,iPhone,6,6, VAT,5,Inclusive,30,1,,,,
Mobiles,New,Back Cover,iPhone 13 Back Cover,,PIECES,,iPhone,6,6, VAT,5,Inclusive,25,11,,,,
Mobiles,New,Back Cover,iPhone 13 Back Cover,,PIECES,,iPhone,6,6, VAT,5,Inclusive,30,1,,,,
Mobiles,New,Back Cover,iPhone 13 Back Cover,,PIECES,,iPhone,6,6, VAT,5,Inclusive,30,1,,,,
Mobiles,New,Back Cover,iPhone 13 Back Cover,,PIECES,,iPhone,6,6, VAT,5,Inclusive,25,1,,,,
Mobiles,New,Back Cover,iPhone 13 Back Cover,,PIECES,,iPhone,6,6, VAT,5,Inclusive,20,2,,,,
Mobiles,New,Back Cover,iPhone 13 Back Cover,,PIECES,,iPhone,6,6, VAT,5,Inclusive,30,1,,,,
Mobiles,New,Back Cover,iPhone 13 Mini Back Cover,,PIECES,,iPhone,6,6, VAT,5,Inclusive,25,1,,,,
Mobiles,New,Back Cover,iPhone 12 Pro Max Back Cover,,PIECES,,iPhone,6,6, VAT,5,Inclusive,25,3,,,,
Mobiles,New,Back Cover,iPhone 12 Pro Max Back Cover,,PIECES,,iPhone,6,6, VAT,5,Inclusive,30,1,,,,
Mobiles,New,Back Cover,iPhone 12 Pro Max Back Cover,,PIECES,,iPhone,6,6, VAT,5,Inclusive,25,7,,,,
Mobiles,New,Back Cover,iPhone 12 Pro Max Back Cover,,PIECES,,iPhone,6,6, VAT,5,Inclusive,25,1,,,,
Mobiles,New,Back Cover,iPhone 12 Pro Max Back Cover,,PIECES,,iPhone,6,6, VAT,5,Inclusive,30,1,,,,
Mobiles,New,Back Cover,iPhone 12 Pro Max Back Cover,,PIECES,,iPhone,6,6, VAT,5,Inclusive,35,1,,,,
Mobiles,New,Back Cover,iPhone 12 Pro Max Back Cover,,PIECES,,iPhone,6,6, VAT,5,Inclusive,25,6,,,,
Mobiles,New,Back Cover,iPhone 12 Pro Max Back Cover,,PIECES,,iPhone,6,6, VAT,5,Inclusive,20,1,,,,
Mobiles,New,Back Cover,iPhone 12 Pro Max Back Cover,,PIECES,,iPhone,6,6, VAT,5,Inclusive,25,1,,,,
Mobiles,New,Back Cover,iPhone 12 Pro Back Cover,,PIECES,,iPhone,6,6, VAT,5,Inclusive,25,13,,,,
Mobiles,New,Back Cover,iPhone 12 Pro Back Cover,,PIECES,,iPhone,6,6, VAT,5,Inclusive,25,7,,,,
Mobiles,New,Back Cover,iPhone 12 Pro Back Cover,,PIECES,,iPhone,6,6, VAT,5,Inclusive,25,1,,,,
Mobiles,New,Back Cover,iPhone 12 Pro Back Cover,,PIECES,,iPhone,6,6, VAT,5,Inclusive,25,1,,,,
Mobiles,New,Back Cover,iPhone 12 Pro Back Cover,,PIECES,,iPhone,6,6, VAT,5,Inclusive,25,1,,,,
Mobiles,New,Back Cover,iPhone 12 Pro Back Cover,,PIECES,,iPhone,6,6, VAT,5,Inclusive,25,2,,,,
Mobiles,New,Back Cover,iPhone 12 Pro Back Cover,,PIECES,,iPhone,6,6, VAT,5,Inclusive,30,1,,,,
Mobiles,New,Back Cover,iPhone 12 Pro Back Cover,,PIECES,,iPhone,6,6, VAT,5,Inclusive,30,1,,,,
Mobiles,New,Back Cover,iPhone 12 Pro Back Cover,,PIECES,,iPhone,6,6, VAT,5,Inclusive,25,1,,,,
Mobiles,New,Back Cover,iPhone 12 Pro Back Cover,,PIECES,,iPhone,6,6, VAT,5,Inclusive,20,2,,,,
Mobiles,New,Back Cover,iPhone 12 Pro Back Cover,,PIECES,,iPhone,6,6, VAT,5,Inclusive,25,1,,,,
Mobiles,New,Back Cover,iPhone 12/12 Pro Back Cover,,PIECES,,iPhone,6,6, VAT,5,Inclusive,25,8,,,,
Mobiles,New,Back Cover,iPhone 12 Back Cover,,PIECES,,iPhone,6,6, VAT,5,Inclusive,25,1,,,,
Mobiles,New,Back Cover,iPhone 12 Back Cover,,PIECES,,iPhone,6,6, VAT,5,Inclusive,25,2,,,,
Mobiles,New,Back Cover,iPhone 11 Pro Max Back Cover,,PIECES,,iPhone,6,6, VAT,5,Inclusive,30,5,,,,
Mobiles,New,Back Cover,iPhone 11 Pro Max Back Cover,,PIECES,,iPhone,6,6, VAT,5,Inclusive,25,3,,,,
Mobiles,New,Back Cover,iPhone 11 Pro Max Back Cover,,PIECES,,iPhone,6,6, VAT,5,Inclusive,25,1,,,,
Mobiles,New,Back Cover,iPhone 11 Pro Max Back Cover,,PIECES,,iPhone,6,6, VAT,5,Inclusive,20,2,,,,
Mobiles,New,Back Cover,iPhone 11 Pro Max Back Cover,,PIECES,,iPhone,6,6, VAT,5,Inclusive,25,1,,,,
Mobiles,New,Back Cover,iPhone 11 Pro Max Back Cover,,PIECES,,iPhone,6,6, VAT,5,Inclusive,20,1,,,,
Mobiles,New,Back Cover,iPhone 11 Pro Max Back Cover,,PIECES,,iPhone,6,6, VAT,5,Inclusive,25,3,,,,
Mobiles,New,Back Cover,iPhone 11 Pro Max Back Cover,,PIECES,,iPhone,6,6, VAT,5,Inclusive,25,8,,,,
Mobiles,New,Back Cover,iPhone 11 Pro Max Back Cover,,PIECES,,iPhone,6,6, VAT,5,Inclusive,25,2,,,,
Mobiles,New,Back Cover,iPhone 11 Pro Max Back Cover,,PIECES,,iPhone,6,6, VAT,5,Inclusive,30,2,,,,
Mobiles,New,Back Cover,iPhone 11 Pro Max Back Cover,,PIECES,,iPhone,6,6, VAT,5,Inclusive,25,2,,,,
Mobiles,New,Back Cover,iPhone 11 Pro Back Cover,,PIECES,,iPhone,6,6, VAT,5,Inclusive,25,5,,,,
Mobiles,New,Back Cover,iPhone 11 Pro Back Cover,,PIECES,,iPhone,6,6, VAT,5,Inclusive,30,6,,,,
Mobiles,New,Back Cover,iPhone 11 Pro Back Cover,,PIECES,,iPhone,6,6, VAT,5,Inclusive,25,1,,,,
Mobiles,New,Back Cover,iPhone 11 Pro Back Cover,,PIECES,,iPhone,6,6, VAT,5,Inclusive,25,3,,,,
Mobiles,New,Back Cover,iPhone 11 Pro Back Cover,,PIECES,,iPhone,6,6, VAT,5,Inclusive,25,1,,,,
Mobiles,New,Back Cover,iPhone 11 Pro Back Cover,,PIECES,,iPhone,6,6, VAT,5,Inclusive,20,1,,,,
Mobiles,New,Back Cover,iPhone 11 Pro Back Cover,,PIECES,,iPhone,6,6, VAT,5,Inclusive,20,1,,,,
Mobiles,New,Back Cover,iPhone 11 Pro Back Cover,,PIECES,,iPhone,6,6, VAT,5,Inclusive,30,2,,,,
Mobiles,New,Back Cover,iPhone 11 Pro Back Cover,,PIECES,,iPhone,6,6, VAT,5,Inclusive,20,1,,,,
Mobiles,New,Back Cover,iPhone 11 Pro Back Cover,,PIECES,,iPhone,6,6, VAT,5,Inclusive,30,3,,,,
Mobiles,New,Back Cover,iPhone 11 Back Cover,,PIECES,,iPhone,6,6, VAT,5,Inclusive,25,1,,,,
Mobiles,New,Back Cover,iPhone XS Max Back Cover,,PIECES,,iPhone,6,6,VAT,5,Inclusive,20,2,,,,
Mobiles,New,Back Cover,iPhone XS Max Back Cover,,PIECES,,iPhone,6,6,VAT,5,Inclusive,20,5,,,,
Mobiles,New,Back Cover,iPhone XS Max Back Cover,,PIECES,,iPhone,6,6, VAT,5,Inclusive,20,1,,,,
Mobiles,New,Back Cover,iPhone XS Max Back Cover,,PIECES,,iPhone,6,6, VAT,5,Inclusive,25,1,,,,
Mobiles,New,Back Cover,iPhone XS Max Back Cover,,PIECES,,iPhone,6,6, VAT,5,Inclusive,20,6,,,,
Mobiles,New,Back Cover,iPhone XS Max Back Cover,,PIECES,,iPhone,6,6, VAT,5,Inclusive,30,1,,,,
Mobiles,New,Back Cover,iPhone XR Back Cover,,PIECES,,iPhone,6,6, VAT,5,Inclusive,25,1,,,,
Mobiles,New,Back Cover,iPhone XR Back Cover,,PIECES,,iPhone,6,6, VAT,5,Inclusive,30,2,,,,
Mobiles,New,Back Cover,iPhone XR Back Cover,,PIECES,,iPhone,6,6, VAT,5,Inclusive,20,2,,,,
Mobiles,New,Back Cover,iPhone XR Back Cover,,PIECES,,iPhone,6,6, VAT,5,Inclusive,25,1,,,,
Mobiles,New,Back Cover,iPhone XR Back Cover,,PIECES,,iPhone,6,6, VAT,5,Inclusive,25,1,,,,
Mobiles,New,Back Cover,iPhone X / XS Back Cover,,PIECES,,iPhone,6,6, VAT,5,Inclusive,25,2,,,,
Mobiles,New,Back Cover,iPhone X / XS Back Cover,,PIECES,,iPhone,6,6, VAT,5,Inclusive,30,1,,,,
Mobiles,New,Back Cover,iPhone X / XS Back Cover,,PIECES,,iPhone,7,7, VAT,5,Inclusive,25,4,,,,
Mobiles,New,Back Cover,iPhone X / XS Back Cover,,PIECES,,iPhone,5,5,VAT,5,Inclusive,20,1,,,,
Mobiles,New,Back Cover,iPhone 7 Plus Back Cover,,PIECES,,iPhone,5,5,VAT,5,Inclusive,20,5,,,,
Mobiles,New,Back Cover,iPhone 7 Plus Back Cover,,PIECES,,iPhone,5,5, VAT,5,Inclusive,20,2,,,,
Mobiles,New,Back Cover,iPhone 7 Plus Back Cover,,PIECES,,iPhone,5,5, VAT,5,Inclusive,20,1,,,,
Mobiles,New,Back Cover,iPhone 7 Plus Back Cover,,PIECES,,iPhone,5,5, VAT,5,Inclusive,20,1,,,,
Mobiles,New,Back Cover,iPhone 7 Plus Back Cover,,PIECES,,iPhone,5,5, VAT,5,Inclusive,20,1,,,,
Mobiles,New,Back Cover,iPhone 7 Back Cover,,PIECES,,iPhone,5,5, VAT,5,Inclusive,20,6,,,,
Mobiles,New,Back Cover,iPhone 7 Back Cover,,PIECES,,iPhone,5,5, VAT,5,Inclusive,20,1,,,,
Mobiles,New,Back Cover,iPhone 7 Back Cover,,PIECES,,iPhone,5,5, VAT,5,Inclusive,20,2,,,,
Mobiles,New,Back Cover,iPhone 7 Back Cover,,PIECES,,iPhone,5,5, VAT,5,Inclusive,20,2,,,,
Mobiles,New,Back Cover,iPhone 7 Back Cover,,PIECES,,iPhone,5,5, VAT,5,Inclusive,20,1,,,,
Mobiles,New,Back Cover,iPhone 6 Plus Back Cover,,PIECES,,iPhone,5,5, VAT,5,Inclusive,20,4,,,,
Mobiles,New,Back Cover,iPhone 6 Plus Back Cover,,PIECES,,iPhone,5,5, VAT,5,Inclusive,25,1,,,,
Mobiles,New,Back Cover,iPhone 6G / 6S Back Cover,,PIECES,,iPhone,6,6, VAT,5,Inclusive,20,2,,,,
Mobiles,New,Back Cover,iPhone 6G / 6S Back Cover,,PIECES,,iPhone,6,6,VAT,5,Inclusive,20,4,,,,
Mobiles,New,Back Cover,iPhone 6G / 6S Back Cover,,PIECES,,iPhone,6,6,VAT,5,Inclusive,20,3,,,,
Mobiles,New,Back Cover,iPhone 6G / 6S Back Cover,,PIECES,,iPhone,6,6,VAT,5,Inclusive,25,2,,,,
